id,vendor_id,pickup_datetime,dropoff_datetime,passenger_count,pickup_longitude,pickup_latitude,dropoff_longitude,dropoff_latitude,store_and_fwd_flag,trip_duration,distance_km,pickup_hour
id0986018,2,2016-01-10 00:42:13,2016-01-10 00:50:41,1,-73.99723815917967,40.72193145751953,-73.9850082397461,40.724369049072266,N,508,1.0741785373857367,0
id0792205,1,2016-02-21 00:19:24,2016-02-21 00:20:40,3,-73.98759460449217,40.728679656982415,-73.9883270263672,40.727760314941406,N,76,0.11953817553097627,0
id2497141,1,2016-04-29 00:21:33,2016-04-29 00:32:39,1,-73.77677917480467,40.64538192749024,-73.81594085693358,40.70069122314453,N,666,6.983689927265362,0
id2041378,2,2016-06-16 00:40:46,2016-06-16 00:45:44,1,-73.9823989868164,40.74264907836913,-73.97171020507811,40.75484848022461,N,298,1.6306852763524802,0
id1932583,1,2016-05-06 00:58:03,2016-05-06 01:35:41,2,-73.98226928710938,40.746185302734375,-73.9732666015625,40.59685134887695,N,2258,16.593722721602948,0
id3944340,1,2016-04-20 00:09:21,2016-04-20 00:26:12,1,-73.97970581054686,40.776172637939446,-74.01412200927734,40.7169189453125,N,1011,7.198393019889269,0
id1242682,1,2016-02-02 00:27:51,2016-02-02 00:41:02,1,-73.97505187988281,40.75138854980469,-73.96244812011719,40.71263122558594,N,791,4.433449176183051,0
id1038955,2,2016-02-21 00:56:45,2016-02-21 01:07:55,1,-73.98313140869139,40.7258415222168,-74.00240325927734,40.734390258789055,N,670,1.8930993786357297,0
id1574140,1,2016-06-04 00:06:10,2016-06-04 00:14:43,1,-73.98992919921875,40.72028350830078,-74.01250457763672,40.7015495300293,N,513,2.8295594702659828,0
id1085569,2,2016-04-30 00:38:37,2016-04-30 00:54:01,1,-73.98654174804686,40.72222137451172,-73.97860717773438,40.75215530395508,N,924,3.3904244165078876,0
id0536479,1,2016-04-03 00:37:08,2016-04-03 00:50:21,2,-73.99565887451173,40.76461410522461,-73.9853286743164,40.74741363525391,N,793,2.101486502900932,0
id0003676,2,2016-02-14 00:57:51,2016-02-14 01:34:37,1,-74.00528717041014,40.728221893310554,-73.8455581665039,40.85110092163086,N,2206,19.24504912662883,0
id3513651,2,2016-03-27 00:23:03,2016-03-27 00:32:54,2,-73.99759674072266,40.72093200683594,-73.98026275634764,40.722198486328125,N,591,1.4800799628838774,0
id3944153,1,2016-04-27 00:59:57,2016-04-27 01:03:06,1,-73.98422241210938,40.76404571533203,-73.98208618164062,40.76456069946289,N,189,0.19036486883491707,0
id1172470,1,2016-02-20 00:51:53,2016-02-20 01:29:02,1,-73.98567962646483,40.74702072143555,-73.98316955566406,40.696903228759766,N,2229,5.567131541635677,0
id3377491,2,2016-02-20 00:27:48,2016-02-20 00:32:04,2,-73.9952621459961,40.72859954833984,-74.0026092529297,40.73023986816406,N,256,0.6505050695433182,0
id0007733,1,2016-06-02 00:02:55,2016-06-02 00:13:08,1,-74.0043716430664,40.74243927001953,-73.98030853271484,40.74267959594727,N,613,2.045538331336029,0
id1486603,2,2016-05-29 00:21:30,2016-05-29 00:24:09,1,-73.96787261962889,40.75984954833984,-73.96086883544923,40.769916534423835,N,159,1.266123955246655,0
id0020755,2,2016-05-28 00:25:09,2016-05-28 00:34:54,1,-73.98583221435547,40.756568908691406,-73.97882843017578,40.762149810791016,N,585,0.8591644245948378,0
id2014144,2,2016-06-11 00:48:08,2016-06-11 00:55:13,1,-73.99417877197266,40.76155090332031,-73.97789001464844,40.75365829467773,N,425,1.638437827277615,0
id1793376,1,2016-01-16 00:09:20,2016-01-16 00:16:42,1,-73.9994125366211,40.719486236572266,-74.01174163818358,40.70790863037109,N,442,1.658242283003255,0
id1664102,1,2016-01-09 00:34:50,2016-01-09 00:41:38,1,-73.99759674072266,40.726016998291016,-73.98744201660156,40.73868560791016,N,408,1.6499918493524575,0
id3433646,2,2016-02-16 00:02:36,2016-02-16 00:05:13,1,-73.98056030273438,40.77996063232422,-73.97241973876953,40.78657150268555,N,157,1.008595106359395,0
id1255824,2,2016-01-07 00:09:58,2016-01-07 00:11:33,1,-74.00971984863281,40.70370101928711,-74.00937652587889,40.706390380859375,N,95,0.29994214131141805,0
id3401549,1,2016-06-13 00:24:41,2016-06-13 00:42:46,1,-73.98589324951173,40.74892425537109,-74.01121520996092,40.71637725830078,N,1085,4.205282858210787,0
id1491602,1,2016-04-29 00:08:14,2016-04-29 00:10:23,1,-73.98844909667967,40.76408767700195,-73.99246978759764,40.75856018066406,N,129,0.7023141744463732,0
id2337945,2,2016-05-18 00:03:52,2016-05-18 00:25:33,2,-73.87303924560547,40.77407455444336,-74.00420379638672,40.68242645263672,N,1301,15.09266712827169,0
id2844202,2,2016-05-13 00:16:56,2016-05-13 00:25:45,1,-73.98796844482422,40.7543830871582,-73.98444366455078,40.73775100708008,N,529,1.8703138709287352,0
id3499644,2,2016-01-20 00:40:35,2016-01-20 00:51:05,5,-73.95069885253906,40.779258728027344,-73.9583511352539,40.80086898803711,N,630,2.485362259476079,0
id3138428,1,2016-01-01 00:36:00,2016-01-01 00:41:30,3,-73.96227264404298,40.76643371582031,-73.94763946533203,40.781108856201165,N,330,2.049520940782179,0
id3918141,2,2016-04-12 00:17:55,2016-04-12 00:24:48,1,-73.96118927001953,40.81201171875,-73.97229766845702,40.78664016723633,N,413,2.970313124492342,0
id0101638,2,2016-06-19 00:14:24,2016-06-19 00:17:15,1,-73.98351287841797,40.730178833007805,-73.98306274414062,40.73500442504882,N,171,0.5370055055563435,0
id3683348,1,2016-06-17 00:57:01,2016-06-17 00:58:33,1,-73.99100494384764,40.750091552734375,-73.98801422119139,40.74813461303711,N,92,0.33437719794973836,0
id2280763,2,2016-05-06 00:29:41,2016-05-06 00:34:17,2,-73.93512725830078,40.693256378173835,-73.93443298339844,40.67956161499024,N,276,1.521263777329204,0
id1923059,1,2016-01-16 00:08:46,2016-01-16 00:30:02,4,-73.98712921142578,40.73350524902344,-73.99668884277344,40.7205467224121,N,1276,1.6520448520187687,0
id0935321,1,2016-04-16 00:10:32,2016-04-16 00:16:06,1,-73.98577880859375,40.722923278808594,-73.98462677001953,40.733154296875,N,334,1.1398570104100407,0
id3015610,1,2016-02-27 00:50:53,2016-02-27 01:15:18,2,-73.98397064208984,40.76100158691406,-73.9657211303711,40.80535507202149,N,1465,5.161831927646393,0
id3352610,2,2016-02-16 00:34:15,2016-02-16 00:42:45,1,-73.98114013671875,40.762989044189446,-73.95197296142578,40.769561767578125,N,510,2.5843292094997676,0
id1090946,2,2016-06-14 00:49:16,2016-06-14 01:24:24,1,-73.78206634521484,40.64461135864258,-73.98834991455078,40.7592887878418,N,2108,21.66742204387068,0
id2538442,1,2016-02-21 00:02:13,2016-02-21 00:18:02,3,-73.98978424072266,40.729793548583984,-73.97269439697266,40.756290435791016,N,949,3.280326677599344,0
id1274394,2,2016-03-29 00:51:37,2016-03-29 01:06:21,1,-73.87093353271484,40.77376174926758,-73.95097351074217,40.77066040039063,N,884,6.812102026562256,0
id0521101,2,2016-01-23 00:47:02,2016-01-23 00:54:48,1,-73.98801422119139,40.738956451416016,-73.99948120117188,40.72714614868164,N,466,1.6335850628080224,0
id3225168,2,2016-04-04 00:24:25,2016-04-04 00:37:14,5,-73.99352264404298,40.76213836669922,-73.99191284179686,40.759380340576165,N,769,0.33532905120414386,0
id2166700,1,2016-06-25 00:17:29,2016-06-25 00:35:28,1,-73.9896011352539,40.72555160522461,-73.99202728271484,40.68966674804688,N,1079,3.988553936511559,0
id2767703,2,2016-04-09 00:34:03,2016-04-09 00:42:52,1,-73.9942626953125,40.71984100341797,-74.00005340576173,40.7285385131836,N,529,1.083657585564643,0
id2953148,2,2016-04-24 00:26:19,2016-04-24 00:29:32,2,-73.99974822998048,40.733211517333984,-73.99559020996092,40.74100875854492,N,193,0.9348761636118451,0
id3487391,1,2016-04-30 00:52:23,2016-04-30 00:59:35,1,-73.98303985595702,40.76894378662109,-74.00214385986328,40.74530029296875,N,432,3.0861754125863547,0
id2352816,1,2016-01-31 00:38:27,2016-01-31 00:46:20,1,-73.96485900878906,40.80267333984375,-73.98055267333984,40.78246688842773,N,473,2.609621794848881,0
id2222541,2,2016-03-12 00:56:49,2016-03-12 01:24:29,6,-73.98672485351561,40.737918853759766,-73.99105072021484,40.6627197265625,N,1660,8.355197950317846,0
id3752652,1,2016-06-10 00:29:15,2016-06-10 01:06:43,5,-73.77672576904298,40.645374298095696,-73.97923278808595,40.76214218139648,N,2248,21.547257577955115,0
id0155644,1,2016-01-23 00:46:56,2016-01-23 00:53:45,1,-73.99205780029298,40.73042678833008,-73.97797393798828,40.72543716430664,N,409,1.319039066616734,0
id1188868,2,2016-06-22 00:19:50,2016-06-22 00:46:01,1,-74.0023193359375,40.73963165283203,-73.91878509521484,40.83861541748047,N,1571,13.081832665440594,0
id2894815,2,2016-04-04 00:26:54,2016-04-04 00:34:40,6,-73.98027801513672,40.748348236083984,-73.9609832763672,40.77766036987305,N,466,3.6436233339982462,0
id1907361,2,2016-04-29 00:31:22,2016-04-29 00:59:30,1,-73.95298767089844,40.76677322387695,-73.83613586425781,40.7176628112793,N,1688,11.329996926129102,0
id0890399,1,2016-06-24 00:29:31,2016-06-24 00:34:37,4,-73.93487548828125,40.69678497314453,-73.94383239746092,40.683067321777344,N,306,1.7023882646335131,0
id1337766,2,2016-03-08 00:10:18,2016-03-08 00:27:17,2,-73.98675537109375,40.71605682373047,-73.95951080322266,40.762821197509766,N,1019,5.683990869355774,0
id3909030,2,2016-03-19 00:23:56,2016-03-19 00:38:40,1,-73.98990631103516,40.73527908325195,-74.00518798828125,40.7398796081543,N,884,1.395716178995078,0
id0818104,1,2016-05-02 00:15:07,2016-05-02 00:34:12,1,-73.87239837646483,40.7741584777832,-73.99986267089844,40.761566162109375,N,1145,10.924254171586998,0
id1015158,2,2016-04-24 00:30:08,2016-04-24 00:38:31,2,-73.99005889892578,40.76068878173828,-73.97315979003906,40.76375961303711,N,503,1.4763135613312952,0
id1902777,2,2016-06-18 00:19:16,2016-06-18 00:28:16,2,-74.00851440429686,40.70266342163086,-73.97593688964845,40.7305793762207,N,540,4.155672532021802,0
id1261399,2,2016-02-23 00:14:54,2016-02-23 00:25:37,1,-73.96329498291014,40.76897811889648,-73.99356842041014,40.72915649414063,N,643,5.114659956545946,0
id1007151,1,2016-05-19 00:09:14,2016-05-19 00:14:39,1,-73.98690795898438,40.69403076171875,-73.96870422363281,40.69258880615234,N,325,1.555573760993839,0
id3976416,1,2016-05-18 00:43:33,2016-05-18 01:30:22,1,-73.99784088134764,40.74116134643555,-74.03663635253906,40.72083282470703,N,2809,3.9957356566441082,0
id3814871,2,2016-04-24 00:24:57,2016-04-24 00:53:54,1,-74.0012435913086,40.7312126159668,-73.97708129882812,40.683380126953125,N,1737,5.692790913252625,0
id3813450,2,2016-05-15 00:34:17,2016-05-15 00:41:33,1,-73.9996566772461,40.74356842041016,-73.99468994140625,40.765789031982415,N,436,2.502357317292263,0
id2636011,1,2016-03-04 00:07:25,2016-03-04 00:25:23,1,-73.98729705810547,40.72246551513672,-73.99526977539062,40.74906539916992,N,1078,3.02936003846392,0
id1185320,1,2016-04-24 00:55:18,2016-04-24 01:03:59,1,-73.9749298095703,40.73418426513672,-73.98519897460938,40.71910858154297,N,521,1.8873760355604103,0
id3214166,2,2016-06-10 00:07:08,2016-06-10 00:32:11,1,-73.86263275146483,40.76893615722656,-73.98342895507811,40.76273727416992,N,1503,10.290706773183652,0
id3692648,1,2016-05-08 00:31:17,2016-05-08 00:42:12,2,-73.94538116455078,40.75080490112305,-73.89302062988281,40.742691040039055,N,655,4.540858370978579,0
id0370417,2,2016-01-10 00:25:45,2016-01-10 00:33:26,1,-73.95594787597656,40.779651641845696,-73.9593276977539,40.80117034912109,N,461,2.40579099635945,0
id0296604,1,2016-06-28 00:17:34,2016-06-28 00:31:31,2,-73.99282836914062,40.73383712768555,-73.95140838623048,40.77421188354492,N,837,5.699126073546985,0
id2395631,1,2016-06-19 00:59:39,2016-06-19 01:05:02,1,-73.97766876220702,40.75431442260742,-73.98358917236328,40.7436408996582,N,323,1.2872078569416259,0
id1450467,2,2016-06-23 00:16:59,2016-06-23 00:33:52,5,-73.98682403564453,40.73940658569336,-73.9843521118164,40.783199310302734,N,1013,4.865531329055391,0
id1934907,1,2016-02-12 00:12:51,2016-02-12 00:28:25,4,-74.0072250366211,40.70423889160156,-74.00237274169923,40.739421844482415,N,934,3.9270268284129215,0
id1609378,2,2016-03-11 00:09:28,2016-03-11 00:17:39,1,-73.99121856689453,40.75040054321289,-73.97380065917967,40.75041961669922,N,491,1.4805236695367596,0
id3544197,2,2016-04-20 00:27:52,2016-04-20 01:06:43,2,-73.9713134765625,40.758148193359375,-73.91716766357422,40.637859344482415,N,2331,14.123016574301339,0
id1474930,2,2016-01-03 00:49:19,2016-01-03 00:53:04,1,-73.9964370727539,40.72380828857422,-73.98835754394531,40.73741149902344,N,225,1.658796984525788,0
id0800238,1,2016-02-15 00:13:58,2016-02-15 00:20:23,1,-73.95894622802734,40.70916748046875,-73.99137115478516,40.71759033203125,N,385,2.910377467191339,0
id0359531,2,2016-05-30 00:19:10,2016-05-30 00:40:20,1,-73.96675872802734,40.80431365966797,-74.00360870361328,40.7263069152832,N,1270,9.207871895447829,0
id0950724,1,2016-01-18 00:18:31,2016-01-18 00:34:08,1,-74.00557708740233,40.70841598510742,-73.9482192993164,40.717239379882805,N,937,4.972812099516825,0
id1778455,1,2016-05-06 00:35:43,2016-05-06 01:31:56,1,-73.99260711669923,40.76345443725586,-73.94055938720702,40.851421356201165,N,3373,10.719812579916544,0
id2994059,1,2016-06-18 00:11:13,2016-06-18 00:30:13,1,-73.99591064453125,40.73876953125,-73.95502471923827,40.78844833374024,N,1140,6.518110089452272,0
id0654980,2,2016-04-21 00:45:08,2016-04-21 00:49:24,1,-73.98280334472656,40.76681900024414,-73.97846221923827,40.783069610595696,N,256,1.841172526839538,0
id1861055,1,2016-02-13 00:20:24,2016-02-13 00:23:51,1,-73.99065399169923,40.71858215332031,-73.99229431152342,40.72509765625,N,207,0.7365380519218803,0
id2675893,1,2016-06-25 00:12:24,2016-06-25 00:18:48,1,-73.99032592773438,40.73702239990234,-73.98180389404298,40.73903274536133,N,384,0.7579651905353401,0
id2866864,2,2016-06-25 00:26:59,2016-06-25 00:47:39,1,-73.9564208984375,40.76726150512695,-73.99085998535155,40.75067901611328,N,1240,3.457923062259182,0
id1721851,1,2016-04-11 00:26:39,2016-04-11 00:34:36,1,-73.99433135986328,40.75084686279297,-73.97520446777344,40.75870132446289,N,477,1.8448018021466601,0
id0108520,1,2016-01-12 00:53:31,2016-01-12 00:53:49,1,-73.80080413818358,40.712677001953125,-73.80080413818358,40.712677001953125,N,18,0.0,0
id2638951,2,2016-01-31 00:02:47,2016-01-31 00:19:44,1,-73.96017456054686,40.769798278808594,-73.97801208496092,40.726875305175774,N,1017,4.999881531432114,0
id2897292,1,2016-03-18 00:07:08,2016-03-18 00:15:29,1,-73.99352264404298,40.721336364746094,-74.00330352783203,40.74015045166016,N,501,2.2477649604963292,0
id1914677,1,2016-06-27 00:29:59,2016-06-27 00:53:19,1,-74.0052719116211,40.72164916992188,-73.9548568725586,40.77133560180664,N,1400,6.98433779750229,0
id1330559,1,2016-01-07 00:08:53,2016-01-07 00:08:57,1,-74.01005554199219,40.72029113769531,-74.01011657714845,40.720001220703125,N,4,0.03259629148453452,0
id0043064,2,2016-03-27 00:18:45,2016-03-27 00:39:31,2,-73.98779296875,40.73841094970703,-73.93968963623048,40.7515983581543,N,1246,4.342909838456886,0
id2025651,2,2016-01-01 00:41:17,2016-01-01 00:45:25,1,-73.81986236572266,40.76737594604492,-73.95566558837889,40.76928329467773,N,248,11.545215306025057,0
id2198181,2,2016-02-11 00:02:27,2016-02-11 00:21:21,1,-73.98509216308595,40.72393798828125,-73.93099975585938,40.75715637207031,N,1134,5.893726351000046,0
id3876532,2,2016-06-12 00:36:34,2016-06-12 00:53:11,1,-73.98953247070312,40.719085693359375,-73.9942626953125,40.76116943359375,N,997,4.688566740766234,0
id0753058,2,2016-02-28 00:09:32,2016-02-28 00:25:27,1,-74.007080078125,40.7330207824707,-73.9891586303711,40.7187385559082,N,955,2.1985848425530485,0
id0839380,2,2016-05-31 00:11:37,2016-05-31 00:15:54,2,-73.95185852050781,40.76945114135742,-73.9617462158203,40.76839065551758,N,257,0.8486575668246925,0
id2509619,2,2016-05-06 00:50:22,2016-05-06 00:56:34,1,-73.98542022705078,40.741458892822266,-73.98706817626953,40.75611114501953,N,372,1.6324209436541608,0
id3951532,1,2016-04-22 00:05:52,2016-04-22 00:16:59,2,-73.99253845214845,40.71424865722656,-73.98223876953125,40.740188598632805,N,667,3.0094873973455876,0
id0674473,1,2016-03-24 00:33:47,2016-03-24 00:41:47,1,-73.97589874267578,40.7583122253418,-73.95067596435547,40.77492904663086,N,480,2.8281657239217233,0
id2801217,1,2016-05-02 00:51:15,2016-05-02 01:03:42,1,-73.9865493774414,40.75597381591797,-74.01346588134764,40.70246887207031,N,747,6.3644952373839105,0
id0177210,2,2016-01-01 00:13:37,2016-01-01 00:34:17,1,-73.9827423095703,40.777446746826165,-73.92208099365233,40.76616668701172,N,1240,5.306057069601914,0
id3766742,1,2016-04-02 00:57:46,2016-04-02 01:06:25,1,-74.00375366210938,40.74178314208984,-73.97896575927734,40.752403259277344,N,519,2.4143274791365785,0
id2149748,2,2016-01-29 00:04:21,2016-01-29 00:35:35,1,-73.99884796142578,40.76385116577149,-74.06006622314453,41.012725830078125,N,1874,28.110895192292116,0
id1246370,2,2016-03-18 00:16:59,2016-03-18 00:23:59,2,-74.00211334228516,40.72991561889648,-73.98287963867188,40.726863861083984,N,420,1.6695901269492686,0
id2789868,2,2016-05-27 00:04:54,2016-05-27 00:17:51,1,-73.98171997070312,40.73252868652344,-73.9937973022461,40.75654983520508,N,777,2.857142192216972,0
id0401259,2,2016-06-07 00:21:06,2016-06-07 00:25:42,4,-73.9806900024414,40.7607307434082,-73.982177734375,40.76557159423828,N,276,0.5520142477971223,0
id1316845,2,2016-05-27 00:59:20,2016-05-27 01:05:10,1,-73.99748229980467,40.744911193847656,-73.98808288574217,40.75947952270508,N,350,1.8036861437053922,0
id2254187,2,2016-06-30 00:30:36,2016-06-30 00:48:57,2,-73.9765625,40.78808975219727,-73.91255187988281,40.87583923339844,N,1101,11.156826186148896,0
id0368243,2,2016-05-26 00:06:34,2016-05-26 00:30:39,1,-73.99581909179686,40.72482681274414,-73.94841003417967,40.774173736572266,N,1445,6.80015773980093,0
id2826465,2,2016-03-31 00:04:17,2016-03-31 00:11:31,1,-73.99227905273438,40.72584915161133,-73.97799682617188,40.72515869140625,N,434,1.2164060891212822,0
id3165016,1,2016-05-01 00:54:31,2016-05-01 01:05:15,1,-73.94148254394531,40.68577194213867,-73.95087432861328,40.666213989257805,N,644,2.313057433347832,0
id0974331,1,2016-05-24 00:38:16,2016-05-24 00:50:23,2,-74.00071716308595,40.730781555175774,-73.98481750488281,40.76844024658203,N,727,4.393157521854107,0
id0857973,2,2016-02-11 00:46:15,2016-02-11 01:12:53,5,-73.98836517333984,40.73462677001953,-73.93867492675781,40.84001541137695,N,1598,12.437276908482483,0
id3766468,2,2016-04-09 00:31:35,2016-04-09 01:01:40,2,-73.94750213623048,40.7905387878418,-73.99330139160156,40.700626373291016,N,1805,10.712651654028592,0
id2398561,2,2016-01-17 00:10:26,2016-01-17 00:22:40,1,-73.99402618408203,40.74113082885742,-73.97894287109375,40.77662658691406,N,734,4.143375785172887,0
id3075016,2,2016-01-26 00:59:13,2016-01-26 01:05:53,1,-73.9875259399414,40.75527572631836,-73.97743225097656,40.75188827514648,N,400,0.9367405179713895,0
id0342608,1,2016-05-24 00:42:22,2016-05-24 00:50:45,1,-73.96048736572266,40.65822219848633,-73.94786071777344,40.63289642333984,N,503,3.009073665197187,0
id3613133,2,2016-02-20 00:43:20,2016-02-20 00:58:57,5,-73.78183746337889,40.64474105834961,-73.8451919555664,40.7158088684082,N,937,9.551361253918063,0
id3529748,2,2016-02-16 00:35:42,2016-02-16 00:48:32,2,-74.0082015991211,40.74040985107422,-73.9877700805664,40.72113037109375,N,770,2.7560387454864532,0
id1510140,2,2016-04-19 00:21:45,2016-04-19 00:31:24,5,-73.98661041259764,40.7615966796875,-73.99615478515625,40.743499755859375,N,579,2.1663962265142427,0
id2169701,2,2016-06-03 00:49:19,2016-06-03 00:55:47,1,-73.9720001220703,40.75397872924805,-73.9482879638672,40.78302001953125,N,388,3.801823754799464,0
id1501149,2,2016-05-17 00:23:11,2016-05-17 00:31:07,1,-73.98623657226561,40.72801971435546,-73.97042846679686,40.74909973144531,N,476,2.6982489370009795,0
id3458500,2,2016-02-25 00:28:55,2016-02-25 00:32:56,2,-73.97882843017578,40.74515151977539,-73.98885345458984,40.748638153076165,N,241,0.9358964504416072,0
id1829692,1,2016-05-03 00:47:05,2016-05-03 00:53:41,1,-73.98020935058595,40.75093460083008,-73.96138000488281,40.759986877441406,N,396,1.8897647338622205,0
id2165376,1,2016-05-10 00:18:06,2016-05-10 00:23:28,1,-74.00164031982422,40.7411003112793,-73.98141479492188,40.75111770629882,N,322,2.047421397725359,0
id1383252,2,2016-01-14 00:37:21,2016-01-14 00:49:00,4,-74.00088500976561,40.73090362548828,-73.99113464355469,40.77483367919922,N,699,4.946165718440332,0
id3159212,2,2016-02-15 00:13:03,2016-02-15 00:33:34,1,-73.96040344238281,40.76226043701172,-73.88230895996092,40.73054504394531,N,1231,7.513769530638915,0
id0344508,2,2016-06-04 00:32:51,2016-06-04 00:39:53,1,-73.98886108398438,40.744510650634766,-74.00027465820312,40.734050750732415,N,422,1.5130211285209545,0
id1720100,2,2016-03-12 00:51:42,2016-03-12 00:56:49,4,-73.96446228027344,40.80744552612305,-73.96998596191406,40.79547882080078,N,307,1.4088416125299004,0
id1794478,2,2016-01-06 00:59:45,2016-01-06 01:10:58,1,-73.99175262451173,40.71487045288086,-73.99070739746092,40.687599182128906,N,673,3.028414542222104,0
id1291489,2,2016-02-17 00:38:35,2016-02-17 00:48:59,3,-73.98589324951173,40.765438079833984,-73.9666748046875,40.76145553588867,N,624,1.6923247135359178,0
id2819030,1,2016-06-16 00:04:27,2016-06-16 00:36:29,1,-73.7879180908203,40.64152526855469,-73.98424530029298,40.75991439819336,N,1922,21.240858267292914,0
id2322452,1,2016-05-05 00:45:41,2016-05-05 00:53:04,1,-73.99234008789062,40.74518585205078,-74.00157928466798,40.73942947387695,N,443,1.012429363822201,0
id1606724,2,2016-02-19 00:12:45,2016-02-19 00:38:45,1,-73.78961944580078,40.64715576171875,-73.9521942138672,40.80809783935546,N,1560,22.585474198243347,0
id2662918,1,2016-06-04 00:56:29,2016-06-04 01:29:26,1,-73.98258209228516,40.7677116394043,-73.94062042236328,40.69256591796875,N,1977,9.071761118703293,0
id0227086,2,2016-02-03 00:17:53,2016-02-03 00:31:17,1,-73.97545623779298,40.75104904174805,-73.97836303710938,40.78849029541016,N,804,4.163317218107521,0
id3258448,1,2016-03-05 00:00:57,2016-03-05 00:15:41,1,-73.97854614257811,40.72416305541992,-73.97911834716798,40.756053924560554,N,884,3.5402205932466297,0
id3311989,1,2016-02-08 00:45:18,2016-02-08 00:56:36,2,-73.97592163085938,40.748809814453125,-73.97857666015625,40.7774543762207,N,678,3.187545350395918,0
id3694932,1,2016-04-23 00:14:21,2016-04-23 00:31:48,1,-73.98572540283203,40.7587776184082,-73.99198150634764,40.7451286315918,N,1047,1.6056515166052483,0
id0410181,2,2016-05-06 00:01:40,2016-05-06 01:34:28,1,-74.00950622558595,40.703739166259766,-73.93643188476561,40.85309982299805,N,5568,17.704372769883648,0
id1912291,2,2016-02-24 00:34:53,2016-02-24 00:47:13,6,-73.86283874511719,40.76911163330078,-73.94255065917967,40.72103118896485,N,740,8.624986195046981,0
id3222454,1,2016-05-14 00:34:25,2016-05-14 00:41:54,1,-73.98564147949219,40.75521087646485,-73.9740982055664,40.755470275878906,N,449,0.9816006726392057,0
id0054728,2,2016-05-19 00:16:30,2016-05-19 00:40:54,1,-73.96588134765625,40.76204299926758,-73.85773468017578,40.72286605834961,N,1464,10.169174911584651,0
id0012401,1,2016-04-24 00:14:24,2016-04-24 00:39:42,1,-73.9886703491211,40.763870239257805,-73.9316177368164,40.85223388671875,N,1518,10.941727492082814,0
id1287627,1,2016-03-27 00:47:50,2016-03-27 00:53:17,1,-73.97042846679686,40.79378128051758,-73.9532470703125,40.807178497314446,N,327,2.084289475265612,0
id3216626,2,2016-04-10 00:10:47,2016-04-10 00:32:53,1,-73.987548828125,40.7327995300293,-73.93721008300781,40.82398986816406,N,1326,10.989337477609489,0
id0048471,2,2016-05-07 00:51:58,2016-05-07 00:56:18,1,-74.00342559814453,40.75167846679688,-73.99116516113281,40.751361846923835,N,260,1.042729585485714,0
id1239996,2,2016-03-16 00:20:08,2016-03-16 00:32:43,1,-73.99292755126953,40.7629508972168,-73.95188903808595,40.77827072143555,N,755,3.8806899854083072,0
id0558782,2,2016-01-11 00:56:13,2016-01-11 01:01:50,1,-73.98786163330078,40.749393463134766,-73.97274017333984,40.75670623779297,N,337,1.5201789776283188,0
id0147036,1,2016-03-01 00:16:13,2016-03-01 00:26:04,1,-74.0033950805664,40.72539520263672,-74.01506042480467,40.708450317382805,N,591,2.1262403295457646,0
id3437083,2,2016-01-12 00:35:00,2016-01-12 00:41:36,1,-73.9417266845703,40.79556274414063,-73.95446014404298,40.80562210083008,N,396,1.5550687247656867,0
id3851932,2,2016-02-14 00:06:16,2016-02-14 00:18:39,5,-73.98790740966798,40.74410629272461,-73.9846420288086,40.76113510131836,N,743,1.9104673889406187,0
id2677312,2,2016-04-24 00:56:13,2016-04-24 01:10:00,5,-73.98519897460938,40.751270294189446,-73.94970703125,40.7710189819336,N,827,3.7291413622232907,0
id1402932,2,2016-02-28 00:10:02,2016-02-28 00:17:12,1,-73.98828887939453,40.71828079223633,-73.9441146850586,40.71158599853516,N,430,3.82763666621085,0
id0975931,1,2016-05-22 00:58:17,2016-05-22 01:06:33,1,-74.00496673583984,40.74134063720703,-73.99400329589844,40.75130081176758,N,496,1.44593540416569,0
id1724880,2,2016-05-29 00:58:12,2016-05-29 01:05:04,5,-73.99036407470702,40.71440887451172,-73.98461151123048,40.72256088256836,N,412,1.0285351513927499,0
id0892045,2,2016-01-01 00:33:23,2016-01-01 01:07:19,1,-73.7767105102539,40.64556121826172,-73.90402221679686,40.85158157348633,N,2036,25.299447515804783,0
id0775016,1,2016-05-16 00:31:27,2016-05-16 00:54:56,2,-73.97003936767578,40.75966644287109,-73.95304107666014,40.68804550170898,N,1409,8.080154965828632,0
id1247732,1,2016-05-06 00:09:28,2016-05-06 00:22:28,1,-74.00252532958984,40.734199523925774,-73.9830780029297,40.72608184814453,N,780,1.8826569029555094,0
id2417477,1,2016-04-28 00:27:36,2016-04-28 00:35:22,1,-73.98204040527344,40.765300750732415,-74.00294494628906,40.74957656860352,N,466,2.49072075330474,0
id1254795,1,2016-06-04 00:02:09,2016-06-04 00:32:55,1,-74.00596618652342,40.73998260498047,-73.95693969726561,40.671363830566406,N,1846,8.68215758521832,0
id3366516,2,2016-01-07 00:26:18,2016-01-07 00:30:39,1,-73.97669982910156,40.75566864013672,-73.98641204833984,40.76100158691406,N,261,1.015838194499291,0
id3148846,1,2016-02-09 00:07:20,2016-02-09 00:16:29,1,-73.99031066894531,40.75652694702149,-73.9814224243164,40.74119186401367,N,549,1.8623229018190752,0
id3001859,2,2016-05-25 00:03:29,2016-05-25 00:23:14,5,-73.98661041259764,40.73969268798828,-73.91608428955078,40.74181365966797,N,1185,5.999341601954484,0
id2723986,1,2016-06-27 00:32:08,2016-06-27 00:59:26,1,-73.99139404296875,40.75974655151367,-73.92942047119139,40.85910034179688,N,1638,12.22178313941681,0
id1971612,1,2016-05-08 00:38:48,2016-05-08 00:41:43,1,-73.9742660522461,40.76403427124024,-73.97978973388672,40.754928588867195,N,175,1.1144590777522576,0
id1990102,1,2016-01-22 00:46:45,2016-01-22 00:58:59,1,-73.95182800292967,40.730499267578125,-73.9914779663086,40.68804931640625,N,734,5.793184427106084,0
id0523556,2,2016-05-27 00:08:12,2016-05-27 00:12:04,1,-73.98105621337889,40.737449645996094,-73.97921752929686,40.729888916015625,N,232,0.853669425293369,0
id1023341,2,2016-06-23 00:59:15,2016-06-23 01:11:35,1,-73.97277069091797,40.753055572509766,-73.9381561279297,40.8121223449707,N,740,7.186327193735756,0
id2631277,2,2016-03-26 00:43:55,2016-03-26 01:21:27,2,-73.78984069824217,40.64377975463867,-74.01599884033203,40.71508026123047,N,2252,20.788885488991035,0
id0650847,1,2016-06-19 00:49:45,2016-06-19 00:54:49,1,-73.96481323242188,40.76959228515625,-73.95256805419923,40.77226257324219,N,304,1.0822210254390712,0
id3958449,2,2016-03-27 00:23:28,2016-03-27 00:52:12,1,-73.98590850830078,40.74974060058594,-73.91300201416014,40.76094818115234,N,1724,6.3206876703808925,0
id3705499,2,2016-03-17 00:24:25,2016-03-17 00:35:11,2,-73.97189331054686,40.74999237060546,-73.97795867919923,40.72127151489258,N,646,3.229433057683991,0
id2563216,1,2016-05-13 00:54:28,2016-05-13 00:59:44,1,-73.99122619628906,40.717247009277344,-73.98054504394531,40.73789978027344,N,316,2.4656926906838965,0
id0329264,2,2016-03-31 00:48:30,2016-03-31 00:54:07,1,-73.98120880126953,40.725040435791016,-73.9752426147461,40.73308944702149,N,337,1.0273325199313033,0
id2753971,2,2016-04-15 00:28:10,2016-04-15 00:38:21,1,-73.98601531982422,40.757137298583984,-73.97374725341797,40.757205963134766,N,611,1.0428134980638935,0
id2772110,2,2016-05-25 00:07:19,2016-05-25 00:31:47,3,-73.78134918212889,40.644901275634766,-73.9756317138672,40.73273086547852,N,1468,19.177000443414745,0
id2319797,2,2016-06-12 00:38:47,2016-06-12 00:45:31,6,-73.99221038818358,40.725635528564446,-74.00148010253906,40.73080825805664,N,404,0.9749366872926856,0
id2030494,1,2016-03-30 00:03:08,2016-03-30 00:27:51,1,-73.87297821044923,40.77387619018555,-73.98114013671875,40.784400939941406,N,1483,9.26769082082297,0
id0299385,2,2016-04-21 00:53:37,2016-04-21 01:08:36,1,-73.96859741210938,40.76901245117188,-74.003173828125,40.73497772216797,N,899,4.786426801508909,0
id1037403,2,2016-02-29 00:35:20,2016-02-29 00:52:09,1,-73.95208740234375,40.733901977539055,-73.90594482421875,40.77513885498047,N,1009,6.027821612016538,0
id0303025,1,2016-05-05 00:21:40,2016-05-05 00:35:59,1,-73.96302032470702,40.76940536499024,-73.93216705322266,40.75979995727539,N,859,2.8309780106777427,0
id1695156,1,2016-02-07 00:27:12,2016-02-07 00:38:10,1,-73.95294952392578,40.78025436401367,-73.98432922363281,40.74877548217773,N,658,4.395847866536183,0
id3857638,1,2016-04-23 00:06:27,2016-04-23 00:12:13,2,-73.98783111572266,40.72395324707031,-73.97676086425781,40.72387313842773,N,346,0.9410133879863493,0
id0274978,2,2016-06-27 00:45:49,2016-06-27 01:01:43,2,-73.9876480102539,40.76000595092773,-73.92703247070312,40.75749588012695,N,954,5.159848658090539,0
id2187399,2,2016-03-12 00:03:32,2016-03-12 00:12:20,1,-73.98249816894531,40.77548599243164,-73.99608612060547,40.76732635498047,N,528,1.4677525634173199,0
id3280316,2,2016-06-26 00:33:44,2016-06-26 00:47:38,1,-74.0060806274414,40.74220657348633,-74.00072479248048,40.73076629638672,N,834,1.3490072782964628,0
id0181730,1,2016-06-15 00:58:48,2016-06-15 01:06:18,1,-73.98970031738281,40.76057815551758,-73.99064636230467,40.7507209777832,N,450,1.097097737534986,0
id3407864,2,2016-06-11 00:54:15,2016-06-11 01:00:26,3,-74.00871276855469,40.719688415527344,-74.00595092773438,40.74008941650391,N,371,2.276646911609697,0
id3483113,2,2016-05-30 00:36:50,2016-05-30 00:43:47,1,-73.98770141601561,40.72864532470703,-74.00270080566406,40.715530395507805,N,417,1.9351283065724714,0
id1363456,2,2016-01-05 00:25:02,2016-01-05 00:30:47,1,-73.99215698242188,40.72468185424805,-73.99688720703125,40.73720932006836,N,345,1.447510020168679,0
id2503915,2,2016-02-24 00:47:33,2016-02-24 01:10:14,1,-73.98358154296875,40.72988510131836,-73.92708587646483,40.7574462890625,N,1361,5.693833064903084,0
id0369964,2,2016-01-30 00:21:54,2016-01-30 00:37:37,1,-73.9661636352539,40.76113128662109,-73.9261016845703,40.76227188110352,N,943,3.407618567261311,0
id0374540,2,2016-03-05 00:02:15,2016-03-05 00:13:17,6,-73.93090057373048,40.75788497924805,-73.903564453125,40.774856567382805,N,662,2.9912966304453024,0
id0619782,1,2016-04-16 00:22:09,2016-04-16 00:34:12,2,-73.98139190673827,40.76334381103516,-73.97001647949219,40.756832122802734,N,723,1.2072089981984895,0
id1362773,2,2016-03-24 00:55:01,2016-03-24 01:07:36,1,-73.99114227294923,40.74956893920898,-73.99217224121092,40.72555923461913,N,755,2.6665147782415732,0
id3288938,1,2016-04-18 00:51:28,2016-04-18 01:10:59,2,-74.00444030761719,40.72199630737305,-73.9481201171875,40.778846740722656,N,1171,7.920767830191519,0
id3585473,1,2016-02-01 00:56:21,2016-02-01 01:03:08,1,-74.00127410888672,40.72748947143555,-73.98590850830078,40.719486236572266,N,407,1.5795621180606882,0
id2190077,2,2016-03-24 00:31:31,2016-03-24 00:45:56,2,-74.00094604492188,40.73088073730469,-73.95606994628906,40.77640151977539,N,865,6.3309577598703335,0
id3220096,2,2016-05-30 00:14:06,2016-05-30 00:20:52,1,-74.0022201538086,40.73445892333984,-73.98576354980467,40.73516845703125,N,406,1.4010267756802153,0
id2458370,2,2016-01-12 00:30:50,2016-01-12 00:35:43,2,-73.98634338378906,40.734405517578125,-73.96576690673827,40.7555046081543,N,293,2.9230057287387923,0
id0593912,1,2016-01-22 00:23:13,2016-01-22 00:47:24,1,-73.987060546875,40.719741821289055,-73.99004364013672,40.668941497802734,N,1451,5.64453404134823,0
id0351511,2,2016-02-21 00:05:09,2016-02-21 00:21:38,1,-73.9750747680664,40.74985122680664,-73.96987915039062,40.79983139038086,N,989,5.565348078855563,0
id2080378,2,2016-03-29 00:10:15,2016-03-29 00:16:07,1,-73.9559097290039,40.690933227539055,-73.98115539550781,40.689212799072266,N,352,2.1543622436494556,0
id1012249,1,2016-02-07 00:11:44,2016-02-07 00:23:06,3,-73.97798919677734,40.74602508544922,-73.98399353027342,40.725410461425774,N,682,2.344449096826388,0
id2370412,2,2016-02-11 00:49:03,2016-02-11 00:53:42,1,-73.97615814208984,40.749168395996094,-73.99076843261719,40.750953674316406,N,279,1.257585972811829,0
id3529051,2,2016-05-24 01:09:48,2016-05-24 01:16:10,6,-73.97216033935547,40.76252746582031,-73.9714584350586,40.78529739379882,N,382,2.5281660799852212,1
id0665609,1,2016-02-28 01:44:18,2016-02-28 01:53:47,1,-73.99517822265625,40.71979904174805,-73.98536682128906,40.72179412841797,N,569,0.8628711582113706,1
id3960696,1,2016-03-30 01:05:21,2016-03-30 01:10:23,1,-73.87071990966798,40.73329162597656,-73.8604736328125,40.71128845214844,N,302,2.592992470278194,1
id2787472,2,2016-05-22 01:49:25,2016-05-22 02:10:21,1,-73.99192047119139,40.726261138916016,-73.9574966430664,40.729679107666016,N,1256,2.950519411377855,1
id0691639,2,2016-02-20 01:55:00,2016-02-20 02:07:06,5,-73.99150848388672,40.72689056396485,-73.96465301513672,40.76403045654297,N,726,4.712326898326926,1
id3246654,2,2016-06-30 01:36:03,2016-06-30 01:39:48,1,-73.94788360595702,40.71419143676758,-73.93692016601561,40.70219039916992,N,225,1.625716540771324,1
id2101102,1,2016-05-01 01:48:56,2016-05-01 01:51:28,1,-73.97126770019531,40.76295852661133,-73.9750747680664,40.75309753417969,N,152,1.1414032121451303,1
id2120437,2,2016-02-13 01:46:56,2016-02-13 02:01:56,6,-73.9787368774414,40.7288818359375,-73.99226379394531,40.715431213378906,N,900,1.8844411018706602,1
id2071669,2,2016-02-16 01:44:05,2016-02-16 01:49:44,1,-73.98194122314453,40.75381851196289,-73.98619079589844,40.76637268066406,N,339,1.4395669635756747,1
id3568621,2,2016-01-03 01:27:57,2016-01-03 01:47:38,2,-74.00169372558595,40.71912384033203,-73.87311553955078,40.75580596923828,N,1181,11.66297997508587,1
id0244972,1,2016-03-07 01:55:54,2016-03-07 01:58:31,1,-73.98410797119139,40.760284423828125,-73.98246002197266,40.76717758178711,N,157,0.7778568204096974,1
id3087333,1,2016-01-03 01:00:16,2016-01-03 01:07:59,1,-73.9915313720703,40.7261962890625,-73.9835433959961,40.72180938720703,N,463,0.8355402975546002,1
id0974609,1,2016-05-13 01:09:29,2016-05-13 01:14:37,1,-74.00192260742188,40.73946380615234,-73.99393463134764,40.75150680541992,N,308,1.4993241527131993,1
id2672490,1,2016-01-18 01:48:57,2016-01-18 01:50:51,1,-73.98956298828125,40.73012161254882,-73.9803009033203,40.742652893066406,N,114,1.5983143967772002,1
id1059339,2,2016-05-23 01:21:08,2016-05-23 01:25:08,1,-73.98249053955078,40.75090026855469,-73.97245788574217,40.75368118286133,N,240,0.9069236132167882,1
id1667476,2,2016-05-07 01:26:13,2016-05-07 01:27:49,1,-73.99510955810547,40.754859924316406,-73.99114990234375,40.75323486328125,N,96,0.3818605080001761,1
id0958567,2,2016-03-26 01:52:13,2016-03-26 02:01:58,2,-73.96697235107422,40.79359817504882,-73.9656524658203,40.763580322265625,N,585,3.3338698875190125,1
id3616252,1,2016-04-17 01:27:05,2016-04-17 01:34:57,1,-73.9813232421875,40.768112182617195,-73.95744323730467,40.7780647277832,N,472,2.3109573018816834,1
id0457767,1,2016-02-10 01:23:19,2016-02-10 01:32:35,1,-73.98651885986328,40.757469177246094,-73.98968505859375,40.73131561279297,N,556,2.9154936726012473,1
id2277332,1,2016-03-16 01:13:11,2016-03-16 01:27:31,3,-73.9734649658203,40.7591209411621,-73.88614654541014,40.75543594360352,N,860,7.433328270846218,1
id2616724,1,2016-04-22 01:16:01,2016-04-22 01:30:35,1,-73.99102783203125,40.72795867919922,-73.97910308837889,40.77671051025391,N,874,5.505562433890999,1
id3894521,2,2016-01-27 01:47:10,2016-01-27 01:54:40,1,-74.00105285644531,40.731815338134766,-73.99658966064453,40.71907806396485,N,450,1.4638507882023308,1
id3688584,1,2016-01-23 01:08:57,2016-01-23 01:11:53,1,-73.99211883544923,40.725494384765625,-73.9886016845703,40.73116683959961,N,176,0.6970117946289791,1
id2863485,2,2016-03-01 01:13:05,2016-03-01 01:29:09,1,-73.94745635986328,40.74798583984375,-73.96929168701173,40.695098876953125,N,964,6.156863117552436,1
id1051503,1,2016-06-24 01:39:34,2016-06-24 01:48:16,3,-74.000244140625,40.72864532470703,-73.98532104492188,40.7519416809082,N,522,2.880252499246349,1
id1984874,2,2016-04-17 01:01:39,2016-04-17 01:27:00,1,-73.98530578613281,40.73196792602539,-73.8963623046875,40.7072868347168,N,1521,8.041267112351504,1
id1856613,2,2016-03-05 01:39:03,2016-03-05 02:01:21,1,-73.99085235595702,40.72420120239258,-73.94559478759764,40.79933547973633,N,1338,9.184367151208754,1
id0465853,1,2016-01-08 01:18:58,2016-01-08 01:42:33,1,-73.77671813964845,40.64538192749024,-73.96707153320312,40.61335754394531,N,1415,16.565916308389205,1
id1820158,2,2016-04-14 01:46:14,2016-04-14 01:54:15,2,-74.01138305664062,40.70336151123047,-73.97364044189453,40.74378967285156,N,481,5.516333696806475,1
id2685202,1,2016-06-15 01:16:02,2016-06-15 01:37:24,1,-73.98508453369139,40.72808456420898,-73.92623138427734,40.743900299072266,N,1282,5.30161551789449,1
id3995488,1,2016-05-19 01:23:21,2016-05-19 01:47:44,1,-73.78104400634764,40.64500045776367,-73.96022033691406,40.76193618774414,N,1463,20.010733608994173,1
id1604887,2,2016-06-02 01:23:46,2016-06-02 01:45:13,1,-73.97872161865233,40.76224136352539,-73.994140625,40.68171310424805,N,1287,9.0342094603481,1
id2019304,2,2016-02-04 01:40:43,2016-02-04 01:44:47,2,-74.00039672851561,40.7264404296875,-73.99413299560547,40.72111892700195,N,244,0.7952226555970902,1
id3601881,1,2016-05-07 01:19:52,2016-05-07 01:23:52,1,-74.0050277709961,40.72275161743164,-73.99662017822266,40.732376098632805,N,240,1.2853093491394139,1
id3997354,2,2016-02-06 01:17:42,2016-02-06 01:18:24,1,-73.9837188720703,40.72306823730469,-73.98497772216798,40.724098205566406,N,42,0.15658871810199776,1
id0562847,1,2016-02-16 01:52:56,2016-02-16 02:15:43,1,-73.78236389160156,40.64453506469727,-73.95209503173827,40.71731948852539,N,1367,16.535233804163326,1
id1355090,1,2016-04-01 01:43:12,2016-04-01 01:46:52,1,-73.97642517089844,40.74419403076172,-73.9852523803711,40.74724578857422,N,220,0.8232360293555688,1
id3007264,1,2016-05-21 01:43:54,2016-05-21 01:47:20,1,-73.99091339111328,40.7194709777832,-73.99170684814453,40.72614288330078,N,206,0.7436461854747489,1
id3068541,1,2016-01-11 01:00:48,2016-01-11 01:09:44,1,-73.9951171875,40.71763610839844,-73.98914337158203,40.747928619384766,N,536,3.4005926958531942,1
id0689325,1,2016-04-10 01:37:59,2016-04-10 01:48:52,3,-73.98719787597656,40.72927474975586,-73.95921325683594,40.76363754272461,N,653,4.495201263059984,1
id0242604,2,2016-02-20 01:43:39,2016-02-20 01:48:39,1,-73.98607635498048,40.7223014831543,-73.99150085449217,40.72696304321289,N,300,0.6930614080504219,1
id0297505,2,2016-06-12 01:28:51,2016-06-12 01:42:18,2,-73.99337005615233,40.74723815917969,-73.98263549804686,40.72315216064453,N,807,2.8249583049517955,1
id0231868,2,2016-02-26 01:37:24,2016-02-26 01:39:39,1,-73.98613739013672,40.747352600097656,-73.97868347167967,40.75236511230469,N,135,0.8432058248603491,1
id2162392,1,2016-06-07 01:05:28,2016-06-07 01:09:49,1,-73.97850799560547,40.751243591308594,-73.9866485595703,40.7520637512207,N,261,0.6979110398199876,1
id3039002,2,2016-02-27 01:11:14,2016-02-27 01:16:13,1,-73.97564697265625,40.7818717956543,-73.98613739013672,40.76755142211913,N,299,1.8225829606398232,1
id3992973,1,2016-01-31 01:21:23,2016-01-31 01:29:31,1,-73.9914321899414,40.74983596801758,-73.99568939208984,40.7597770690918,N,488,1.161280805186561,1
id1687942,2,2016-04-17 01:39:09,2016-04-17 01:46:29,1,-73.96971893310547,40.79787826538086,-73.97872161865233,40.78076171875,N,440,2.0482513713857307,1
id3041816,2,2016-02-12 01:12:47,2016-02-12 01:34:02,1,-73.96602630615233,40.75843811035156,-73.92549133300781,40.761661529541016,N,1275,3.4640009741969213,1
id0697442,1,2016-01-26 01:03:13,2016-01-26 01:25:28,1,-73.98914337158203,40.75824737548828,-73.91809844970702,40.76282501220703,N,1335,6.060157650588018,1
id1786695,2,2016-06-12 01:20:07,2016-06-12 01:49:46,1,-73.98544311523438,40.76268005371094,-73.87743377685547,40.75046920776367,N,1779,9.280306774924622,1
id0010568,2,2016-06-26 01:12:13,2016-06-26 01:18:34,1,-73.95557403564453,40.80363845825195,-73.94759368896483,40.80958938598633,N,381,0.946816299118946,1
id0817094,2,2016-04-03 01:17:50,2016-04-03 01:31:52,1,-73.98169708251953,40.769649505615234,-73.97238159179686,40.75606155395508,N,842,1.703475822679114,1
id1034199,2,2016-05-17 01:23:09,2016-05-17 01:41:18,1,-74.00575256347656,40.70684814453125,-73.96430969238281,40.6521110534668,N,1089,7.023145633204801,1
id0408871,1,2016-05-18 01:39:12,2016-05-18 01:52:44,2,-73.98532104492188,40.75818634033203,-73.95597076416014,40.80363082885742,N,812,5.627543405227795,1
id3344987,1,2016-06-11 01:11:53,2016-06-11 01:33:07,1,-74.00498962402342,40.72278594970703,-73.95003509521484,40.78963470458984,N,1274,8.768069613503767,1
id1697090,1,2016-05-01 01:04:26,2016-05-01 01:14:35,1,-74.00333404541014,40.74352645874024,-74.00731658935547,40.741035461425774,N,609,0.4370879542516053,1
id0244762,1,2016-03-05 01:14:12,2016-03-05 01:25:32,1,-74.00205230712889,40.73483657836913,-73.96978759765625,40.75914764404297,N,680,3.8475138537385916,1
id3070122,1,2016-05-18 01:48:35,2016-05-18 01:53:02,1,-73.99078369140625,40.7343635559082,-74.00797271728516,40.71232223510742,N,267,2.849649697216056,1
id0672173,1,2016-03-05 01:49:22,2016-03-05 02:14:25,1,-73.97877502441406,40.7519645690918,-74.01077270507811,40.63901138305664,N,1503,12.829413390386406,1
id2307367,1,2016-04-07 01:10:51,2016-04-07 01:23:23,1,-73.986572265625,40.72629928588867,-73.95673370361328,40.744583129882805,N,752,3.248322999550144,1
id3056670,2,2016-02-25 01:40:15,2016-02-25 02:05:35,1,-73.98993682861328,40.71896362304688,-73.94520568847656,40.834205627441406,N,1520,13.344964108012226,1
id1288514,2,2016-01-09 01:35:11,2016-01-09 02:01:26,1,-74.01337432861328,40.70237350463867,-73.93647003173827,40.8422737121582,N,1575,16.848681186046512,1
id2863414,2,2016-04-02 01:48:24,2016-04-02 01:56:10,1,-73.9767837524414,40.74768829345703,-73.95366668701173,40.78217315673828,N,466,4.3027009326594605,1
id3585442,2,2016-06-14 01:45:34,2016-06-14 02:16:05,1,-74.00543975830078,40.739166259765625,-74.00709533691406,40.707401275634766,N,1831,3.528720371614115,1
id3783262,2,2016-06-21 01:07:49,2016-06-21 01:24:37,5,-73.96853637695312,40.75794982910156,-73.9202651977539,40.735450744628906,N,1008,4.803334243683189,1
id3454766,2,2016-02-20 01:08:53,2016-02-20 01:12:34,2,-73.9681167602539,40.79222869873047,-73.98153686523438,40.77777099609375,N,221,1.968912367858016,1
id1444068,1,2016-03-29 01:26:22,2016-03-29 01:32:22,1,-73.9832763671875,40.73050308227539,-73.99445343017578,40.73015213012695,N,360,0.9508486844959247,1
id1208061,2,2016-04-19 01:31:02,2016-04-19 01:42:52,1,-73.99710845947266,40.71527862548828,-73.977783203125,40.66598892211913,N,710,5.712429273376829,1
id2368033,2,2016-02-04 01:03:50,2016-02-04 01:15:19,5,-73.9895782470703,40.72058868408203,-73.95873260498048,40.76805877685546,N,689,5.885449305777308,1
id3725490,2,2016-02-14 01:20:41,2016-02-14 01:41:35,1,-73.99162292480467,40.750049591064446,-73.98812103271484,40.72066116333008,N,1254,3.2756677736722226,1
id3346981,1,2016-05-18 01:48:05,2016-05-18 01:48:16,1,-73.79408264160156,40.65728378295898,-73.79408264160156,40.65728378295898,N,11,0.0,1
id2574205,2,2016-01-22 01:10:43,2016-01-22 01:15:01,1,-73.97843933105469,40.76192855834961,-73.99100494384764,40.75047302246094,N,258,1.6606218415679441,1
id3332740,2,2016-01-21 01:16:33,2016-01-21 01:21:46,3,-74.00051879882812,40.72988128662109,-73.99243927001953,40.72486877441406,N,313,0.8838595958215737,1
id3667411,2,2016-03-13 01:29:57,2016-03-13 01:42:13,2,-73.96544647216798,40.71361923217773,-73.94200134277342,40.688270568847656,N,736,3.447943180751986,1
id1996508,1,2016-04-03 01:14:00,2016-04-03 01:21:46,3,-73.94441223144531,40.714553833007805,-73.9588165283203,40.71763610839844,N,466,1.2712690201038932,1
id3080557,2,2016-04-17 01:47:05,2016-04-17 01:57:46,1,-73.991455078125,40.722900390625,-73.95846557617188,40.70942306518555,N,641,3.1782047305420806,1
id0082003,1,2016-03-20 01:26:45,2016-03-20 01:35:17,1,-73.993408203125,40.75699615478516,-73.97213745117188,40.746192932128906,N,512,2.169537634054162,1
id2231499,1,2016-03-02 01:16:56,2016-03-02 01:26:55,1,-73.99959564208984,40.728191375732415,-73.99219512939453,40.75794219970703,N,599,3.3617190469540144,1
id3701083,2,2016-01-19 01:42:22,2016-01-19 01:52:02,2,-73.9788818359375,40.728271484375,-73.98401641845702,40.757190704345696,N,580,3.2395669442308757,1
id3341378,1,2016-04-17 01:53:29,2016-04-17 01:59:02,4,-73.97893524169923,40.7503776550293,-73.98755645751953,40.76006317138672,N,333,1.3010857885864333,1
id1366529,2,2016-01-06 01:05:18,2016-01-06 01:12:25,5,-74.01493835449219,40.715091705322266,-74.01325988769531,40.703590393066406,N,427,1.2845928456767848,1
id0922933,2,2016-01-09 01:34:28,2016-01-09 01:42:13,2,-73.97673034667967,40.76390075683594,-73.97216033935547,40.79365921020508,N,465,3.3259505392905964,1
id2307249,2,2016-01-14 01:36:09,2016-01-14 01:46:16,1,-73.99451446533203,40.7506103515625,-73.98845672607422,40.72744369506836,N,607,2.6225439030255213,1
id2662309,1,2016-01-23 01:58:53,2016-01-23 02:12:55,1,-73.987060546875,40.73343276977539,-73.96437835693358,40.75459671020508,N,842,3.039055600305202,1
id1981394,2,2016-06-18 01:19:56,2016-06-18 01:30:44,5,-73.99820709228516,40.74027633666992,-73.98963165283203,40.7258415222168,N,648,1.760273967422261,1
id3748088,2,2016-03-20 01:43:16,2016-03-20 01:57:48,1,-73.99560546875,40.76457595825195,-73.98788452148438,40.73244094848633,N,872,3.6268572953854687,1
id0152081,2,2016-02-20 01:06:59,2016-02-20 01:27:54,1,-73.98060607910156,40.74225997924805,-73.95243072509764,40.8139877319336,N,1255,8.314175839357244,1
id0101738,2,2016-06-15 01:03:01,2016-06-15 01:11:12,2,-73.99387359619139,40.756660461425774,-74.00618743896483,40.74620819091797,N,491,1.5625622297346373,1
id1751447,1,2016-01-18 01:26:34,2016-01-18 01:32:54,1,-73.99748992919923,40.724807739257805,-74.00902557373048,40.73045349121094,N,380,1.1636857652847836,1
id1124670,2,2016-06-17 01:53:41,2016-06-17 02:58:19,1,-73.8719711303711,40.74151992797852,-73.67474365234375,40.75368881225586,N,3878,16.818664167165007,1
id2501040,1,2016-03-20 01:48:54,2016-03-20 02:02:02,2,-73.9897232055664,40.76232147216797,-74.0027084350586,40.73340225219727,N,788,3.394490605820641,1
id1403324,2,2016-01-23 01:15:46,2016-01-23 01:25:16,6,-73.99369812011719,40.73566055297852,-73.97905731201173,40.74420166015625,N,570,1.5644569581687566,1
id1234829,2,2016-01-22 01:07:08,2016-01-22 01:32:56,6,-74.00328826904298,40.73164749145508,-73.9365234375,40.7525634765625,N,1548,6.131551027625155,1
id2255820,1,2016-03-20 01:29:39,2016-03-20 01:38:50,1,-73.99039459228516,40.740760803222656,-73.98804473876953,40.72808837890625,N,551,1.4207493246833058,1
id0076082,2,2016-06-25 01:04:13,2016-06-25 01:18:55,3,-73.94800567626953,40.77888107299805,-73.97277069091797,40.74942779541016,N,882,3.8883863356968464,1
id2779140,1,2016-01-10 01:12:57,2016-01-10 01:19:20,3,-74.00447845458984,40.742012023925774,-74.00210571289062,40.739559173583984,N,383,0.33882891909217294,1
id0690882,1,2016-02-29 01:20:10,2016-02-29 01:42:22,1,-73.97967529296875,40.76147079467773,-73.98271179199219,40.67819213867188,N,1332,9.247533390080125,1
id3054915,2,2016-06-05 01:19:09,2016-06-05 01:30:26,1,-73.99595642089844,40.72637176513672,-73.98401641845702,40.74380111694336,N,677,2.184702314672113,1
id0035245,2,2016-03-14 01:13:48,2016-03-14 01:29:12,1,-73.98856353759764,40.72022247314453,-73.92755889892578,40.6926383972168,N,924,6.0218877214537,1
id1653106,1,2016-06-12 01:58:45,2016-06-12 02:09:57,1,-73.97540283203125,40.752254486083984,-74.01602172851561,40.70642852783203,N,672,6.147748929424166,1
id3951763,2,2016-05-27 01:04:36,2016-05-27 01:15:03,1,-73.94706726074217,40.814247131347656,-73.94347381591797,40.836761474609375,N,627,2.517688750570321,1
id1799985,1,2016-01-17 01:19:17,2016-01-17 01:25:45,1,-73.99874114990233,40.73220443725586,-73.99365234375,40.722633361816406,N,388,1.1470699221162033,1
id3847269,1,2016-06-10 01:44:12,2016-06-10 01:55:07,1,-74.00685119628906,40.73569107055664,-73.97431182861328,40.74425506591797,N,655,2.92464570128461,1
id0725152,2,2016-04-28 01:30:19,2016-04-28 01:39:12,1,-73.98092651367188,40.7420310974121,-73.94826507568358,40.78316116333008,N,533,5.343278746174717,1
id1830562,2,2016-03-22 01:55:45,2016-03-22 02:12:05,1,-73.78302764892578,40.64427185058594,-73.86776733398438,40.75362014770508,N,980,14.113971689005059,1
id1140250,1,2016-02-20 01:23:26,2016-02-20 01:39:56,1,-73.98296356201173,40.74788665771485,-73.92097473144531,40.74151611328125,N,990,5.316288898645737,1
id2061600,1,2016-04-26 01:11:25,2016-04-26 01:24:05,1,-73.9859848022461,40.75223159790039,-73.96392822265625,40.756107330322266,N,760,1.9235350894106085,1
id3792878,2,2016-04-16 01:26:17,2016-04-16 01:35:47,1,-73.95478820800781,40.73331832885742,-73.95153045654298,40.71277618408203,N,570,2.2969306815843065,1
id3918230,2,2016-05-08 01:48:50,2016-05-08 01:52:37,1,-73.97044372558594,40.7525634765625,-73.98001861572266,40.74251174926758,N,227,1.381034728977137,1
id1761636,2,2016-06-05 01:55:04,2016-06-05 02:07:04,5,-73.98577880859375,40.71799850463867,-73.98712921142578,40.73323059082031,N,720,1.6946533850700047,1
id3692045,2,2016-06-04 01:09:42,2016-06-04 01:31:39,2,-74.00981903076173,40.73820114135742,-73.95442962646483,40.769832611083984,N,1317,5.873157129536839,1
id3666264,2,2016-05-01 01:27:48,2016-05-01 01:45:16,1,-73.98809814453125,40.755889892578125,-74.00749969482422,40.70494842529297,N,1048,5.890079651633766,1
id0559985,2,2016-06-25 01:27:08,2016-06-25 01:32:31,6,-73.98336029052734,40.750118255615234,-73.98890686035155,40.7368392944336,N,323,1.547528664282845,1
id3859706,1,2016-06-05 01:35:14,2016-06-05 02:13:20,2,-73.96676635742188,40.804363250732415,-73.99894714355469,40.73068237304688,N,2286,8.623883134212452,1
id1796190,2,2016-05-18 01:22:43,2016-05-18 01:24:56,3,-73.99353790283203,40.74161148071289,-73.99176025390625,40.74889373779297,N,133,0.8223317537384991,1
id3077038,2,2016-01-17 01:07:12,2016-01-17 01:21:36,6,-73.9837417602539,40.74974060058594,-73.98860931396483,40.72420120239258,N,864,2.864906377831218,1
id0463485,2,2016-01-16 01:13:27,2016-01-16 01:38:32,1,-73.98241424560547,40.76788330078125,-73.9879379272461,40.7192497253418,N,1505,5.418706066625285,1
id3531053,2,2016-03-31 01:27:06,2016-03-31 01:30:12,1,-73.97296142578125,40.755077362060554,-73.98020935058595,40.74291229248047,N,186,1.484223079010864,1
id0656599,2,2016-05-02 01:15:23,2016-05-02 01:28:51,1,-73.97969818115233,40.751220703125,-73.96672058105469,40.79352569580078,N,808,4.823677782481116,1
id1071209,1,2016-02-13 01:30:45,2016-02-13 01:36:57,1,-73.99414825439453,40.75142288208008,-73.98673248291014,40.75032424926758,N,372,0.6420285163003551,1
id1777562,1,2016-05-16 01:43:19,2016-05-16 01:52:31,1,-73.98078155517578,40.764324188232415,-74.00305938720702,40.73452377319336,N,552,3.8115123144891414,1
id3072314,2,2016-02-10 01:17:29,2016-02-10 01:28:47,2,-73.98841094970702,40.73640060424805,-74.00872039794923,40.7053108215332,N,678,3.8586640057572477,1
id0509136,2,2016-06-18 01:44:36,2016-06-18 01:53:09,1,-74.00855255126953,40.71996688842773,-73.9991683959961,40.7391014099121,N,513,2.2687743994919485,1
id1482762,1,2016-06-05 01:18:16,2016-06-05 01:24:31,1,-73.95386505126953,40.81959915161133,-73.94532775878906,40.8267822265625,N,375,1.0781085444370782,1
id1885694,2,2016-03-05 01:40:49,2016-03-05 01:53:54,2,-73.99638366699219,40.722049713134766,-73.95291137695312,40.71841049194336,N,785,3.7171591950485428,1
id2930075,2,2016-03-06 01:16:22,2016-03-06 01:35:22,2,-74.00701904296875,40.716018676757805,-73.96675109863281,40.75650024414063,N,1140,5.648585593301917,1
id0657152,2,2016-05-14 01:04:54,2016-05-14 01:12:16,4,-73.99622344970702,40.73308181762695,-73.9896469116211,40.74176025390625,N,442,1.1137534227294101,1
id3967509,1,2016-03-12 01:25:05,2016-03-12 02:02:56,1,-74.00125885009764,40.73133087158203,-73.91275024414062,40.87528610229492,N,2271,17.66149573240117,1
id2739735,2,2016-03-01 01:06:33,2016-03-01 01:15:55,3,-73.97109985351561,40.79620361328125,-73.94338226318358,40.83108139038086,N,562,4.531965219570364,1
id0231921,1,2016-01-08 01:11:59,2016-01-08 01:17:57,1,-73.97471618652342,40.763126373291016,-73.965576171875,40.75704574584961,N,358,1.0291416662894433,1
id1822674,1,2016-03-05 01:33:03,2016-03-05 01:39:37,1,-73.98748779296875,40.75960540771485,-73.9971923828125,40.76520156860352,N,394,1.0326183710920447,1
id3773762,1,2016-01-03 01:19:52,2016-01-03 01:26:38,1,-73.98621368408203,40.72233963012695,-73.98930358886719,40.73430252075195,N,406,1.353605684041556,1
id2334102,1,2016-04-22 01:21:54,2016-04-22 01:32:25,1,-73.96527862548828,40.80663299560546,-73.94546508789062,40.835426330566406,N,631,3.612639512129282,1
id2468650,2,2016-02-21 01:47:32,2016-02-21 02:00:06,1,-73.9844970703125,40.71993637084961,-73.95149993896483,40.71332550048828,N,754,2.899160099689172,1
id2806457,1,2016-04-10 01:42:51,2016-04-10 01:47:56,1,-73.93703460693358,40.80183792114258,-73.92531585693358,40.80590438842773,N,305,1.09359258368804,1
id2143236,1,2016-06-02 01:32:11,2016-06-02 01:43:07,1,-73.99362182617188,40.75210571289063,-73.98278045654298,40.78065490722656,N,656,3.300227812115908,1
id0318015,1,2016-02-23 01:32:47,2016-02-23 01:40:48,1,-73.98229217529298,40.76189041137695,-73.97012329101561,40.749759674072266,N,481,1.697935435134962,1
id2781242,2,2016-06-17 01:43:48,2016-06-17 01:56:24,5,-73.9861068725586,40.73271942138672,-73.9802474975586,40.7648811340332,N,756,3.604524161804388,1
id1879394,2,2016-03-19 01:16:37,2016-03-19 01:21:31,2,-73.95645904541014,40.779121398925774,-73.97504425048828,40.786895751953125,N,294,1.8000762071699186,1
id0270739,1,2016-06-04 01:16:09,2016-06-04 01:39:48,1,-73.99175262451173,40.74498748779297,-73.92424774169923,40.807071685791016,N,1419,8.967403101289042,1
id3586920,1,2016-05-22 01:43:49,2016-05-22 01:57:35,1,-73.98575592041014,40.76214218139648,-73.97982025146483,40.74318313598633,N,826,2.1640885395007183,1
id2531897,1,2016-02-28 01:35:43,2016-02-28 01:39:01,1,-73.94318389892578,40.8365478515625,-73.94888305664062,40.82661819458008,N,198,1.2039509624364615,1
id0855872,2,2016-01-31 01:05:11,2016-01-31 01:20:46,3,-73.98709869384764,40.736522674560554,-73.99314880371094,40.72005081176758,N,935,1.899322058067323,1
id2117507,1,2016-01-04 01:24:08,2016-01-04 01:29:15,1,-73.98986053466798,40.6877326965332,-73.98313903808595,40.69658660888672,N,307,1.136784809927108,1
id0873408,1,2016-01-17 01:30:12,2016-01-17 01:50:23,1,-73.98931121826173,40.71907043457031,-73.87334442138672,40.75089645385742,N,1211,10.471095376689085,1
id1228078,1,2016-03-19 01:09:43,2016-03-19 01:17:39,1,-73.98909759521484,40.74883270263672,-73.98393249511719,40.7651252746582,N,476,1.8610035022001208,1
id1553792,2,2016-02-21 01:49:44,2016-02-21 01:53:04,1,-73.94302368164062,40.70730209350586,-73.93187713623048,40.70787811279297,N,200,0.9496113098004323,1
id0636871,2,2016-04-27 01:18:28,2016-04-27 23:17:38,5,-73.78074645996092,40.64517974853516,-73.97868347167967,40.7536506652832,N,79150,20.689051619763216,1
id0141091,1,2016-05-14 01:19:20,2016-05-14 01:39:29,1,-73.98980712890625,40.757190704345696,-73.9894790649414,40.75676345825195,N,1209,0.05501511959325218,1
id2580881,2,2016-06-26 01:49:49,2016-06-26 02:02:36,4,-73.96916198730467,40.7559700012207,-73.97559356689453,40.79201126098633,N,767,4.037759613180538,1
id1248298,1,2016-04-14 01:36:42,2016-04-14 01:45:41,2,-74.0414047241211,40.73037338256836,-74.03593444824217,40.723819732666016,N,539,0.8633604626250282,1
id3656579,1,2016-04-10 01:46:53,2016-04-10 01:48:07,1,-73.98896789550781,40.748550415039055,-73.98897552490233,40.74855422973633,N,74,0.0007744962858075954,1
id1134913,1,2016-06-10 01:49:01,2016-06-10 02:02:44,2,-74.00768280029298,40.741024017333984,-73.98272705078125,40.77615737915039,N,823,4.439382655034051,1
id1847150,2,2016-02-27 01:57:34,2016-02-27 02:09:32,1,-74.00082397460938,40.73143768310546,-73.99076843261719,40.715293884277344,N,718,1.9853651384148803,1
id1803581,1,2016-01-29 01:19:49,2016-01-29 01:22:48,1,-73.99959564208984,40.72820663452149,-73.99310302734375,40.7254753112793,N,179,0.6296659468230613,1
id2147208,1,2016-06-08 01:22:56,2016-06-08 01:37:20,1,-73.9870834350586,40.75576400756836,-73.9876251220703,40.72132873535156,N,864,3.8225925240957332,1
id0929249,2,2016-05-24 01:44:15,2016-05-24 01:49:47,1,-73.98399353027342,40.76042938232422,-73.99723815917967,40.74182891845703,N,332,2.3516370213085342,1
id2336583,2,2016-04-23 01:49:55,2016-04-23 02:10:58,1,-74.00093841552734,40.73448181152344,-73.9490966796875,40.72441101074219,N,1263,4.5461268976110745,1
id0046622,1,2016-02-10 01:39:57,2016-02-10 01:44:01,1,-73.96855163574217,40.75901794433594,-73.95621490478516,40.76795959472656,N,244,1.443852715378497,1
id3398259,2,2016-04-26 01:44:08,2016-04-26 01:58:58,5,-73.9888916015625,40.730911254882805,-73.90229797363281,40.74423599243164,N,890,7.507591102021012,1
id3653174,1,2016-05-14 01:18:53,2016-05-14 01:34:09,1,-73.9909896850586,40.74496841430664,-73.97795867919923,40.78317260742188,N,916,4.382932777815577,1
id2272243,2,2016-05-08 01:19:59,2016-05-08 01:35:35,6,-73.98748016357422,40.74779891967773,-73.96048736572266,40.76807022094727,N,936,3.2136008547716917,1
id1657991,1,2016-06-13 01:50:02,2016-06-13 02:15:01,2,-74.00696563720702,40.73992156982422,-73.92281341552734,40.76241683959961,N,1499,7.576240358168348,1
id3703413,2,2016-06-28 01:02:45,2016-06-28 01:16:43,2,-73.98412322998048,40.76102828979492,-73.95949554443358,40.80134582519531,N,838,4.94064353333551,1
id2216151,1,2016-03-26 01:39:33,2016-03-26 01:47:31,1,-73.97394561767578,40.75354766845703,-73.99070739746092,40.76115417480469,N,478,1.6561389434388913,1
id0975451,1,2016-01-10 01:13:13,2016-01-10 01:37:42,1,-74.00061798095702,40.73582077026367,-73.91273498535155,40.75605010986328,N,1469,7.800243066340238,1
id2499649,2,2016-01-03 01:22:36,2016-01-03 01:59:11,6,-74.00418090820312,40.738040924072266,-73.99368286132812,40.72006988525391,N,2195,2.1852753529070186,1
id3524505,2,2016-02-02 01:24:28,2016-02-02 01:32:49,1,-74.00083923339844,40.71680068969727,-73.9832992553711,40.7315788269043,N,501,2.2166645155733,1
id1887065,2,2016-02-08 01:29:50,2016-02-08 01:32:38,2,-73.98899078369139,40.72154998779297,-73.97749328613281,40.72909927368164,N,168,1.2873559734909863,1
id3409881,1,2016-02-07 01:20:05,2016-02-07 01:38:43,3,-73.93987274169923,40.794189453125,-73.95209503173827,40.74078369140625,N,1118,6.018384751436159,1
id2947707,2,2016-02-13 01:12:10,2016-02-13 01:21:13,1,-73.95657348632812,40.771278381347656,-73.93170166015625,40.79610824584961,N,543,3.4735587762258144,1
id3087675,2,2016-03-11 01:39:58,2016-03-11 01:50:03,6,-73.98621368408203,40.72241973876953,-73.99191284179686,40.749000549316406,N,605,2.9899739009443826,1
id0224097,2,2016-02-05 01:20:37,2016-02-05 01:28:52,1,-74.00569915771484,40.74578094482422,-74.0057373046875,40.74560928344727,N,495,0.01932833173008142,1
id3813891,1,2016-04-28 01:22:31,2016-04-28 01:28:36,1,-73.9876251220703,40.76553726196289,-73.97088623046875,40.79328918457031,N,365,3.39317419562401,1
id2296286,2,2016-02-13 01:52:22,2016-02-13 02:29:53,2,-73.97782897949219,40.745941162109375,-73.7864990234375,40.751220703125,N,2251,16.273601440884075,1
id3365585,2,2016-05-27 01:35:27,2016-05-27 01:40:46,1,-74.00949859619139,40.71221923828125,-74.0097427368164,40.70513916015625,N,319,0.7861626092228018,1
id2317421,1,2016-02-01 01:07:42,2016-02-01 01:13:32,2,-74.00420379638672,40.752151489257805,-73.98750305175781,40.7645263671875,N,350,1.9753400619236197,1
id3577411,1,2016-06-29 01:15:41,2016-06-29 01:24:13,1,-73.9918670654297,40.73527526855469,-73.99049377441406,40.75761413574219,N,512,2.482360308031562,1
id2469691,2,2016-05-22 01:46:31,2016-05-22 01:48:20,2,-73.95993041992188,40.645862579345696,-73.96196746826173,40.65079498291016,N,109,0.5742241332111819,1
id3765894,2,2016-03-25 01:38:14,2016-03-25 01:53:22,1,-73.99050903320312,40.728561401367195,-73.94438171386719,40.78784942626953,N,908,7.660419210468126,1
id2821714,1,2016-02-10 01:05:51,2016-02-10 01:15:00,1,-73.9910430908203,40.727989196777344,-73.97614288330078,40.76556015014648,N,549,4.358451725496805,1
id3237756,1,2016-04-03 01:05:29,2016-04-03 01:16:14,2,-73.98709106445312,40.73337173461913,-73.98631286621094,40.749149322509766,N,645,1.7525609899140326,1
id2784426,2,2016-05-18 01:21:34,2016-05-18 01:28:04,1,-73.97190856933594,40.79481506347656,-73.9393539428711,40.84825897216797,N,390,6.545911316972437,1
id2139283,2,2016-02-14 01:12:12,2016-02-14 01:31:21,1,-73.97386932373048,40.78932189941406,-73.92325592041014,40.813175201416016,N,1149,5.051614116865765,1
id2693193,2,2016-03-25 01:00:52,2016-03-25 01:11:15,1,-73.98491668701173,40.745079040527344,-73.9869384765625,40.75931167602539,N,623,1.5891420349113594,1
id3835835,2,2016-05-12 01:43:56,2016-05-12 01:56:45,3,-73.98898315429686,40.721576690673835,-73.9364013671875,40.736034393310554,N,769,4.748831370908982,1
id0768115,1,2016-05-23 01:46:23,2016-05-23 02:11:11,2,-73.98075103759764,40.76456451416016,-73.78250122070312,40.644058227539055,N,1488,21.514803508344244,1
id0973321,2,2016-05-15 01:55:43,2016-05-15 02:12:29,1,-73.9881362915039,40.72808074951172,-73.98259735107422,40.76422119140625,N,1006,4.0391222691024895,1
id3109626,2,2016-05-22 01:01:17,2016-05-22 01:17:55,1,-73.98542785644531,40.7276725769043,-73.99472808837889,40.75036239624024,N,998,2.63971892313125,1
id3325339,2,2016-02-05 01:13:39,2016-02-05 01:45:43,6,-73.98555755615233,40.75976943969727,-73.91536712646483,40.870338439941406,N,1924,13.646457933724212,1
id2575613,1,2016-06-05 01:21:09,2016-06-05 01:26:16,1,-73.96466064453125,40.791770935058594,-73.94805908203125,40.783008575439446,N,307,1.713852155045467,1
id3235621,2,2016-05-30 01:01:38,2016-05-30 01:19:26,5,-73.98526763916014,40.72751998901367,-73.99520874023438,40.75325012207031,N,1068,2.978423390575439,1
id0889654,1,2016-02-09 01:10:12,2016-02-09 01:20:18,1,-74.0003433227539,40.73234558105469,-73.97425842285155,40.75054931640625,N,606,2.999822066370892,1
id0605921,1,2016-04-02 01:20:17,2016-04-02 01:25:21,1,-73.95697021484375,40.77079772949219,-73.96717834472656,40.75991821289063,N,304,1.4870269414918187,1
id1881499,2,2016-03-22 01:37:39,2016-03-22 02:00:01,2,-74.00631713867188,40.74040985107422,-73.95011901855469,40.785598754882805,N,1342,6.926625484777012,1
id3202493,2,2016-05-14 01:36:47,2016-05-14 01:49:52,1,-74.00928497314453,40.73820877075195,-74.00486755371092,40.718936920166016,N,785,2.1718787204230026,1
id3318104,2,2016-06-04 01:35:38,2016-06-04 01:55:54,1,-73.99076843261719,40.744453430175774,-73.99912261962889,40.68463134765625,N,1216,6.678112446416879,1
id2545839,1,2016-01-04 01:46:15,2016-01-04 01:54:59,1,-73.96004486083984,40.65639877319336,-73.93865966796875,40.6548957824707,N,524,1.825381242892301,1
id3460925,1,2016-01-22 01:15:34,2016-01-22 01:37:51,1,-73.95094299316406,40.72376251220703,-73.97583770751953,40.7890510559082,N,1337,7.549641750987703,1
id2541117,1,2016-06-20 01:38:00,2016-06-20 01:57:05,2,-73.989990234375,40.72945022583008,-73.95565032958984,40.68718719482422,N,1145,5.525147420420158,1
id0559338,2,2016-05-22 01:33:25,2016-05-22 01:43:02,1,-73.9881362915039,40.74597930908203,-73.97077941894531,40.75591659545898,N,577,1.842092688552085,1
id2681144,1,2016-02-06 01:21:01,2016-02-06 01:53:20,1,-73.99131011962889,40.750221252441406,-73.87564849853516,40.733829498291016,N,1939,9.998187893529517,1
id3736947,2,2016-01-09 01:53:40,2016-01-09 02:19:32,1,-73.84928131103516,40.73627853393555,-73.91867828369139,40.6751708984375,N,1552,8.989079067919175,1
id2677842,2,2016-01-23 01:20:04,2016-01-23 01:43:20,1,-73.92265319824217,40.76074981689453,-73.97847747802734,40.654911041259766,N,1396,12.67018469204439,1
id3759702,2,2016-05-21 01:26:15,2016-05-21 01:49:07,1,-74.00823211669923,40.73822021484375,-73.94790649414062,40.80929946899414,N,1372,9.409674853643665,1
id2333435,2,2016-05-08 01:25:09,2016-05-08 01:33:59,5,-74.00639343261719,40.73947143554688,-73.98719787597656,40.74060821533203,N,530,1.636494245177267,1
id2271225,2,2016-03-06 01:27:03,2016-03-06 01:44:52,2,-73.9916763305664,40.7269287109375,-73.95767211914062,40.71305847167969,N,1069,3.2748323257620986,1
id0543812,2,2016-05-01 01:28:35,2016-05-01 01:42:22,5,-73.98886871337889,40.74523162841797,-74.00511932373048,40.71908950805664,N,827,3.213766501147995,1
id1060237,1,2016-05-24 02:18:41,2016-05-24 02:31:05,1,-73.93934631347656,40.82142639160156,-73.94200134277342,40.808860778808594,N,744,1.4129225040789553,2
id0499060,1,2016-03-15 02:08:21,2016-03-15 02:14:01,1,-73.95513153076173,40.82029342651367,-73.95045471191406,40.80820083618164,N,340,1.3999066910365299,2
id1751262,1,2016-01-10 02:48:06,2016-01-10 03:03:07,1,-73.98522186279298,40.732303619384766,-73.98977661132812,40.7157096862793,N,901,1.8821746561729498,2
id3426890,1,2016-03-18 02:48:19,2016-03-18 03:00:25,1,-73.97914123535155,40.75235366821289,-74.00908660888672,40.70423889160156,N,726,5.916278130071424,2
id3583106,2,2016-01-29 02:53:09,2016-01-29 03:16:41,3,-74.00596618652342,40.74210739135742,-73.91669464111328,40.76451873779297,N,1412,7.985451038274658,2
id0530237,1,2016-05-07 02:16:33,2016-05-07 02:21:29,1,-74.00457763671875,40.721485137939446,-73.9983139038086,40.733108520507805,N,296,1.3957336840045735,2
id2424342,2,2016-06-12 02:00:27,2016-06-12 02:02:57,6,-73.9832534790039,40.75601577758789,-73.9788818359375,40.765174865722656,N,150,1.0824388929013782,2
id0574388,2,2016-02-08 02:32:08,2016-02-08 02:57:51,2,-73.95607757568358,40.77242660522461,-73.95006561279298,40.69158172607422,N,1543,8.988319874388045,2
id2233982,2,2016-06-19 02:34:10,2016-06-19 02:43:18,1,-73.97649383544923,40.748241424560554,-73.994873046875,40.74069213867188,N,548,1.7727850424445812,2
id1252405,1,2016-01-16 02:02:09,2016-01-16 02:09:06,1,-74.0023422241211,40.73960876464844,-73.98287200927734,40.731342315673835,N,417,1.8923174581553093,2
id1418144,2,2016-03-10 02:08:36,2016-03-10 02:15:27,6,-74.00466918945312,40.70824813842773,-73.96949005126953,40.748699188232415,N,411,5.394641176100288,2
id0502338,1,2016-05-21 02:34:40,2016-05-21 02:51:33,1,-73.98109436035155,40.72515869140625,-73.95258331298828,40.78045654296875,N,1013,6.599155701879668,2
id1486103,2,2016-02-14 02:35:43,2016-02-14 02:49:51,1,-74.00536346435547,40.73982238769531,-73.96495819091797,40.77007293701172,N,848,4.803158259540576,2
id1542022,2,2016-04-28 02:35:16,2016-04-28 02:39:44,1,-73.95301055908203,40.77194595336913,-73.94881439208984,40.79122543334961,N,268,2.1695418480697626,2
id3424192,2,2016-02-27 02:20:18,2016-02-27 02:28:12,1,-74.00839996337889,40.73520278930664,-74.00491333007811,40.71643829345703,N,474,2.1038377546021403,2
id3162657,2,2016-01-09 02:31:58,2016-01-09 02:39:25,1,-73.98912048339844,40.74303817749024,-73.98776245117188,40.76016998291016,N,447,1.9051306783591049,2
id3526053,2,2016-05-01 02:39:30,2016-05-01 02:59:27,1,-73.98365783691406,40.765033721923835,-73.93000030517578,40.76039123535156,N,1197,4.58990958360158,2
id2322990,2,2016-06-08 02:41:27,2016-06-08 03:01:43,1,-73.98692321777342,40.7293815612793,-74.0447006225586,40.78363037109375,N,1216,7.770365689289955,2
id2755628,1,2016-02-27 02:33:08,2016-02-27 02:41:27,1,-73.98834228515625,40.72344207763672,-73.9801254272461,40.745513916015625,N,499,2.547583451430179,2
id0836401,2,2016-02-20 02:51:44,2016-02-20 03:12:23,2,-73.98435974121092,40.72509765625,-73.98197937011719,40.67383575439453,N,1239,5.693667293065753,2
id2426990,1,2016-04-29 02:11:46,2016-04-29 02:17:19,2,-73.98683929443358,40.76433563232422,-73.98505401611328,40.752227783203125,N,333,1.3525111394582376,2
id0915308,2,2016-06-12 02:25:18,2016-06-12 02:44:04,2,-73.98741149902342,40.74463272094727,-73.92390441894531,40.74362182617188,N,1126,5.399267917630495,2
id2708786,2,2016-05-30 02:44:42,2016-05-30 02:53:42,1,-73.99854278564453,40.72956085205078,-74.01009368896483,40.71136093139648,N,540,2.2461425344500494,2
id2362458,2,2016-04-18 02:37:13,2016-04-18 02:44:19,1,-73.99579620361328,40.75981903076172,-73.97215270996092,40.76192855834961,N,426,2.0232922766632826,2
id0324096,2,2016-05-13 02:29:33,2016-05-13 02:33:32,4,-73.94503021240233,40.80829620361328,-73.94570922851561,40.803726196289055,N,239,0.5105436876837599,2
id2498729,1,2016-04-27 02:41:48,2016-04-27 03:02:03,1,-73.98934936523438,40.745723724365234,-73.91468048095702,40.77872085571289,N,1215,7.327878739503732,2
id1234618,1,2016-05-22 02:32:56,2016-05-22 02:43:26,1,-73.99337005615233,40.73331451416016,-73.98313140869139,40.76430130004882,N,630,3.5479268462072406,2
id0534340,2,2016-05-09 02:20:27,2016-05-09 02:36:53,1,-73.98802947998048,40.689918518066406,-73.95011138916014,40.6975212097168,N,986,3.331686852360682,2
id0407069,1,2016-06-17 02:27:03,2016-06-17 02:43:07,1,-73.98151397705078,40.68965911865234,-74.0029754638672,40.650726318359375,N,964,4.690790663673884,2
id1280197,2,2016-05-12 02:21:51,2016-05-12 02:34:42,1,-73.9999008178711,40.734619140625,-74.0067367553711,40.70756149291992,N,771,3.0590896479078165,2
id0818899,1,2016-06-03 02:24:52,2016-06-03 02:36:50,1,-73.9984359741211,40.74440002441406,-73.96896362304686,40.796142578125,N,718,6.265994636949464,2
id0224310,2,2016-01-28 02:17:41,2016-01-28 02:26:01,2,-73.97480773925781,40.760101318359375,-73.99945831298828,40.75060272216797,N,500,2.345616884203591,2
id3099930,2,2016-03-10 02:40:46,2016-03-10 02:50:06,1,-73.9761962890625,40.7596435546875,-74.00006866455078,40.72698211669922,N,560,4.154650995859819,2
id1406147,1,2016-04-22 02:22:33,2016-04-22 02:30:54,1,-73.99012756347656,40.729358673095696,-74.00570678710938,40.74553680419922,N,501,2.2312316711434685,2
id1245376,1,2016-01-15 02:58:48,2016-01-15 03:03:28,1,-73.98114776611328,40.763580322265625,-73.97238922119139,40.76306915283203,N,280,0.7466353824409566,2
id2580671,1,2016-04-22 02:57:22,2016-04-22 03:13:45,1,-73.98894500732422,40.721633911132805,-73.96409606933594,40.67913818359375,N,983,5.1683218467382686,2
id0748030,1,2016-05-15 02:10:03,2016-05-15 02:22:32,1,-73.98417663574217,40.725128173828125,-73.99411010742188,40.74630737304688,N,749,2.497920667715668,2
id1985429,1,2016-06-10 02:05:33,2016-06-10 02:14:45,1,-73.98741912841797,40.76524353027344,-73.96658325195312,40.8008918762207,N,552,4.335227724308025,2
id0418525,1,2016-03-28 02:04:24,2016-03-28 02:13:05,1,-74.00141143798828,40.73118209838867,-73.97523498535155,40.74576568603516,N,521,2.7515561349454107,2
id0026172,1,2016-04-02 02:02:41,2016-04-02 02:09:05,1,-74.00261688232422,40.73379898071289,-73.9947967529297,40.72606658935546,N,384,1.0855928219433073,2
id3504864,1,2016-01-01 02:27:33,2016-01-01 02:48:48,2,-73.93848419189453,40.85103988647461,-73.93901824951173,40.80239868164063,N,1275,5.399364567650419,2
id2624934,2,2016-05-21 02:47:19,2016-05-21 02:58:23,1,-73.99632263183594,40.74267959594727,-73.96395874023438,40.75484085083008,N,664,3.0642859345387747,2
id0952528,2,2016-02-23 02:22:02,2016-02-23 02:26:18,1,-73.97560882568358,40.75694274902344,-73.99451446533203,40.73442840576172,N,256,2.9711687987252944,2
id3851293,2,2016-05-19 02:39:59,2016-05-19 02:42:07,1,-73.95137023925781,40.7851791381836,-73.95977020263672,40.77363967895508,N,128,1.4664395874611522,2
id0525501,2,2016-06-11 02:12:35,2016-06-11 02:26:11,1,-73.97994995117188,40.72682189941406,-74.01445770263672,40.70817947387695,N,816,3.589632528770446,2
id1940459,2,2016-01-07 02:06:18,2016-01-07 02:16:46,2,-73.97130584716798,40.754493713378906,-73.97303009033203,40.754928588867195,N,628,0.15430533504290334,2
id0951598,1,2016-04-02 02:55:06,2016-04-02 03:03:11,1,-74.00679779052734,40.744190216064446,-73.988525390625,40.75774383544922,N,485,2.162328003600245,2
id2628366,2,2016-03-05 02:11:29,2016-03-05 02:21:32,1,-74.00048065185547,40.737258911132805,-74.00559234619139,40.707664489746094,N,603,3.3135907618798663,2
id0428824,2,2016-01-09 02:08:04,2016-01-09 02:11:34,2,-73.99879455566406,40.73464584350586,-73.98822784423827,40.74919509887695,N,210,1.847925789794297,2
id1515419,2,2016-03-11 02:22:29,2016-03-11 02:26:27,6,-74.00674438476561,40.744140625,-73.99195098876953,40.75924301147461,N,238,2.095555118902017,2
id0758496,1,2016-04-24 02:42:22,2016-04-24 02:51:27,1,-74.00508117675781,40.71961975097656,-73.98756408691406,40.72443008422852,N,545,1.581796239581779,2
id0407921,2,2016-03-08 02:23:56,2016-03-08 02:32:45,2,-73.96176147460938,40.7796745300293,-73.954345703125,40.76374816894531,N,529,1.8768426391779032,2
id3202268,1,2016-01-16 02:40:50,2016-01-16 03:04:57,1,-73.99958038330078,40.7436408996582,-73.92288208007811,40.84810256958008,N,1447,13.302319899041542,2
id0814601,1,2016-03-20 02:55:07,2016-03-20 03:04:25,4,-73.95327758789062,40.77155685424805,-73.93880462646483,40.79402542114258,N,558,2.780914736252437,2
id1298277,2,2016-05-04 02:08:31,2016-05-04 02:17:05,1,-73.98702239990233,40.766109466552734,-73.96744537353516,40.760448455810554,N,514,1.7787368645015214,2
id0567744,2,2016-01-30 02:25:31,2016-01-30 03:19:41,2,-73.98526763916014,40.72779846191406,-73.9852066040039,40.727638244628906,N,3250,0.01852539064728447,2
id2523115,1,2016-01-02 02:08:01,2016-01-02 02:13:20,1,-73.9781951904297,40.7519416809082,-73.989501953125,40.735855102539055,N,319,2.027823614078709,2
id2797523,1,2016-01-16 02:49:10,2016-01-16 02:59:27,1,-73.95458221435547,40.71084213256836,-73.94331359863281,40.69533920288086,N,617,1.9694370102963878,2
id2545391,1,2016-01-23 02:31:10,2016-01-23 02:44:59,2,-74.0006332397461,40.7374267578125,-73.98521423339844,40.71781539916992,N,829,2.5409518050707263,2
id1849434,1,2016-03-05 02:31:52,2016-03-05 02:51:14,1,-73.98801422119139,40.718307495117195,-73.91940307617188,40.68796920776367,N,1162,6.734389499026424,2
id2304989,2,2016-06-02 02:36:14,2016-06-02 02:59:29,1,-73.97573852539062,40.76115036010742,-73.9301528930664,40.696170806884766,N,1395,8.187636427987389,2
id1150292,2,2016-03-25 02:09:54,2016-03-25 02:14:45,1,-73.98809051513672,40.73468017578125,-73.98676300048828,40.74700164794922,N,291,1.3723303152491673,2
id1997053,2,2016-03-27 02:59:44,2016-03-27 03:03:23,1,-73.91754913330078,40.770706176757805,-73.9117660522461,40.76456451416016,N,219,0.8404650207841823,2
id3221352,1,2016-04-16 02:34:02,2016-04-16 03:09:52,1,-74.00635528564453,40.733295440673835,-73.93241119384764,40.607383728027344,N,2150,15.324441565099493,2
id1092395,1,2016-06-09 02:07:14,2016-06-09 02:26:35,1,-73.96233367919923,40.760608673095696,-73.94804382324217,40.709827423095696,N,1161,5.766102942694719,2
id2756010,1,2016-03-08 02:40:25,2016-03-08 02:47:39,1,-73.95452117919923,40.82068634033203,-73.93890380859375,40.83713150024414,N,434,2.2570612687072598,2
id1557539,1,2016-06-16 02:04:10,2016-06-16 02:15:39,1,-74.0008316040039,40.73386764526367,-73.99435424804686,40.69474792480469,N,689,4.377054559874011,2
id1070971,2,2016-02-20 02:06:28,2016-02-20 02:14:36,5,-73.98902893066406,40.73155975341797,-73.98497772216798,40.72426986694336,N,488,0.8794014213093161,2
id3050581,2,2016-06-17 02:20:36,2016-06-17 02:29:17,6,-73.95372772216798,40.7752685546875,-73.97865295410156,40.74123001098633,N,521,4.331748229296401,2
id3021428,2,2016-03-05 02:00:42,2016-03-05 02:16:10,1,-73.99308776855469,40.75807189941406,-74.01107025146483,40.71572113037109,N,928,4.943191207737598,2
id0115733,2,2016-02-28 02:05:42,2016-02-28 02:09:23,1,-73.98912048339844,40.76339721679688,-73.98261260986328,40.76132583618164,N,221,0.5990500144318682,2
id3561979,2,2016-04-17 02:36:28,2016-04-17 02:48:30,4,-73.98801422119139,40.72877502441406,-74.00408935546875,40.70737075805664,N,722,2.7407639503013,2
id0180007,2,2016-02-21 02:10:29,2016-02-21 02:11:17,1,-73.98732757568358,40.74797439575195,-73.98575592041014,40.7481689453125,N,48,0.13532486369679952,2
id2532634,1,2016-04-24 02:25:33,2016-04-24 02:35:50,1,-73.99308013916014,40.71998596191406,-73.97332763671875,40.74394989013672,N,617,3.1455515680554287,2
id2967233,2,2016-04-16 02:59:02,2016-04-16 03:05:08,1,-73.9950942993164,40.75960159301758,-74.00209045410156,40.75069046020508,N,366,1.1541341688980051,2
id1855471,1,2016-03-05 02:38:10,2016-03-05 02:47:27,1,-73.96515655517578,40.8001365661621,-73.95112609863281,40.77871322631836,N,557,2.6602834318161133,2
id2320753,1,2016-05-04 02:49:55,2016-05-04 02:53:50,1,-74.0028076171875,40.72859573364258,-73.99080657958984,40.75007247924805,N,235,2.5929999213295005,2
id2883325,2,2016-01-18 02:27:33,2016-01-18 02:39:21,1,-74.0003662109375,40.73229217529297,-73.97222137451173,40.75238037109375,N,708,3.270338612177851,2
id2136899,1,2016-03-25 02:54:45,2016-03-25 03:02:38,1,-73.98778533935547,40.721439361572266,-74.00774383544923,40.72476196289063,N,473,1.7360984154340438,2
id2559710,1,2016-02-21 02:08:09,2016-02-21 02:24:46,1,-74.00431060791014,40.7227897644043,-73.95317840576173,40.77640151977539,N,997,7.369060057834211,2
id1246044,1,2016-04-23 02:00:09,2016-04-23 02:14:25,2,-73.99202728271484,40.725704193115234,-73.97180938720702,40.74753189086913,N,856,2.970460475642037,2
id2495316,1,2016-02-08 02:29:40,2016-02-08 02:34:42,1,-74.00938415527344,40.72615814208984,-73.99521636962889,40.74974822998047,N,302,2.8821497889065304,2
id3275070,1,2016-01-21 02:03:08,2016-01-21 02:18:05,1,-73.987548828125,40.75550842285156,-73.93175506591797,40.76507568359375,N,897,4.859916804746515,2
id1165688,1,2016-04-16 02:47:59,2016-04-16 03:05:25,1,-73.9871826171875,40.72903060913086,-73.95675659179686,40.72200393676758,N,1046,2.7012648732065334,2
id2852787,1,2016-04-24 02:44:20,2016-04-24 02:47:31,2,-73.99091339111328,40.71784210205078,-73.98958587646483,40.71272659301758,N,191,0.5789247285372829,2
id3085148,1,2016-04-09 02:53:41,2016-04-09 03:00:33,1,-74.00045776367188,40.729934692382805,-74.00907897949219,40.71345901489258,N,412,1.9701550494158604,2
id2825195,2,2016-01-31 02:21:01,2016-01-31 02:33:33,1,-73.99105834960938,40.75580978393555,-74.00440216064453,40.74232864379882,N,752,1.8776838178673887,2
id3806660,2,2016-03-16 02:01:40,2016-03-16 02:04:53,2,-74.00409698486328,40.71916961669922,-74.00566101074217,40.70874786376953,N,193,1.1644284391266535,2
id1081198,1,2016-01-27 02:11:38,2016-01-27 02:15:41,1,-73.99226379394531,40.74359130859375,-73.98103332519531,40.75969314575195,N,243,2.0262519805148083,2
id1564430,2,2016-05-15 02:29:08,2016-05-15 02:50:46,1,-73.98816680908203,40.7200584411621,-73.9998779296875,40.75886154174805,N,1298,4.420678919249932,2
id2907573,2,2016-03-27 02:40:55,2016-03-27 02:44:34,2,-73.97212219238281,40.7940788269043,-73.96276092529298,40.80509185791016,N,219,1.458604144632502,2
id2813799,2,2016-02-26 02:14:31,2016-02-26 03:14:36,2,-73.96797943115233,40.75725936889648,-73.9616928100586,40.66001892089844,N,3605,10.806908972233627,2
id3896824,1,2016-05-07 02:27:23,2016-05-07 02:34:00,1,-73.99839782714845,40.73313522338867,-74.00261688232422,40.73941802978516,N,397,0.7841957665325701,2
id1372395,2,2016-06-24 02:51:02,2016-06-24 02:58:20,2,-73.99725341796875,40.76290130615234,-73.98065185546875,40.764408111572266,N,438,1.421010268746356,2
id2377095,2,2016-03-17 02:31:47,2016-03-17 02:43:37,1,-74.00624084472656,40.743839263916016,-73.99662017822266,40.72544097900391,N,710,2.199851380590889,2
id0774788,1,2016-04-23 02:22:49,2016-04-23 02:31:41,1,-74.00332641601561,40.743682861328125,-74.0051498413086,40.71887969970703,N,532,2.757510173081629,2
id3072251,2,2016-03-22 02:24:08,2016-03-22 02:26:22,1,-73.970947265625,40.7548828125,-73.964111328125,40.75894927978516,N,134,0.7357761413470588,2
id3211559,2,2016-01-10 02:16:02,2016-01-10 02:18:17,1,-73.95166015625,40.777881622314446,-73.95043182373048,40.78628921508789,N,135,0.9390650698263509,2
id2378742,2,2016-03-16 02:01:12,2016-03-16 02:03:32,5,-73.98347473144531,40.743846893310554,-73.97924041748048,40.745960235595696,N,140,0.42961408749109115,2
id3278944,2,2016-05-29 02:05:04,2016-05-29 02:11:01,3,-73.98217010498048,40.77140045166016,-73.9879379272461,40.759910583496094,N,357,1.3663608563015668,2
id3037797,1,2016-03-20 02:03:36,2016-03-20 02:10:45,2,-73.97175598144531,40.76189422607422,-73.98212432861328,40.755252838134766,N,429,1.1489828262981723,2
id2164793,2,2016-06-13 02:05:28,2016-06-13 02:11:15,2,-73.96392059326173,40.76144027709961,-73.98117065429686,40.737468719482415,N,347,3.038089727258572,2
id0577002,2,2016-02-25 02:10:27,2016-02-25 02:18:54,1,-73.96822357177734,40.75572204589844,-73.9407501220703,40.753116607666016,N,507,2.3530830134010707,2
id2872285,2,2016-05-22 02:27:15,2016-05-22 02:40:16,1,-73.98280334472656,40.72124862670898,-73.96942138671875,40.76848983764648,N,781,5.365724553726566,2
id3631622,2,2016-03-18 02:37:39,2016-03-18 02:55:00,3,-73.99077606201173,40.74589157104492,-73.92890930175781,40.7583122253418,N,1041,5.43640065993103,2
id1929879,1,2016-02-28 02:14:11,2016-02-28 02:26:33,2,-73.98859405517578,40.75677490234375,-73.98381042480467,40.73891067504882,N,742,2.024188446941441,2
id0699415,1,2016-03-26 02:41:51,2016-03-26 02:49:17,2,-73.9945068359375,40.75042343139648,-73.97959136962889,40.76211929321289,N,446,1.814602647229327,2
id2184061,1,2016-03-16 02:59:55,2016-03-16 03:09:00,1,-73.99002838134764,40.72959899902344,-73.9620590209961,40.71320724487305,N,545,2.9937492535994137,2
id1800001,2,2016-06-03 02:10:29,2016-06-03 02:26:31,1,-73.99717712402342,40.72244644165039,-73.95069122314453,40.668216705322266,N,962,7.200498121789923,2
id1947819,1,2016-02-17 02:02:09,2016-02-17 02:24:22,1,-73.9701156616211,40.763214111328125,-73.83524322509764,40.843505859375,N,1333,14.520932727335403,2
id2651937,2,2016-06-12 02:28:26,2016-06-12 02:40:54,1,-73.97042846679686,40.75254821777344,-73.99922943115233,40.73148727416992,N,748,3.3850035911993652,2
id3620905,2,2016-04-03 02:55:59,2016-04-03 03:03:24,2,-74.00061798095702,40.72991943359375,-73.9879608154297,40.72281265258789,N,445,1.3340769495204918,2
id2097438,2,2016-03-25 02:26:25,2016-03-25 02:49:28,1,-73.9876937866211,40.72800064086913,-73.94425964355469,40.79487991333008,N,1383,8.290956958451147,2
id3917619,1,2016-06-08 02:49:57,2016-06-08 02:59:02,1,-73.9865951538086,40.74113082885742,-73.99303436279298,40.754539489746094,N,545,1.5858097893790404,2
id2036594,1,2016-04-28 02:02:59,2016-04-28 02:15:57,1,-73.99015808105469,40.7607536315918,-73.94072723388672,40.84900665283203,N,778,10.65912359640896,2
id0415100,1,2016-03-19 02:17:02,2016-03-19 02:22:59,1,-74.00663757324217,40.744258880615234,-73.9851303100586,40.74787902832031,N,357,1.8717600298284869,2
id2805616,2,2016-05-18 02:39:04,2016-05-18 02:46:31,2,-73.9500732421875,40.72395706176758,-73.9974365234375,40.721485137939446,N,447,4.035218370486661,2
id2267668,1,2016-03-07 02:56:13,2016-03-07 03:06:33,1,-73.9500961303711,40.67418670654297,-73.92914581298828,40.639545440673835,N,620,4.23752047895361,2
id1250920,1,2016-06-24 02:17:16,2016-06-24 02:24:43,1,-73.98503875732422,40.77823257446289,-73.9597396850586,40.81047058105469,N,447,4.1748522979565355,2
id2830265,2,2016-02-20 02:19:49,2016-02-20 02:32:15,2,-73.95793151855469,40.71323013305664,-73.92008209228516,40.74176025390625,N,746,4.514341699935437,2
id2229314,2,2016-04-03 02:55:47,2016-04-03 03:02:31,1,-73.9987030029297,40.733280181884766,-74.00138854980467,40.72628021240234,N,404,0.8098343080477898,2
id2877172,1,2016-02-26 02:05:10,2016-02-26 02:14:03,1,-73.98998260498048,40.718914031982415,-74.00776672363281,40.713409423828125,N,533,1.6304665099999816,2
id0014145,1,2016-04-30 02:54:17,2016-04-30 02:56:49,2,-73.9896469116211,40.76238250732422,-73.99574279785155,40.75413513183594,N,152,1.0519241214907042,2
id3564621,2,2016-04-22 02:17:33,2016-04-22 02:28:33,2,-74.10128784179686,40.90447998046875,-74.0979995727539,40.90774154663086,N,660,0.4573733243001693,2
id0832918,2,2016-04-05 02:50:00,2016-04-05 03:03:32,2,-73.97589874267578,40.752174377441406,-73.93780517578125,40.7491455078125,N,812,3.2553608586678418,2
id0542347,1,2016-03-24 02:54:35,2016-03-24 03:14:43,2,-74.0066146850586,40.739540100097656,-73.98068237304686,40.742652893066406,N,1208,2.2311626586211917,2
id2988586,1,2016-02-21 02:15:56,2016-02-21 02:29:20,1,-73.99507904052734,40.72049331665039,-73.95585632324217,40.71565628051758,N,804,3.3768874931081663,2
id0853990,2,2016-02-08 02:22:32,2016-02-08 02:30:46,1,-73.97339630126953,40.75424957275391,-73.9951171875,40.72491836547852,N,494,3.7428240495152414,2
id1343511,2,2016-02-26 02:27:12,2016-02-27 01:52:27,2,-73.96356964111328,40.76089096069336,-73.95555114746092,40.80648040771485,N,84315,5.106121634780024,2
id0476964,2,2016-04-09 02:22:05,2016-04-09 02:41:47,1,-73.98165130615233,40.76904678344727,-74.00494384765625,40.72138214111328,N,1182,5.649086010448923,2
id3187239,2,2016-03-15 02:52:48,2016-03-15 02:56:56,1,-73.99492645263672,40.72592926025391,-73.99212646484375,40.73445129394531,N,248,0.9754264957683304,2
id1534067,1,2016-06-19 02:46:27,2016-06-19 02:52:15,1,-73.94424438476561,40.71455764770508,-73.95167541503906,40.72890472412109,N,348,1.7132143576668153,2
id1517006,1,2016-04-23 02:01:43,2016-04-23 02:06:44,1,-74.0052490234375,40.7397346496582,-73.99344635009764,40.73392868041992,N,301,1.1923912557790384,2
id2698825,1,2016-04-17 02:11:49,2016-04-17 02:28:43,1,-74.00056457519531,40.73594665527344,-73.96752166748048,40.80035781860352,N,1014,7.6815257943740125,2
id0624280,2,2016-06-29 02:16:06,2016-06-29 02:34:52,1,-74.00016784667967,40.71864318847656,-73.98154449462889,40.780323028564446,N,1126,7.02708236809092,2
id1364967,1,2016-03-15 02:44:35,2016-03-15 02:56:31,1,-73.97718048095702,40.78776931762695,-73.9714584350586,40.750938415527344,N,716,4.117060261006909,2
id2038435,2,2016-02-18 02:24:32,2016-02-18 02:32:21,1,-74.00431823730467,40.74061584472656,-73.98175048828125,40.755977630615234,N,469,2.5665698734390783,2
id0026498,1,2016-04-12 02:11:20,2016-04-12 02:14:50,1,-73.96875,40.79869842529297,-73.9656524658203,40.80895614624024,N,210,1.1686521275488315,2
id3027933,2,2016-04-03 02:45:45,2016-04-03 02:55:31,5,-74.00253295898438,40.74504089355469,-73.97282409667967,40.75153350830078,N,586,2.626077723943024,2
id1422888,2,2016-05-22 02:25:13,2016-05-22 02:31:40,2,-73.99024963378906,40.72499084472656,-73.98026275634764,40.73604965209961,N,387,1.492457399189781,2
id1190576,2,2016-06-16 02:14:01,2016-06-16 02:38:13,6,-73.94249725341797,40.70104217529297,-73.9569091796875,40.71860122680664,N,1452,2.30205841360402,2
id0825728,1,2016-04-02 02:52:08,2016-04-02 03:01:18,3,-73.9840087890625,40.727195739746094,-73.99295043945312,40.73823928833008,N,550,1.442334900390085,2
id1711174,2,2016-05-08 02:34:38,2016-05-08 02:40:59,1,-73.99040985107422,40.75157165527344,-73.99610900878906,40.75997924804688,N,381,1.0514813360455453,2
id1801172,1,2016-01-17 02:49:51,2016-01-17 03:05:34,1,-74.00040435791014,40.73040390014648,-73.97627258300781,40.748733520507805,N,943,2.889112797389394,2
id1795231,2,2016-04-09 02:19:39,2016-04-09 02:27:14,1,-73.98262786865233,40.76688766479492,-73.9932861328125,40.762104034423835,N,455,1.0500917883235397,2
id2324118,2,2016-04-04 02:21:43,2016-04-04 02:28:47,1,-73.99144744873048,40.72993087768555,-74.01130676269531,40.71334838867188,N,424,2.4974988048227758,2
id3942799,2,2016-02-28 02:43:16,2016-02-28 02:47:55,2,-73.98381805419923,40.74359893798828,-73.98457336425781,40.73210144042969,N,279,1.2778360582582071,2
id1855288,1,2016-01-01 02:00:31,2016-01-01 02:05:29,1,-73.97786712646483,40.737892150878906,-73.96489715576173,40.755958557128906,N,298,2.2884282237883653,2
id1243949,2,2016-01-03 02:56:09,2016-01-03 03:07:40,2,-73.98483276367188,40.76416778564453,-74.0354766845703,40.745906829833984,N,691,4.758079458228221,2
id3805958,1,2016-03-26 02:13:22,2016-03-26 02:20:04,2,-73.99732208251953,40.72237014770508,-74.00723266601561,40.70521926879882,N,402,2.0818001460662328,2
id3598688,1,2016-01-11 02:19:13,2016-01-11 02:36:00,1,-73.98352813720702,40.72624206542969,-73.93083953857422,40.695022583007805,N,1007,5.662682798097351,2
id0922363,1,2016-04-24 02:17:33,2016-04-24 02:23:35,1,-73.9872817993164,40.74796676635742,-73.99923706054686,40.74417495727539,N,362,1.0999117378050989,2
id3073221,2,2016-03-19 02:48:24,2016-03-19 02:57:35,1,-73.95977020263672,40.71598052978516,-73.94805145263672,40.705612182617195,N,551,1.5220849439886506,2
id2170000,1,2016-05-11 02:32:30,2016-05-11 02:41:39,1,-73.98359680175781,40.76041030883789,-73.98226165771484,40.730377197265625,N,549,3.3356065301285573,2
id1146330,1,2016-05-29 02:47:59,2016-05-29 02:54:12,1,-73.9866714477539,40.7475814819336,-73.99481201171875,40.75363540649414,N,373,0.964549962096803,2
id0830392,1,2016-04-07 02:08:12,2016-04-07 02:19:50,1,-73.9888916015625,40.72706985473633,-73.95719146728516,40.72726821899414,N,698,2.694601374833883,2
id1369355,1,2016-04-17 02:09:43,2016-04-17 02:20:36,1,-73.96794891357422,40.75509262084961,-73.9910659790039,40.750991821289055,N,653,2.016984756628035,2
id3971271,2,2016-04-10 02:16:58,2016-04-10 02:27:54,5,-73.98658752441406,40.747661590576165,-74.00247192382812,40.71899032592773,N,656,3.457071302270825,2
id1558082,1,2016-01-22 02:15:20,2016-01-22 02:36:48,3,-73.98204803466798,40.76335144042969,-73.90304565429686,40.8175163269043,N,1288,9.013419023144634,2
id3857807,2,2016-02-17 02:24:59,2016-02-17 02:26:28,2,-73.94020080566406,40.78938674926758,-73.93474578857422,40.79573822021485,N,89,0.8438243720488617,2
id1066267,1,2016-03-10 02:31:05,2016-03-10 02:41:00,1,-73.99238586425781,40.72519302368164,-73.94686889648438,40.72269821166992,N,595,3.878840186519839,2
id0845629,1,2016-04-15 02:58:47,2016-04-15 03:21:57,1,-74.01171112060547,40.70893096923828,-73.85137939453125,40.72126388549805,N,1390,13.696779912971627,2
id1391116,1,2016-01-27 02:09:53,2016-01-27 02:19:26,1,-73.9814453125,40.72468948364258,-73.98584747314453,40.74995040893555,N,573,2.8288195899824786,2
id1319149,1,2016-06-12 02:56:27,2016-06-12 03:01:54,1,-73.99126434326173,40.73281478881836,-73.99742126464844,40.719337463378906,N,327,1.5848812263331737,2
id0248025,2,2016-03-05 02:18:46,2016-03-05 02:26:09,1,-73.98827362060547,40.72962951660156,-73.99758911132812,40.7193603515625,N,443,1.3879099421899181,2
id3652419,2,2016-01-11 02:22:04,2016-01-11 02:24:51,6,-73.99458312988281,40.75070190429688,-73.98628234863281,40.75756072998047,N,167,1.0380013443800236,2
id3481844,1,2016-02-19 02:13:27,2016-02-19 02:25:30,1,-73.98064422607422,40.76750564575195,-73.92204284667967,40.763347625732415,N,723,5.0024542397053535,2
id3385384,2,2016-03-06 02:51:39,2016-03-06 02:55:22,5,-73.98686981201173,40.7611198425293,-73.9979476928711,40.754009246826165,N,223,1.228659751000125,2
id2063983,1,2016-04-14 02:57:33,2016-04-14 03:07:33,1,-73.97491455078125,40.75017929077149,-73.94983673095702,40.72611618041992,N,600,3.4173162285450798,2
id1226935,2,2016-01-17 02:59:41,2016-01-17 03:00:23,3,-73.96009063720702,40.80053329467773,-73.95915985107422,40.8020133972168,N,42,0.18234892255375487,2
id3346785,2,2016-01-01 02:11:45,2016-01-01 02:27:43,6,-73.94544982910156,40.82062149047852,-73.941162109375,40.79759979248047,N,958,2.5812672843212536,2
id0427158,2,2016-02-21 02:51:35,2016-02-21 02:54:39,1,-73.99478149414062,40.76065826416016,-73.98090362548828,40.779651641845696,N,184,2.415839726243372,2
id2963934,1,2016-02-19 02:01:37,2016-02-19 02:07:33,1,-73.98774719238281,40.72847366333008,-73.97285461425781,40.74348449707031,N,356,2.0925237400575374,2
id3047115,2,2016-05-20 02:49:33,2016-05-20 02:52:38,6,-73.9918441772461,40.74488067626953,-73.99241638183594,40.73738861083984,N,185,0.8330403314405121,2
id2335885,1,2016-03-27 02:18:58,2016-03-27 02:33:33,4,-73.99237060546875,40.72493743896485,-73.98624420166014,40.76822662353516,N,875,4.833234500165964,2
id0637773,2,2016-02-21 02:11:58,2016-02-21 02:27:33,1,-73.990478515625,40.7649803161621,-73.9578857421875,40.76084899902344,N,935,2.8080828502584927,2
id0370870,1,2016-06-19 02:34:41,2016-06-19 02:49:04,1,-73.9881820678711,40.71897506713867,-73.95812225341797,40.71745681762695,N,863,2.5606359219839168,2
id2263706,2,2016-06-16 02:00:27,2016-06-16 02:05:17,2,-73.99298858642578,40.73165893554688,-73.9888916015625,40.7483024597168,N,290,1.879966930377612,2
id0422092,2,2016-05-14 02:50:17,2016-05-14 02:54:17,1,-73.98046112060547,40.730560302734375,-73.99266815185547,40.73566818237305,N,240,1.1823997372026145,2
id0277782,2,2016-06-18 02:04:13,2016-06-18 02:18:11,2,-73.99211883544923,40.725200653076165,-73.97364044189453,40.74805068969727,N,838,2.9832994523968654,2
id0714066,2,2016-01-01 02:21:34,2016-01-01 02:30:14,3,-73.98717498779298,40.72528076171875,-73.97354125976561,40.74628448486328,N,520,2.603547633907065,2
id0598545,1,2016-03-19 02:28:43,2016-03-19 02:45:39,1,-73.9880599975586,40.73202896118164,-73.99998474121092,40.734729766845696,N,1016,1.0570076488828601,2
id2172935,2,2016-02-28 02:11:54,2016-02-28 02:16:47,3,-73.95988464355469,40.81389617919922,-73.96884918212889,40.79889297485352,N,293,1.8314016151336845,2
id2078254,1,2016-01-30 02:55:46,2016-01-30 02:59:02,1,-73.98818969726561,40.74819946289063,-73.99002838134764,40.75938415527344,N,196,1.251299467188818,2
id0188040,1,2016-06-21 02:49:58,2016-06-21 03:02:12,1,-73.91746520996092,40.742820739746094,-73.86114501953125,40.74946212768555,N,734,4.8436446918086284,2
id0933184,2,2016-06-25 02:03:51,2016-06-25 02:09:46,1,-73.9851303100586,40.73235321044922,-73.9851303100586,40.73235321044922,N,355,0.0,2
id0661414,1,2016-02-07 02:07:08,2016-02-07 02:16:16,1,-73.98652648925781,40.722332000732415,-73.97540283203125,40.73003768920898,N,548,1.2749833857763384,2
id3025027,1,2016-01-29 02:26:22,2016-01-29 02:33:26,1,-73.89013671875,40.74615859985352,-73.8669662475586,40.73729705810546,N,424,2.2014588957989223,2
id3410490,2,2016-03-02 02:09:45,2016-03-02 02:20:26,3,-74.00418853759764,40.738128662109375,-73.98175048828125,40.77845001220703,N,641,4.8650963984238915,2
id0376621,1,2016-01-18 02:34:42,2016-01-18 02:40:24,2,-73.99220275878906,40.74840927124024,-73.98641204833984,40.76027297973633,N,342,1.4058527627551127,2
id1176279,1,2016-02-16 02:36:05,2016-02-16 02:45:45,1,-73.97589111328125,40.791534423828125,-73.98595428466798,40.757637023925774,N,580,3.8586139433073248,2
id3814834,2,2016-05-18 02:00:30,2016-05-18 02:08:44,1,-73.99398803710938,40.73277282714844,-73.99019622802734,40.73708724975586,N,494,0.5772571372228945,2
id0253282,1,2016-05-14 02:14:36,2016-05-14 02:21:26,2,-73.97955322265625,40.764678955078125,-73.95453643798828,40.77798461914063,N,410,2.589016978306871,2
id1623556,2,2016-03-26 02:27:09,2016-03-26 02:39:38,5,-73.99784851074217,40.76395034790039,-73.98806762695312,40.732181549072266,N,749,3.6230146153764156,2
id0878347,1,2016-01-25 02:02:18,2016-01-25 02:18:05,1,-73.99326324462889,40.71541213989258,-73.95087432861328,40.68685150146485,N,947,4.79920719416211,2
id0157290,2,2016-01-02 02:20:44,2016-01-02 02:31:43,1,-73.9942626953125,40.72459030151367,-73.96147155761719,40.76280975341797,N,659,5.0760570764761885,2
id3014460,2,2016-01-03 02:23:38,2016-01-03 02:32:44,2,-73.99324035644531,40.74102020263672,-73.97833251953125,40.731121063232415,N,546,1.6772242820611072,2
id1563267,1,2016-02-26 02:31:40,2016-02-26 02:34:14,1,-73.96973419189453,40.75711441040039,-73.9674301147461,40.76497650146485,N,154,0.8943977805018692,2
id1476918,1,2016-01-15 02:49:33,2016-01-15 03:03:36,1,-74.01115417480467,40.70825958251953,-73.97393035888672,40.67893981933594,N,843,4.5390284684021625,2
id1340307,1,2016-02-27 02:23:55,2016-02-27 02:35:47,2,-73.98851013183594,40.72322845458984,-73.97812652587889,40.759727478027344,N,712,4.146416302575863,2
id2474590,1,2016-03-27 02:56:06,2016-03-27 03:02:45,1,-73.96598052978516,40.754592895507805,-73.9808349609375,40.76298522949219,N,399,1.5690792606340498,2
id3449939,2,2016-02-21 02:37:51,2016-02-21 02:49:40,5,-73.96871948242188,40.798931121826165,-73.9929962158203,40.76348114013672,N,709,4.4431902896630096,2
id0827795,2,2016-03-06 02:23:44,2016-03-06 02:37:56,5,-73.98538208007811,40.74950408935546,-73.97274017333984,40.79326629638672,N,852,4.975038672661856,2
id2368534,2,2016-05-15 02:03:04,2016-05-15 02:15:45,2,-73.99331665039062,40.76258087158203,-73.95195007324217,40.773223876953125,N,761,3.709315043542419,2
id0107641,2,2016-04-17 02:25:11,2016-04-17 02:28:11,1,-73.97335052490233,40.76411056518555,-73.98287200927734,40.76531982421875,N,180,0.8203815832128423,2
id3531324,2,2016-06-04 02:54:42,2016-06-04 03:18:04,1,-74.01033782958984,40.71189880371094,-73.92292785644531,40.764041900634766,N,1402,9.418186423323522,2
id2810238,1,2016-02-23 02:37:51,2016-02-23 02:59:47,1,-73.99967193603516,40.75797271728516,-73.9803237915039,40.65702438354492,N,1316,11.325310084798229,2
id0143719,2,2016-01-29 02:26:23,2016-01-29 02:33:06,1,-73.98519897460938,40.72837829589844,-73.97686767578125,40.74760055541992,N,403,2.2481197176382084,2
id0205763,1,2016-03-27 03:32:35,2016-03-27 03:38:06,1,-73.98683929443358,40.760963439941406,-73.98076629638672,40.7469482421875,N,331,1.6390940543955395,3
id0642710,1,2016-06-12 03:38:42,2016-06-12 03:42:09,1,-74.00254821777344,40.739612579345696,-73.99456787109375,40.75046920776367,N,207,1.3828819697632666,3
id2229294,1,2016-06-02 03:23:19,2016-06-02 03:46:15,1,-73.98629760742188,40.73040771484375,-73.83541107177734,40.7035026550293,N,1376,13.168473624115443,3
id0137519,2,2016-01-09 03:18:25,2016-01-09 03:26:28,1,-74.00556945800781,40.719436645507805,-73.98417663574217,40.737335205078125,N,483,2.693265318396658,3
id0670743,1,2016-04-23 03:56:46,2016-04-23 04:09:25,2,-73.99687957763672,40.72063827514648,-73.9754638671875,40.75768280029297,N,759,4.496853381213425,3
id3066485,2,2016-03-26 03:21:13,2016-03-26 03:31:24,2,-73.99960327148438,40.7283592224121,-73.97958374023438,40.74563980102539,N,611,2.564161570454105,3
id3861000,1,2016-02-20 03:54:42,2016-02-20 04:15:52,1,-74.00336456298828,40.7331428527832,-73.96466827392578,40.755821228027344,N,1270,4.14192378926057,3
id1339373,2,2016-02-21 03:22:38,2016-02-21 03:33:23,5,-73.99090576171875,40.7194709777832,-74.01629638671875,40.71128082275391,N,645,2.3418617902971968,3
id1051928,2,2016-03-10 03:32:20,2016-03-10 03:43:58,5,-73.99212646484375,40.72200012207031,-73.94268035888672,40.69192123413086,N,698,5.367664627135708,3
id3659463,1,2016-02-11 03:15:44,2016-02-11 03:20:25,2,-73.92741394042967,40.69253158569336,-73.92759704589844,40.67768096923828,N,281,1.6484919004567493,3
id3839837,2,2016-06-09 03:37:58,2016-06-09 03:54:12,1,-73.98925018310547,40.7187728881836,-73.9188003540039,40.684616088867195,N,974,7.08757461123071,3
id1530163,1,2016-05-26 03:21:16,2016-05-26 03:25:40,1,-73.98508453369139,40.75873565673828,-73.98754119873048,40.74811553955078,N,264,1.197184865761768,3
id0529125,2,2016-05-08 03:31:02,2016-05-08 03:45:31,5,-73.93778228759764,40.624710083007805,-73.93257904052734,40.66793823242188,N,869,4.818664429454954,3
id1620916,1,2016-03-20 03:07:54,2016-03-20 03:17:41,1,-74.00175476074217,40.75103759765625,-73.96925354003906,40.76114654541016,N,587,2.9817901811640963,3
id1498300,1,2016-01-13 03:26:49,2016-01-13 03:39:22,1,-73.99385070800781,40.72745513916016,-73.98537445068358,40.7681999206543,N,753,4.579699204537784,3
id3705522,2,2016-04-22 03:07:16,2016-04-22 04:03:55,1,-73.99603271484375,40.76652145385742,-73.68231964111328,40.74831008911133,N,3399,26.742122780180164,3
id1790948,1,2016-04-28 03:59:54,2016-04-28 04:04:16,1,-73.91740417480467,40.74271011352539,-73.91983032226561,40.728191375732415,N,262,1.6247207426623191,3
id1571536,1,2016-02-13 03:55:18,2016-02-13 04:12:17,3,-73.99754333496092,40.721229553222656,-73.86318969726561,40.736934661865234,N,1019,11.55234747855675,3
id0086782,2,2016-04-17 03:44:12,2016-04-17 03:50:11,1,-73.99010467529298,40.7147216796875,-73.98605346679686,40.723121643066406,N,359,0.9939522005508834,3
id2255719,2,2016-05-15 03:59:14,2016-05-15 04:05:17,2,-73.99047088623048,40.74446105957031,-73.97920227050781,40.73474884033203,N,363,1.442098556655329,3
id0779490,1,2016-03-27 03:49:01,2016-03-27 03:55:40,1,-73.96520233154298,40.759376525878906,-73.95655059814453,40.74654769897461,N,399,1.6026804539945965,3
id1323594,1,2016-02-08 03:32:01,2016-02-08 03:41:42,1,-74.00640869140625,40.74361038208008,-73.98417663574217,40.73736953735352,N,581,2.0126946189930375,3
id0685990,1,2016-04-01 03:30:29,2016-04-01 03:49:52,1,-73.99085998535155,40.75566864013672,-73.8617935180664,40.76847076416016,N,1163,11.062300751297608,3
id3547086,1,2016-05-15 03:50:13,2016-05-15 03:58:12,1,-73.9862060546875,40.730594635009766,-73.98522186279298,40.74783706665039,N,479,1.9157373332600491,3
id3787994,2,2016-06-05 03:09:52,2016-06-05 03:17:49,1,-74.00167083740233,40.73080825805664,-73.99417877197266,40.758419036865234,N,477,3.1302594240690444,3
id3678156,2,2016-04-10 03:51:45,2016-04-10 04:02:44,2,-73.9986801147461,40.73322677612305,-74.0052719116211,40.711055755615234,N,659,2.523960744684251,3
id3532097,1,2016-03-29 03:26:31,2016-03-29 03:31:05,1,-73.97978973388672,40.75348281860352,-73.9699935913086,40.75387191772461,N,274,0.8337914813099014,3
id0946595,1,2016-04-20 03:25:16,2016-04-20 03:37:06,1,-73.9818344116211,40.773197174072266,-73.92532348632812,40.75878143310546,N,710,5.062943610963211,3
id1162414,1,2016-06-26 03:07:50,2016-06-26 03:22:39,2,-73.99937438964845,40.73094940185546,-73.95438385009764,40.778179168701165,N,889,6.489092651244707,3
id2826731,2,2016-04-13 03:56:29,2016-04-13 04:11:55,1,-73.97559356689453,40.760696411132805,-73.90940856933594,40.7744369506836,N,926,5.828808981739519,3
id0743130,2,2016-04-11 03:47:04,2016-04-11 03:55:33,2,-73.9863739013672,40.74763488769531,-73.9622573852539,40.760589599609375,N,509,2.5039713033599167,3
id3028249,1,2016-03-15 03:12:12,2016-03-15 03:21:48,1,-73.99056243896483,40.76094818115234,-73.99988555908203,40.72711944580078,N,576,3.8377008983919136,3
id3710379,1,2016-04-13 03:10:49,2016-04-13 03:17:55,2,-73.98646545410156,40.72232055664063,-74.00025939941406,40.730411529541016,N,426,1.4769231201250514,3
id2445947,1,2016-03-27 03:39:45,2016-03-27 03:46:26,1,-73.98043060302734,40.74679183959961,-73.96131896972656,40.76034927368164,N,401,2.2144103678771305,3
id3548681,1,2016-05-01 03:03:55,2016-05-01 03:19:19,1,-73.97982025146483,40.743255615234375,-73.91683959960938,40.77328872680664,N,924,6.306489173118535,3
id2499346,1,2016-05-08 03:09:46,2016-05-08 03:20:12,1,-73.9837875366211,40.731964111328125,-73.9533920288086,40.775299072265625,N,626,5.460120954575497,3
id1302681,1,2016-05-25 03:24:27,2016-05-25 03:31:06,2,-73.9537353515625,40.682743072509766,-73.9356689453125,40.69696807861328,N,399,2.202582192896278,3
id1809696,2,2016-03-04 03:26:41,2016-03-04 03:38:31,1,-73.98332214355469,40.76259994506836,-73.97334289550781,40.74745941162109,N,710,1.8825297255883588,3
id0516543,1,2016-02-21 03:00:14,2016-02-21 03:11:34,2,-73.9792709350586,40.76162338256836,-73.98753356933594,40.747825622558594,N,680,1.6849060659919328,3
id1986065,2,2016-01-04 03:20:08,2016-01-04 03:25:11,1,-73.98757934570312,40.71831512451172,-73.95403289794923,40.71172332763672,N,303,2.943828372960991,3
id2951668,1,2016-04-15 03:39:23,2016-04-15 03:53:58,2,-74.00251770019531,40.749977111816406,-73.98265838623048,40.71991729736328,N,875,3.7393378092105953,3
id3046252,1,2016-03-18 03:00:06,2016-03-18 03:13:01,1,-73.96870422363281,40.75464630126953,-73.91361999511719,40.74953079223633,N,775,4.716464579433899,3
id0304938,2,2016-06-12 03:03:01,2016-06-12 03:07:37,3,-73.9925079345703,40.72378921508789,-73.99017333984375,40.73482894897461,N,276,1.2413740175922854,3
id1687613,2,2016-04-21 03:07:43,2016-04-21 03:25:27,2,-74.00602722167967,40.73542022705078,-73.93914794921875,40.714622497558594,N,1064,6.135604427029508,3
id1202872,2,2016-01-08 03:25:42,2016-01-08 03:30:11,1,-73.94076538085938,40.70009613037109,-73.95083618164062,40.69219207763672,N,269,1.2257690220740611,3
id3387988,2,2016-01-28 03:05:13,2016-01-28 03:07:55,4,-73.96993255615233,40.75318145751953,-73.97744750976561,40.7425193786621,N,162,1.344871304725996,3
id1328548,1,2016-02-20 03:04:26,2016-02-20 03:07:07,1,-74.00702667236328,40.74420166015625,-73.99866485595702,40.744571685791016,N,161,0.7119401575843987,3
id2195865,1,2016-01-16 03:46:05,2016-01-16 03:50:41,1,-73.99542236328125,40.76491928100586,-73.99079132080078,40.7514533996582,N,276,1.5456771328076246,3
id1902903,1,2016-03-05 03:48:09,2016-03-05 03:59:13,2,-73.98915100097656,40.73162841796875,-73.99088287353516,40.755565643310554,N,664,2.6611068480576963,3
id2609541,1,2016-05-07 03:05:30,2016-05-07 03:09:20,1,-73.92134857177734,40.773193359375,-73.90901947021484,40.77480697631836,N,230,1.0631696278550251,3
id2223113,2,2016-02-07 03:52:42,2016-02-07 04:04:12,3,-74.00943756103516,40.738178253173835,-73.98682403564453,40.722259521484375,N,690,2.610914564614021,3
id1533209,2,2016-06-18 03:44:17,2016-06-18 03:53:00,2,-73.98363494873048,40.7619743347168,-73.98592376708984,40.73115921020508,N,523,3.4260071358733644,3
id1513460,2,2016-06-12 03:39:15,2016-06-12 03:59:40,1,-74.00001525878906,40.72858810424805,-73.97215270996092,40.749732971191406,N,1225,3.334322924661987,3
id0626641,2,2016-04-24 03:46:33,2016-04-24 03:49:44,1,-73.98103332519531,40.741729736328125,-73.97357177734375,40.747108459472656,N,191,0.8710363802773586,3
id0257339,2,2016-01-15 03:39:28,2016-01-15 03:42:12,3,-74.00533294677734,40.72859573364258,-74.00191497802734,40.73011016845703,N,164,0.33565534222515037,3
id1558072,2,2016-04-24 03:40:38,2016-04-24 03:43:39,1,-73.98770904541014,40.76057052612305,-73.98899078369139,40.75886917114258,N,181,0.21802313577012256,3
id3343525,1,2016-04-13 03:54:41,2016-04-13 04:19:29,1,-73.99650573730467,40.753223419189446,-73.95430755615233,40.68578338623047,N,1488,8.30080208097343,3
id0948338,1,2016-05-01 03:43:36,2016-05-01 03:54:40,1,-74.00669860839844,40.744178771972656,-74.005615234375,40.71146011352539,N,664,3.6329383713908965,3
id0524510,2,2016-03-17 03:57:52,2016-03-17 04:27:31,1,-73.98329162597656,40.7564811706543,-73.8587188720703,40.82358169555664,N,1779,12.945860037752022,3
id0293001,1,2016-04-24 03:25:26,2016-04-24 03:38:00,2,-74.00856018066406,40.74070358276367,-73.98526000976561,40.75798797607422,N,754,2.7574153922557354,3
id1715677,2,2016-04-22 03:06:20,2016-04-22 03:20:37,1,-73.9891128540039,40.71852111816406,-73.95063018798828,40.66915130615234,N,857,6.382049325680274,3
id0189779,2,2016-03-06 03:11:31,2016-03-07 00:00:00,1,-74.00783538818358,40.7151756286621,-74.00614929199219,40.74848175048828,N,74909,3.6997564367070677,3
id3210503,1,2016-01-31 03:48:51,2016-01-31 03:49:55,1,-73.98001098632812,40.7226676940918,-73.97665405273438,40.72711944580078,N,64,0.5706113169777184,3
id1307593,2,2016-06-25 03:17:39,2016-06-25 03:25:27,1,-74.00151824951173,40.729400634765625,-73.9803237915039,40.756813049316406,N,468,3.5361001876959457,3
id2749916,2,2016-02-28 03:52:32,2016-02-28 03:59:48,1,-73.98921203613281,40.75725936889648,-73.98108673095702,40.74470901489258,N,436,1.5548943704017026,3
id1681925,1,2016-02-28 03:10:58,2016-02-28 03:18:27,1,-73.99529266357422,40.74782943725586,-74.00336456298828,40.751556396484375,N,449,0.8011806197328696,3
id0489504,1,2016-04-22 03:30:48,2016-04-22 04:01:14,1,-73.95830535888672,40.764507293701165,-73.85234832763672,40.680976867675774,N,1826,12.92602052312101,3
id0479754,1,2016-01-31 03:59:03,2016-01-31 04:29:05,1,-73.98480224609375,40.736427307128906,-73.98294830322266,40.717529296875,N,1802,2.1035899896114993,3
id3953802,2,2016-01-08 03:39:01,2016-01-08 03:52:38,1,-73.96761322021484,40.7598991394043,-74.00373077392578,40.751628875732415,N,817,3.20430553116844,3
id3340489,1,2016-06-19 03:07:53,2016-06-19 03:18:06,2,-73.97747039794923,40.68389892578125,-73.9240951538086,40.66819763183594,N,613,4.860136518197446,3
id0227808,2,2016-01-10 03:10:38,2016-01-10 03:38:55,1,-73.98654174804686,40.75716018676758,-73.90966033935547,40.87435150146485,N,1697,14.557450945788515,3
id0814302,1,2016-05-08 03:13:36,2016-05-08 03:27:59,2,-74.0082015991211,40.73813629150391,-73.98033905029298,40.72196960449219,N,863,2.971390602320937,3
id2297796,1,2016-04-23 03:36:07,2016-04-23 03:57:22,2,-73.98914337158203,40.71858215332031,-73.95574951171875,40.77616882324219,N,1275,6.994008905621494,3
id3967222,2,2016-03-06 03:47:00,2016-03-06 03:53:48,2,-73.99578857421875,40.764698028564446,-73.99131774902342,40.74982070922852,N,408,1.6945439775733848,3
id2251751,1,2016-05-31 03:00:12,2016-05-31 03:12:35,1,-73.99032592773438,40.737281799316406,-73.95697784423827,40.71251678466797,N,743,3.948598058552978,3
id3178209,2,2016-01-14 03:58:14,2016-01-14 04:05:58,1,-73.9753646850586,40.758094787597656,-73.94803619384764,40.79131317138672,N,464,4.357947764355246,3
id0445266,1,2016-02-13 03:45:50,2016-02-13 03:54:57,1,-73.99710845947266,40.765228271484375,-73.9861602783203,40.76298141479492,N,547,0.9634358824754867,3
id3121190,2,2016-02-02 03:12:32,2016-02-02 03:25:49,1,-73.98941040039062,40.76054000854492,-73.94979095458984,40.80184173583984,N,797,5.688466439049464,3
id0022050,2,2016-04-03 03:08:33,2016-04-03 03:18:48,2,-73.98062896728516,40.73006820678711,-73.99044799804686,40.719135284423835,N,615,1.4728546437781442,3
id3834943,2,2016-01-14 03:12:40,2016-01-14 03:20:06,5,-73.98719787597656,40.748584747314446,-73.97219848632812,40.756290435791016,N,446,1.5352799577171063,3
id1041506,1,2016-04-25 03:36:17,2016-04-25 03:53:10,3,-73.98207092285155,40.76165390014648,-73.87315368652342,40.77432632446289,N,1013,9.364216524823638,3
id1382617,2,2016-05-22 03:19:25,2016-05-22 03:30:45,1,-73.98725891113281,40.7197265625,-73.98130798339844,40.74134826660156,N,680,2.4527345511483785,3
id1739782,2,2016-04-24 03:35:23,2016-04-24 03:54:01,1,-73.98353576660156,40.72292709350586,-73.95236206054686,40.780738830566406,N,1118,6.942655338897604,3
id1726355,1,2016-01-03 03:11:07,2016-01-03 03:25:35,1,-73.98701477050781,40.72089385986328,-73.9239501953125,40.74010848999024,N,868,5.769209576144587,3
id0335195,1,2016-06-29 03:15:40,2016-06-29 03:24:29,1,-74.00381469726561,40.741676330566406,-73.97943878173827,40.74285507202149,N,529,2.076079880948208,3
id1715444,2,2016-05-22 03:07:48,2016-05-22 03:09:35,1,-73.99497985839844,40.75516891479492,-74.00157165527344,40.74639129638672,N,107,1.1239351079789912,3
id1047104,2,2016-01-16 03:08:37,2016-01-16 03:22:02,1,-73.98818969726561,40.73202133178711,-74.01280212402342,40.70235061645508,N,805,3.901731464093524,3
id2356645,1,2016-03-19 03:01:45,2016-03-19 03:31:48,2,-73.95291900634764,40.69723129272461,-73.89371490478516,40.82104110717773,N,1803,14.63528414281292,3
id2286580,1,2016-03-19 03:10:42,2016-03-19 03:20:48,1,-74.00428009033203,40.74217987060546,-73.98203277587889,40.746429443359375,N,606,1.9489654942122683,3
id1114699,2,2016-04-02 03:06:08,2016-04-02 03:13:23,1,-73.98548889160156,40.74724960327149,-73.98898315429686,40.73512268066406,N,435,1.3784666588731527,3
id0510715,2,2016-04-17 03:37:09,2016-04-17 03:53:28,6,-74.00050354003906,40.7299919128418,-73.96871185302734,40.692779541015625,N,979,4.935992824065858,3
id2385762,1,2016-02-18 03:02:17,2016-02-18 03:08:14,1,-74.00398254394531,40.751983642578125,-74.00006866455078,40.73796081542969,N,357,1.5916888287543218,3
id2089942,1,2016-04-01 03:13:48,2016-04-01 03:35:51,1,-73.9915313720703,40.74484252929688,-73.9306640625,40.86092758178711,N,1323,13.885315175413105,3
id0228649,1,2016-04-03 03:03:26,2016-04-03 03:11:59,1,-74.00287628173827,40.74974060058594,-73.99413299560547,40.75249862670898,N,513,0.8037647379880055,3
id3333922,1,2016-01-23 03:42:23,2016-01-23 04:03:55,1,-74.00409698486328,40.72392272949219,-74.00028991699219,40.65641784667969,N,1292,7.5000263835809555,3
id0906124,1,2016-04-17 03:48:27,2016-04-17 03:49:21,1,-73.97782897949219,40.77891540527344,-73.97789001464844,40.77854919433594,N,54,0.04097914208510178,3
id3939446,1,2016-03-03 03:39:36,2016-03-03 03:47:50,1,-74.00251007080078,40.75003433227539,-73.98241424560547,40.74645233154297,N,494,1.7538093510499315,3
id0432614,2,2016-06-04 03:15:11,2016-06-04 03:25:23,3,-73.95523834228516,40.76763534545898,-73.98065948486328,40.73824691772461,N,612,3.9128559371963214,3
id1515282,2,2016-02-28 03:16:10,2016-02-28 03:20:04,1,-73.94505310058594,40.80857467651367,-73.95281219482422,40.79920196533203,N,234,1.2318044878424934,3
id0230478,1,2016-04-10 03:48:11,2016-04-10 03:55:22,1,-73.99742889404298,40.72095489501953,-73.97843933105469,40.745162963867195,N,431,3.1346201197604477,3
id1312885,2,2016-02-12 03:27:20,2016-02-12 03:38:32,1,-73.96842193603516,40.75487518310546,-73.91922760009764,40.77499771118164,N,672,4.7406823493077415,3
id1429765,1,2016-01-02 03:53:04,2016-01-02 03:57:11,1,-73.99515533447266,40.74479675292969,-73.99076843261719,40.75590133666992,N,247,1.2877767280947283,3
id1544600,1,2016-01-01 03:11:24,2016-01-01 03:19:47,1,-73.98788452148438,40.74562454223633,-73.98821258544923,40.75963592529297,N,503,1.5555134882162631,3
id0568418,2,2016-03-09 03:49:45,2016-03-09 03:52:41,1,-74.00676727294923,40.744155883789055,-73.99685668945312,40.74755859375,N,176,0.92319823435201,3
id3653273,2,2016-03-25 03:41:36,2016-03-26 03:40:12,1,-73.9832534790039,40.76211166381836,-73.99604797363281,40.76734924316406,N,86316,1.2331741736601816,3
id0760418,2,2016-02-24 03:08:36,2016-02-24 03:14:25,1,-73.99360656738281,40.72123336791992,-73.98566436767578,40.73259735107422,N,349,1.430691356594887,3
id2838845,1,2016-01-09 03:04:38,2016-01-09 03:05:49,1,-73.98513793945312,40.75871276855469,-73.98697662353516,40.75387191772461,N,71,0.5596019009908958,3
id3255669,1,2016-05-20 03:11:37,2016-05-20 03:24:18,1,-73.98727416992188,40.72921371459961,-73.94590759277342,40.7114143371582,N,761,4.0332229162129645,3
id2049656,2,2016-04-24 03:37:05,2016-04-24 03:52:30,1,-73.99515533447266,40.72521209716797,-73.95933532714845,40.763179779052734,N,925,5.199180338857947,3
id3279792,1,2016-02-15 03:06:11,2016-02-15 03:52:56,1,-73.99819946289062,40.74026870727539,-73.87913513183594,40.8840217590332,N,2805,18.895412134865957,3
id3747400,2,2016-04-17 03:24:31,2016-04-17 03:26:01,4,-73.98770141601561,40.74411392211913,-73.9924087524414,40.742706298828125,N,90,0.4295483240003622,3
id3810236,1,2016-01-27 03:23:46,2016-01-27 03:37:59,1,-73.98310089111328,40.67731475830078,-73.92244720458984,40.681594848632805,N,853,5.1774070765007,3
id2029895,1,2016-01-27 03:54:50,2016-01-27 04:02:31,3,-73.98771667480467,40.72112655639648,-73.99288940429686,40.730201721191406,N,461,1.09911818088429,3
id3787605,1,2016-05-22 03:21:29,2016-05-22 03:34:54,1,-74.00231170654298,40.75047302246094,-73.95664215087889,40.77088165283203,N,805,4.494562193395918,3
id1040835,2,2016-01-03 03:04:18,2016-01-03 03:14:49,1,-73.92826080322266,40.62240982055664,-73.89266204833984,40.64117813110352,N,631,3.673704036903306,3
id2570847,1,2016-04-08 03:43:21,2016-04-08 03:51:12,1,-73.9666290283203,40.75725555419922,-73.99192047119139,40.720191955566406,N,471,4.6418754361514605,3
id2369329,1,2016-04-23 03:14:10,2016-04-23 03:32:52,1,-74.01065826416014,40.711124420166016,-73.97854614257811,40.740509033203125,N,1122,4.253113078328234,3
id2071198,2,2016-02-13 03:45:27,2016-02-13 03:54:42,5,-74.00170135498048,40.71735382080078,-73.99127960205078,40.75018310546875,N,555,3.7501777572417128,3
id0632295,2,2016-06-10 03:34:13,2016-06-10 03:49:06,6,-73.99105834960938,40.76068878173828,-73.94542694091797,40.816890716552734,N,893,7.345876238760358,3
id1235232,2,2016-04-16 03:54:14,2016-04-16 03:59:02,1,-73.98605346679686,40.74749374389648,-73.97859191894531,40.74121856689453,N,288,0.9420319138057903,3
id0952858,2,2016-05-14 03:46:15,2016-05-14 03:51:06,6,-73.9925765991211,40.7430419921875,-73.9796371459961,40.76195526123047,N,291,2.3700304168859425,3
id1897672,2,2016-06-04 03:13:32,2016-06-04 03:21:51,1,-73.98753356933594,40.74776840209961,-73.98236083984375,40.74743270874024,N,499,0.44125811155567546,3
id2692633,1,2016-01-17 03:15:13,2016-01-17 03:17:53,1,-73.99896240234375,40.73410034179688,-73.99243927001953,40.74342346191406,N,160,1.1740447806080958,3
id3882303,1,2016-03-13 03:46:08,2016-03-13 04:09:21,3,-73.98221588134764,40.76272964477539,-73.88324737548828,40.7171630859375,N,1393,9.81577350786174,3
id0132632,2,2016-06-19 03:41:10,2016-06-19 03:55:59,3,-73.9891586303711,40.7644157409668,-73.93630981445312,40.84067153930664,N,889,9.582555248564468,3
id0758753,2,2016-06-24 03:38:48,2016-06-24 03:45:59,1,-74.00154113769531,40.751628875732415,-73.97540283203125,40.74559020996094,N,431,2.3206660408476556,3
id1957543,2,2016-02-28 03:38:14,2016-02-28 03:43:20,1,-73.94181823730467,40.828521728515625,-73.93972778320312,40.83681869506836,N,306,0.9379480874422943,3
id2969621,1,2016-04-21 03:45:02,2016-04-21 03:52:55,1,-73.98709869384764,40.72941589355469,-73.99624633789062,40.736324310302734,N,473,1.0920706866694598,3
id1619873,1,2016-06-25 03:40:44,2016-06-25 03:50:11,1,-73.98826599121092,40.731407165527344,-73.99457550048828,40.71056365966797,N,567,2.3749750369071143,3
id2938653,1,2016-04-24 03:12:03,2016-04-24 03:24:55,1,-73.98909759521484,40.71895980834961,-74.00978851318358,40.714935302734375,N,772,1.8145751962135186,3
id3358657,2,2016-04-03 03:25:33,2016-04-03 03:32:52,2,-73.98737335205078,40.75571060180664,-73.98945617675781,40.740272521972656,N,439,1.7227478683036008,3
id3997791,1,2016-05-21 03:02:38,2016-05-21 03:18:49,1,-73.96774291992188,40.762691497802734,-73.93494415283203,40.844772338867195,N,971,9.527969101224908,3
id1070650,1,2016-01-04 03:05:15,2016-01-04 03:08:30,1,-74.00674438476561,40.7439842224121,-73.99485778808595,40.76064300537109,N,195,2.1071525115792835,3
id0993963,1,2016-02-15 03:16:07,2016-02-15 03:34:17,1,-74.00250244140625,40.73962020874024,-73.95132446289062,40.8267822265625,N,1090,10.60796540852806,3
id2601540,2,2016-06-07 03:25:19,2016-06-07 03:30:38,6,-73.99193572998048,40.74423599243164,-74.00994873046875,40.71453857421875,N,319,3.634642223716531,3
id0975355,1,2016-06-12 03:43:29,2016-06-12 03:49:57,2,-73.98639678955078,40.74714279174805,-73.98468780517578,40.73250579833984,N,388,1.631187295394601,3
id0680276,2,2016-05-29 03:18:51,2016-05-29 03:23:53,1,-73.88337707519531,40.75582885742188,-73.87522888183594,40.76276016235352,N,302,1.0351944157319644,3
id1686407,2,2016-05-17 03:40:01,2016-05-17 03:42:51,1,-73.98310089111328,40.76311874389648,-73.98458862304686,40.75997161865234,N,170,0.37151514938689423,3
id0769431,1,2016-06-19 03:49:20,2016-06-19 03:49:23,1,-73.9713134765625,40.629199981689446,-73.97135162353516,40.6294174194336,N,3,0.024352421730690573,3
id3111366,1,2016-06-10 03:41:57,2016-06-10 03:49:05,1,-74.00250244140625,40.73339080810546,-73.97740173339844,40.76444625854492,N,428,4.054005011113059,3
id3499258,1,2016-03-13 03:16:21,2016-03-13 03:41:08,1,-73.98399353027342,40.725467681884766,-73.94316864013672,40.79400634765625,N,1487,8.361829961699984,3
id3853054,2,2016-03-19 03:07:20,2016-03-19 03:11:03,1,-73.98625946044923,40.76192092895508,-73.98229217529298,40.775169372558594,N,223,1.5087459141433597,3
id3036600,2,2016-03-12 03:58:15,2016-03-12 04:04:44,1,-73.99578857421875,40.759811401367195,-73.98355865478516,40.760833740234375,N,389,1.0457186942106014,3
id0999517,2,2016-03-30 03:06:55,2016-03-30 03:10:40,5,-73.97911834716798,40.761680603027344,-73.9886016845703,40.766010284423835,N,225,0.938478609808653,3
id0276199,1,2016-05-16 03:16:54,2016-05-16 03:24:17,2,-73.93730926513672,40.8052864074707,-73.91822814941406,40.80725860595703,N,443,1.6366020328178175,3
id0122749,1,2016-04-18 03:23:26,2016-04-18 03:29:57,3,-73.98336791992188,40.76292419433594,-73.98987579345702,40.75199508666992,N,391,1.3332977626109104,3
id1910873,2,2016-03-19 03:40:40,2016-03-19 03:48:55,1,-73.95461273193358,40.686771392822266,-73.94937133789062,40.72705078125,N,495,4.493154355788464,3
id2368329,2,2016-05-01 03:22:47,2016-05-01 03:30:28,3,-74.00628662109375,40.73345947265625,-73.99417114257811,40.7564811706543,N,461,2.755110308207428,3
id1574195,1,2016-02-21 03:24:12,2016-02-21 03:57:17,1,-73.99840545654298,40.740337371826165,-73.92985534667967,40.65667343139648,N,1985,10.963296619085014,3
id3708107,2,2016-03-26 03:09:31,2016-03-26 03:16:19,5,-73.98781585693358,40.748565673828125,-73.97626495361328,40.75200653076172,N,408,1.0534981091112319,3
id3843914,2,2016-03-06 03:48:40,2016-03-07 00:00:00,1,-73.99131011962889,40.75545120239258,-74.00151824951173,40.74629974365234,N,72680,1.3359496989487412,3
id0199313,2,2016-03-02 03:17:57,2016-03-02 03:31:12,5,-73.98628234863281,40.76703643798828,-73.94153594970702,40.83597183227539,N,795,8.544979170761824,3
id3018320,2,2016-03-29 03:10:42,2016-03-29 03:32:59,6,-73.99124908447266,40.74016952514648,-73.96363067626953,40.65275955200195,N,1337,9.982469757650689,3
id1132029,1,2016-03-09 03:04:29,2016-03-09 03:13:17,1,-74.00401306152342,40.751949310302734,-74.00487518310547,40.72138214111328,N,528,3.393747034275657,3
id1442446,1,2016-01-10 03:04:57,2016-01-10 03:13:41,1,-73.99213409423827,40.725616455078125,-73.97634887695312,40.74837493896485,N,524,2.860405583150865,3
id3698822,2,2016-01-01 03:29:09,2016-01-01 03:34:04,1,-73.95382690429686,40.77096939086913,-73.93464660644531,40.79690933227539,N,295,3.3088550923585984,3
id3989143,1,2016-03-13 03:36:15,2016-03-13 03:46:24,2,-73.98973083496092,40.72963333129882,-73.9635238647461,40.757862091064446,N,609,3.8445176190678336,3
id1596667,2,2016-03-20 03:56:21,2016-03-20 04:10:51,1,-73.99555969238281,40.766311645507805,-73.98300170898438,40.726749420166016,N,870,4.5192764183680865,3
id1317246,2,2016-06-26 03:22:50,2016-06-26 03:35:30,2,-74.00431823730467,40.730411529541016,-73.97847747802734,40.74523162841797,N,760,2.7441908423144943,3
id2363927,2,2016-03-18 03:03:36,2016-03-18 03:08:38,1,-73.9678192138672,40.76064682006836,-73.98222351074217,40.76673126220703,N,302,1.3982843132950302,3
id2640945,2,2016-05-07 03:54:23,2016-05-07 04:04:26,1,-74.0081787109375,40.738128662109375,-73.97880554199219,40.74093246459961,N,603,2.516041880653621,3
id3766465,2,2016-03-31 03:54:51,2016-03-31 03:59:08,2,-73.95562744140625,40.77273178100586,-73.96636962890625,40.754051208496094,N,257,2.265680643236049,3
id2685130,2,2016-03-06 03:25:39,2016-03-06 03:30:25,1,-73.9866485595703,40.74768829345703,-73.97930145263672,40.735931396484375,N,286,1.4467449601815359,3
id3449154,1,2016-06-09 03:42:12,2016-06-09 03:48:03,1,-73.91639709472656,40.76977157592773,-73.89125061035155,40.756881713867195,N,351,2.572122415833719,3
id2264608,2,2016-06-27 03:04:03,2016-06-27 03:28:57,1,-74.00267028808594,40.73383331298828,-73.93756866455078,40.84328842163086,N,1494,13.350352590673612,3
id2028954,2,2016-02-20 03:02:08,2016-02-21 02:30:41,5,-73.98786163330078,40.732585906982415,-73.99398040771484,40.76162338256836,N,84513,3.26485201801174,3
id1578537,1,2016-06-26 03:13:47,2016-06-26 03:34:10,1,-74.00489044189453,40.7398567199707,-73.92210388183594,40.866241455078125,N,1223,15.694647038972663,3
id0165994,2,2016-01-01 03:30:42,2016-01-01 03:33:56,1,-73.98673248291014,40.76675033569336,-73.99068450927734,40.76113128662109,N,194,0.7084232234796447,3
id0892384,2,2016-02-14 03:06:12,2016-02-14 03:10:36,1,-73.99073028564453,40.72589111328125,-73.99221801757811,40.73448944091797,N,264,0.9627555309050169,3
id3550566,1,2016-01-13 03:24:38,2016-01-13 03:28:31,1,-73.95758819580078,40.71794509887695,-73.94707489013672,40.72771835327149,N,233,1.4055017415471418,3
id0531594,2,2016-04-07 03:45:19,2016-04-07 03:49:56,1,-74.00669860839844,40.744140625,-74.00044250488281,40.7398796081543,N,277,0.7116750600119783,3
id3509697,1,2016-04-11 03:10:20,2016-04-11 03:21:36,1,-74.00581359863281,40.73671722412109,-73.980224609375,40.78047561645508,N,676,5.321946672303192,3
id1185004,2,2016-06-12 03:25:14,2016-06-12 04:06:14,1,-73.98800659179686,40.72817993164063,-73.88912200927734,40.85654067993164,N,2460,16.542488984948605,3
id2017084,2,2016-05-20 03:39:40,2016-05-20 03:55:05,1,-73.98312377929686,40.67742156982422,-74.0032501220703,40.61774826049805,N,925,6.841090898120679,3
id0703687,1,2016-01-31 03:02:15,2016-01-31 03:20:42,1,-73.7820587158203,40.64463806152344,-73.92191314697266,40.682811737060554,N,1107,12.620229476519269,3
id3781644,2,2016-06-05 03:23:15,2016-06-05 03:41:02,1,-74.00457763671875,40.71931076049805,-73.96112823486328,40.768848419189446,N,1067,6.623835974934847,3
id2859620,1,2016-01-01 03:32:19,2016-01-01 03:42:33,2,-73.94930267333984,40.67828369140625,-73.9632568359375,40.711471557617195,N,614,3.8700925441353373,3
id2437696,1,2016-02-21 03:29:56,2016-02-21 03:33:03,1,-73.98751068115233,40.73348617553711,-73.99201202392578,40.725677490234375,N,187,0.9474563459562585,3
id1323103,2,2016-03-06 03:43:19,2016-03-06 03:47:45,5,-73.98397064208984,40.743350982666016,-73.96910095214845,40.760250091552734,N,266,2.2618869769006023,3
id3706195,1,2016-04-14 03:09:22,2016-04-14 03:15:54,2,-73.9891357421875,40.748565673828125,-73.99971771240233,40.76174545288086,N,392,1.717346921231365,3
id2933798,1,2016-01-03 03:00:22,2016-01-03 03:05:24,1,-73.98482513427734,40.75850677490234,-73.986083984375,40.746219635009766,N,302,1.3680635058798272,3
id0195885,1,2016-02-18 03:03:59,2016-02-18 03:07:22,1,-74.00120544433594,40.730972290039055,-73.99981689453125,40.738574981689446,N,203,0.8521123454063806,3
id3634461,1,2016-01-29 03:28:57,2016-01-29 03:36:07,2,-73.99175262451173,40.7221565246582,-73.97893524169923,40.74164962768555,N,430,2.42254164418407,3
id3368568,2,2016-06-17 03:58:49,2016-06-17 04:00:35,6,-73.98391723632812,40.746360778808594,-73.98233795166014,40.7546501159668,N,106,0.9298571915610673,3
id0277113,1,2016-05-15 03:22:06,2016-05-15 03:36:32,1,-74.00262451171875,40.750038146972656,-73.94967651367188,40.785503387451165,N,866,5.9793282784969914,3
id2490035,2,2016-05-06 03:42:37,2016-05-06 03:56:12,2,-73.99029541015625,40.75643539428711,-73.95674133300781,40.74795913696289,N,815,3.003278358703858,3
id0888046,1,2016-04-01 03:07:54,2016-04-01 03:24:51,1,-73.9953842163086,40.72143173217773,-73.85999298095702,40.72698974609375,N,1017,11.524779722807123,3
id2464197,2,2016-04-02 03:33:55,2016-04-02 04:03:35,1,-73.96150207519531,40.76566696166992,-73.79032897949219,40.64677047729492,N,1780,19.643533702410537,3
id2699005,1,2016-05-13 03:05:34,2016-05-13 03:09:59,3,-73.98604583740233,40.71774673461913,-73.95699310302734,40.70840072631836,N,265,2.6785362705184865,3
id3366973,1,2016-02-05 03:15:49,2016-02-05 03:27:28,1,-73.95494079589844,40.80484390258789,-73.91942596435547,40.84297561645508,N,699,5.198845077500024,3
id0534443,1,2016-04-15 03:40:20,2016-04-15 04:06:16,1,-74.00971984863281,40.704692840576165,-73.89635467529298,40.74661636352539,N,1556,10.700861031756267,3
id3754444,2,2016-02-18 03:17:44,2016-02-18 03:31:14,2,-73.90543365478516,40.85031127929688,-73.92346954345702,40.864501953125,N,810,2.198041874143081,3
id3451651,1,2016-01-03 03:51:55,2016-01-03 04:03:13,1,-73.98258972167967,40.73145294189453,-74.00718688964845,40.7076416015625,N,678,3.3700198892175384,3
id2870813,1,2016-03-03 03:58:47,2016-03-03 04:04:34,1,-74.0041275024414,40.75197982788086,-73.99231719970702,40.74446868896485,N,347,1.3049455558159173,3
id2594482,2,2016-06-04 03:24:57,2016-06-04 03:43:23,1,-73.98719024658203,40.7210807800293,-73.93614196777344,40.79887008666992,N,1106,9.66355851686922,3
id3924332,2,2016-06-26 03:45:41,2016-06-26 03:49:17,4,-73.98648834228516,40.755313873291016,-73.98815155029298,40.74778747558594,N,216,0.847307360084736,3
id0981052,2,2016-02-06 03:25:26,2016-02-06 03:25:36,1,-74.04115295410156,40.71937942504882,-74.04113006591797,40.7193717956543,N,10,0.0021218222686354305,3
id2712037,2,2016-02-14 03:03:46,2016-02-14 03:21:32,2,-74.0025634765625,40.75035095214844,-73.99378204345702,40.721099853515625,N,1066,3.3315646433239725,3
id0463014,2,2016-03-24 03:56:48,2016-03-24 04:14:14,2,-73.98783874511719,40.741329193115234,-73.9314727783203,40.76533889770508,N,1046,5.482457890490358,3
id1201585,1,2016-04-28 03:14:03,2016-04-28 03:25:19,1,-73.98845672607422,40.71987915039063,-74.01241302490233,40.70165252685546,N,676,2.870473000276478,3
id2001265,1,2016-03-26 03:38:30,2016-03-26 03:47:58,1,-73.98812866210938,40.731929779052734,-74.01004028320312,40.71181488037109,N,568,2.907584926266706,3
id2782825,2,2016-01-11 03:02:00,2016-01-11 03:05:33,6,-73.99143981933594,40.723880767822266,-74.00070953369139,40.72861099243164,N,213,0.9468419201822014,3
id0468942,1,2016-05-08 03:56:36,2016-05-08 04:00:11,1,-73.98027038574217,40.72703170776367,-73.97611236572266,40.73331069946289,N,215,0.7814591930122959,3
id0750921,1,2016-01-10 03:35:04,2016-01-10 03:52:24,1,-73.95372009277344,40.77515411376953,-73.96411895751953,40.709503173828125,N,1040,7.34066489661612,3
id0325557,1,2016-06-05 03:19:02,2016-06-05 03:25:09,2,-74.00102996826173,40.74158477783203,-73.9869613647461,40.76108551025391,N,367,2.4729384736583553,3
id3891620,2,2016-04-24 03:34:24,2016-04-24 03:36:26,1,-73.99134063720702,40.744930267333984,-73.9913330078125,40.75217056274414,N,122,0.8036730521700701,3
id0813668,1,2016-05-21 03:26:31,2016-05-21 03:35:16,3,-73.99320220947266,40.741241455078125,-73.97666168212889,40.74660873413086,N,525,1.5269644162887188,3
id3218978,2,2016-04-16 03:24:10,2016-04-16 03:45:07,2,-74.00817108154298,40.73781967163086,-73.95401000976561,40.806251525878906,N,1257,8.88212884161131,3
id0941118,2,2016-02-06 04:13:51,2016-02-06 04:32:15,2,-74.00267028808594,40.73345565795898,-73.97473907470702,40.7879638671875,N,1104,6.4995445304151955,4
id2237767,2,2016-03-11 04:30:52,2016-03-11 04:34:09,1,-73.97853088378906,40.74121856689453,-73.98882293701173,40.72708511352539,N,197,1.7962441908449824,4
id1936800,1,2016-06-19 04:41:29,2016-06-19 04:47:28,1,-73.97174835205078,40.75573348999024,-73.986083984375,40.72944259643555,N,359,3.162471197246131,4
id2688641,2,2016-05-29 04:23:01,2016-05-29 04:44:27,1,-73.9866714477539,40.761428833007805,-73.9693603515625,40.6903190612793,N,1286,8.029166153921732,4
id2918467,2,2016-06-24 04:06:47,2016-06-24 04:08:10,3,-73.96765899658203,40.802616119384766,-73.97161865234375,40.7949333190918,N,83,0.9168053593225707,4
id2387398,2,2016-06-28 04:44:18,2016-06-28 05:06:40,1,-73.98462677001953,40.751171112060554,-73.87113189697266,40.77421188354492,N,1342,9.980319895912485,4
id2940324,1,2016-01-19 04:12:57,2016-01-19 04:22:58,1,-73.98372650146483,40.75704574584961,-73.97681427001953,40.761333465576165,N,601,0.7561208832591386,4
id3296906,2,2016-01-01 04:35:55,2016-01-01 05:07:02,1,-73.96820831298828,40.799930572509766,-73.91470336914062,40.77568054199219,N,1867,5.284800345374694,4
id1019437,1,2016-06-25 04:13:00,2016-06-25 04:19:55,4,-73.9946060180664,40.725955963134766,-73.97812652587889,40.74228286743164,N,415,2.2905243123614523,4
id1494693,2,2016-05-24 04:30:30,2016-05-24 05:18:25,6,-73.98247528076173,40.76259613037109,-73.84136962890625,40.78130340576172,N,2875,12.172405255418237,4
id2305443,2,2016-03-14 04:00:10,2016-03-14 04:29:24,1,-73.9871368408203,40.7293701171875,-73.93267822265625,40.65510177612305,N,1754,9.454495473966023,4
id2784423,2,2016-03-19 04:12:17,2016-03-19 04:19:53,5,-74.00477600097656,40.707275390625,-74.00160217285155,40.72943878173828,N,456,2.4748838224816416,4
id3274076,1,2016-03-25 04:32:03,2016-03-25 04:37:09,1,-74.00264739990233,40.73347091674805,-73.98686981201173,40.75106430053711,N,306,2.369012404862121,4
id0714774,2,2016-04-22 04:21:56,2016-04-22 04:52:22,1,-74.00536346435547,40.73963165283203,-73.87687683105469,40.67763900756836,N,1826,12.908403309104205,4
id1954121,2,2016-05-18 04:22:42,2016-05-18 04:51:03,1,-73.97064208984375,40.783653259277344,-74.18190002441406,40.68772888183594,N,1701,20.876365742283966,4
id3045805,2,2016-06-24 04:05:22,2016-06-24 04:08:16,4,-73.95606231689453,40.772010803222656,-73.95459747314453,40.76800155639648,N,174,0.462116503450309,4
id2329682,1,2016-05-15 04:06:48,2016-05-15 04:21:41,2,-73.98374938964845,40.72600936889648,-73.9914321899414,40.750118255615234,N,893,2.7546138060028786,4
id1497863,1,2016-05-14 04:57:59,2016-05-14 05:04:34,1,-73.98554992675781,40.74422836303711,-73.99996185302734,40.75386428833008,N,395,1.626246140624279,4
id1896182,1,2016-05-15 04:19:56,2016-05-15 04:40:22,3,-73.98830413818358,40.721878051757805,-73.97651672363281,40.7891845703125,N,1226,7.537908013972511,4
id1090054,2,2016-06-23 04:59:08,2016-06-23 05:03:00,2,-73.98111724853516,40.72515869140625,-73.98206329345702,40.732128143310554,N,232,0.7777772925140675,4
id1991627,2,2016-04-02 04:46:11,2016-04-02 05:08:45,2,-73.98362731933594,40.75618743896485,-73.89057159423827,40.727397918701165,N,1354,8.530886697259495,4
id2452419,2,2016-02-08 04:48:24,2016-02-08 05:02:03,2,-73.97531890869139,40.744495391845696,-73.86405181884764,40.76948165893555,N,819,9.855978202540404,4
id3966621,1,2016-02-23 04:42:12,2016-02-23 04:58:06,1,-73.96681976318358,40.75669860839844,-73.86561584472656,40.77099609375,N,954,8.74750075632779,4
id0079558,2,2016-06-01 04:47:19,2016-06-01 05:13:10,2,-73.96113586425781,40.66322708129882,-73.94450378417967,40.58376693725586,N,1551,8.932657159629077,4
id1797014,2,2016-06-11 04:33:32,2016-06-11 04:47:48,5,-73.99700164794923,40.722759246826165,-73.94307708740233,40.79090118408203,N,856,8.844188258318736,4
id1260671,2,2016-06-25 04:01:46,2016-06-25 04:07:30,4,-73.98970031738281,40.757911682128906,-73.9819107055664,40.778900146484375,N,344,2.4219810235990757,4
id2951652,1,2016-04-02 04:28:22,2016-04-02 04:45:55,2,-73.97031402587889,40.758934020996094,-73.92118072509764,40.77113342285156,N,1053,4.390377526213587,4
id3573417,2,2016-02-15 04:22:30,2016-02-15 04:31:05,4,-74.00643920898438,40.74374771118164,-74.00141906738281,40.729251861572266,N,515,1.6646593201298439,4
id3908249,2,2016-06-23 04:53:56,2016-06-23 05:01:37,1,-74.00301361083984,40.73334884643555,-74.01136779785155,40.70968246459961,N,461,2.72125215166732,4
id3945024,2,2016-05-01 04:14:15,2016-05-01 04:31:33,2,-73.9875717163086,40.76028060913086,-73.91960906982422,40.73844909667969,N,1038,6.264509489319633,4
id3547307,1,2016-01-09 04:01:44,2016-01-09 04:26:25,2,-73.96231842041014,40.68051910400391,-73.99198150634764,40.764408111572266,N,1481,9.64700208955008,4
id2336905,2,2016-01-16 04:06:03,2016-01-16 04:25:51,1,-73.98810577392578,40.718765258789055,-73.9353256225586,40.79856872558594,N,1188,9.929473366727548,4
id2707674,1,2016-04-01 04:53:17,2016-04-01 05:16:28,3,-73.9830780029297,40.7554931640625,-73.95132446289062,40.82503509521485,N,1391,8.177421340494584,4
id2460516,2,2016-01-16 04:06:17,2016-01-16 04:08:22,1,-74.00391387939453,40.74285507202149,-74.00757598876953,40.74104309082031,N,125,0.3706049685304777,4
id0528401,2,2016-06-25 04:23:54,2016-06-25 04:42:31,3,-73.97666931152342,40.75577163696289,-73.92462921142578,40.815650939941406,N,1117,7.983975786573906,4
id1592605,1,2016-01-16 04:36:50,2016-01-16 04:47:36,1,-73.97734832763672,40.683738708496094,-73.98446655273438,40.666549682617195,N,646,2.0016191645058794,4
id3662046,2,2016-06-05 04:36:57,2016-06-05 04:47:46,2,-74.00215911865233,40.74932861328125,-73.99849700927734,40.71704864501953,N,649,3.596572234928263,4
id0765916,1,2016-01-30 04:41:48,2016-01-30 04:41:55,1,-74.05532836914062,40.73004150390625,-74.05532836914062,40.73003768920898,N,7,0.00042343139727307744,4
id1090924,2,2016-02-15 04:00:02,2016-02-15 04:06:27,1,-74.00237274169923,40.73988342285156,-73.99017333984375,40.75703811645508,N,385,2.1682091031098496,4
id0920438,1,2016-01-30 04:20:57,2016-01-30 04:42:41,1,-73.98794555664062,40.72101974487305,-73.94217681884764,40.80727005004882,N,1304,10.334026519019435,4
id2113431,2,2016-05-13 04:18:53,2016-05-13 04:20:45,1,-73.95179748535155,40.77366256713867,-73.95404052734375,40.77631759643555,N,112,0.351003766120755,4
id1132159,2,2016-04-23 04:15:09,2016-04-23 04:21:47,2,-73.98617553710938,40.74741363525391,-73.97844696044923,40.73689651489258,N,398,1.339544449800288,4
id1788904,2,2016-06-10 04:17:11,2016-06-10 04:28:06,6,-73.95899200439453,40.708740234375,-73.92292022705078,40.6864013671875,N,655,3.9432806982096023,4
id2294488,2,2016-02-24 04:06:04,2016-02-24 04:09:33,5,-73.989501953125,40.72605895996094,-73.99851989746092,40.72335052490234,N,209,0.8233730424908748,4
id1517029,1,2016-05-31 04:03:05,2016-05-31 04:24:31,1,-73.78185272216798,40.64470672607422,-73.9621810913086,40.76488876342773,N,1286,20.32008777549587,4
id3548233,2,2016-04-20 04:21:45,2016-04-20 04:23:20,1,-73.9914321899414,40.717620849609375,-73.98492431640625,40.715362548828125,N,95,0.6073157035720943,4
id1674845,2,2016-01-03 04:51:54,2016-01-03 05:15:09,5,-73.9717254638672,40.75397491455078,-73.77669525146483,40.644901275634766,N,1395,20.52801556198288,4
id3616998,1,2016-04-23 04:01:41,2016-04-23 04:08:25,1,-73.99342346191406,40.72938537597656,-73.97964477539062,40.72723388671875,N,404,1.195288631607617,4
id1530501,2,2016-05-29 04:11:31,2016-05-29 04:22:49,5,-73.98776245117188,40.72850036621094,-73.9443130493164,40.71435928344727,N,678,4.012923263715167,4
id1496298,2,2016-06-07 04:07:11,2016-06-07 04:08:12,1,-73.94918823242188,40.781280517578125,-73.95498657226561,40.77330017089844,N,61,1.013698310290855,4
id1322963,1,2016-01-13 04:05:02,2016-01-13 04:06:37,1,-73.98839569091797,40.764209747314446,-73.99066162109375,40.76112365722656,N,95,0.39298974388671953,4
id2241543,2,2016-02-27 04:02:02,2016-02-27 04:16:14,1,-73.99498748779298,40.72551345825195,-73.97056579589844,40.687625885009766,N,852,4.689939370203831,4
id0651815,1,2016-02-20 04:55:49,2016-02-20 05:05:32,1,-73.94478607177734,40.80759811401367,-73.90879821777344,40.86122131347656,N,583,6.692209771104732,4
id0921742,1,2016-01-03 04:22:11,2016-01-03 04:24:14,1,-74.00289916992188,40.73120880126953,-73.99842834472656,40.727344512939446,N,123,0.5730631763592343,4
id3873366,1,2016-02-21 04:07:35,2016-02-21 04:10:36,1,-73.98445892333984,40.758953094482415,-73.99675750732422,40.74278259277344,N,181,2.0771559451524366,4
id1382209,2,2016-01-22 04:35:26,2016-01-22 05:07:06,1,-73.99977111816406,40.73318862915039,-73.92985534667967,40.85584259033203,N,1900,14.855113818901113,4
id2939347,1,2016-06-03 04:27:20,2016-06-03 04:42:48,1,-73.99789428710938,40.72769165039063,-73.94792175292967,40.71343231201172,N,928,4.532976361053699,4
id3700505,1,2016-03-12 04:16:02,2016-03-12 04:31:37,1,-73.98963928222656,40.75739669799805,-73.95361328125,40.74422454833984,N,935,3.393360014195169,4
id3728448,1,2016-01-23 04:03:10,2016-01-23 04:29:53,1,-73.95269012451173,40.727012634277344,-73.94815063476561,40.73056411743164,N,1603,0.5516253368927838,4
id0449133,1,2016-02-01 04:13:41,2016-02-01 04:26:33,1,-73.95794677734375,40.72245788574219,-73.92145538330078,40.7437858581543,N,772,3.901996146521632,4
id1267012,2,2016-02-21 04:11:38,2016-02-21 04:15:53,1,-73.9743881225586,40.783069610595696,-73.95822143554686,40.77363967895508,N,255,1.727416159635024,4
id0679913,1,2016-01-03 04:07:46,2016-01-03 04:18:14,1,-73.95284271240233,40.77661895751953,-73.98857879638672,40.76364135742188,N,628,3.361828904771799,4
id2934965,1,2016-06-18 04:24:21,2016-06-18 04:34:49,1,-73.95954895019531,40.69071578979492,-73.92974853515625,40.68651580810546,N,628,2.575579209836973,4
id3716171,2,2016-05-20 04:36:47,2016-05-20 04:43:50,1,-74.00697326660156,40.74374008178711,-73.98101806640625,40.746929168701165,N,423,2.2344107000833877,4
id2423836,1,2016-02-07 04:31:00,2016-02-07 04:43:01,1,-73.98831176757811,40.720008850097656,-73.94718933105469,40.69935989379882,N,721,4.179867386304345,4
id1470354,1,2016-03-25 04:54:53,2016-03-25 05:06:08,1,-74.00108337402342,40.73166275024414,-73.94354248046875,40.752635955810554,N,675,5.416765637643976,4
id1251884,2,2016-02-21 04:27:55,2016-02-21 04:37:39,2,-73.98712158203125,40.7478904724121,-73.97422790527344,40.750789642333984,N,584,1.142232093111174,4
id0860286,1,2016-06-05 04:02:23,2016-06-05 04:04:53,1,-73.9638671875,40.76122283935546,-73.9609146118164,40.7680892944336,N,150,0.8024328279547863,4
id0752720,1,2016-02-28 04:01:51,2016-02-28 04:05:57,1,-73.96453857421875,40.80688095092773,-73.97123718261719,40.79870223999024,N,246,1.071617188467036,4
id2972420,2,2016-04-23 04:14:18,2016-04-23 04:29:15,3,-73.97904205322266,40.723751068115234,-73.94934844970702,40.71420669555664,N,897,2.737286517540056,4
id1783367,1,2016-05-09 04:45:35,2016-05-09 04:49:36,1,-73.9915542602539,40.75017929077149,-73.98490905761719,40.74684143066406,N,241,0.6755137451246387,4
id1120657,1,2016-06-02 04:01:14,2016-06-02 04:12:49,1,-73.99555206298828,40.74947738647461,-73.98246002197266,40.72328186035156,N,695,3.11337681177646,4
id2435189,1,2016-06-10 04:01:18,2016-06-10 04:08:40,1,-74.00663757324217,40.744136810302734,-73.980224609375,40.78045272827149,N,442,4.6141069535163926,4
id0033130,1,2016-03-09 04:31:48,2016-03-09 04:51:21,1,-73.98442840576173,40.760040283203125,-73.87275695800781,40.774311065673835,N,1173,9.62334074406942,4
id1591904,2,2016-06-03 04:07:30,2016-06-03 04:26:07,1,-74.008056640625,40.74142837524414,-73.96578216552734,40.707279205322266,N,1117,5.223059653462613,4
id1170786,2,2016-01-03 04:40:13,2016-01-03 04:55:33,1,-73.98635101318358,40.75180816650391,-73.91754913330078,40.73934173583984,N,920,6.0096424910019905,4
id1973722,1,2016-04-04 04:48:27,2016-04-04 04:51:11,1,-73.93914794921875,40.81061935424805,-73.95137023925781,40.810333251953125,N,164,1.0393799258583847,4
id3228255,1,2016-03-13 04:02:39,2016-03-13 04:15:03,1,-73.99680328369139,40.73747253417969,-73.95652770996092,40.76704025268555,N,744,4.742516659285393,4
id3755021,1,2016-02-07 04:19:04,2016-02-07 04:23:13,2,-74.00312042236328,40.74146270751953,-73.99465179443358,40.75037384033203,N,249,1.2233354416645181,4
id2890004,1,2016-06-05 04:16:14,2016-06-05 04:42:25,1,-73.93221282958984,40.75354766845703,-73.96017456054686,40.65674591064453,N,1571,11.004719305586436,4
id0507774,1,2016-03-12 04:54:16,2016-03-12 05:16:23,1,-73.94410705566406,40.80110931396485,-73.87071228027344,40.77389907836913,N,1327,6.931234398400218,4
id0111545,2,2016-02-14 04:41:54,2016-02-14 04:47:04,5,-73.98062896728516,40.7346076965332,-73.99544525146483,40.73594665527344,N,310,1.2681236804115092,4
id2141843,1,2016-06-04 04:43:09,2016-06-04 05:09:14,1,-73.994873046875,40.765972137451165,-73.80977630615233,40.93595504760742,N,1565,24.567043302043118,4
id1235109,1,2016-01-07 04:28:15,2016-01-07 04:42:47,1,-73.95712280273438,40.71823120117188,-73.8704833984375,40.773738861083984,N,872,9.601868488966185,4
id0526053,2,2016-05-22 04:12:10,2016-05-22 04:28:28,1,-73.95690155029298,40.804851531982415,-73.98946380615233,40.73033905029297,N,978,8.721709555902287,4
id0158010,2,2016-01-14 04:00:56,2016-01-14 04:16:45,2,-73.98898315429686,40.730781555175774,-73.97573852539062,40.782329559326165,N,949,5.831529116920552,4
id1238456,1,2016-01-28 04:00:55,2016-01-28 04:08:56,1,-73.97543334960938,40.752151489257805,-73.98181915283203,40.72444534301758,N,481,3.122915371125517,4
id3021784,1,2016-06-29 04:23:41,2016-06-29 04:31:38,1,-73.99747467041014,40.71202850341797,-73.97653198242188,40.73965072631836,N,477,3.5453663658087056,4
id1179536,1,2016-05-02 04:25:13,2016-05-02 04:26:24,1,-73.98586273193358,40.759868621826165,-73.98590850830078,40.76008987426758,N,71,0.024865343853208748,4
id3368054,2,2016-01-01 04:07:04,2016-01-01 04:23:34,5,-73.99051666259764,40.7716064453125,-73.95673370361328,40.7446517944336,N,990,4.147007369439971,4
id1686140,1,2016-02-20 04:06:11,2016-02-20 04:07:45,2,-73.98432922363281,40.73458862304688,-73.98455810546875,40.73675155639648,N,94,0.2408725627986492,4
id2017527,2,2016-01-18 04:52:09,2016-01-18 04:54:24,5,-73.97295379638672,40.78538131713867,-73.98054504394531,40.77496719360352,N,135,1.323864310445916,4
id2762696,2,2016-01-20 04:14:49,2016-01-20 04:18:35,1,-74.00248718261719,40.73366928100586,-74.00167083740233,40.739349365234375,N,226,0.6342962246627808,4
id0913182,2,2016-05-08 04:00:49,2016-05-08 04:15:08,1,-73.98265838623048,40.72713851928711,-73.957275390625,40.77756881713867,N,859,5.999166046971972,4
id3972618,2,2016-05-07 04:09:15,2016-05-07 04:14:14,2,-73.97659301757811,40.74378967285156,-73.99269104003906,40.74274063110352,N,299,1.3732775879585704,4
id3444717,2,2016-04-03 04:53:07,2016-04-03 05:06:25,1,-73.88855743408203,40.74703598022461,-73.84989929199219,40.74074172973633,N,798,3.3593963228875547,4
id3450461,2,2016-05-12 04:13:00,2016-05-12 04:28:42,1,-73.99195098876953,40.72187042236328,-73.92426300048828,40.69989013671875,N,942,6.2494161176684475,4
id3747976,2,2016-05-26 04:26:49,2016-05-26 04:47:41,1,-73.97606658935547,40.780517578125,-73.87297058105469,40.7742576599121,N,1252,8.790665694637436,4
id2413076,1,2016-06-11 04:17:14,2016-06-11 04:26:41,1,-73.98765563964845,40.73239517211913,-74.01283264160156,40.70389175415039,N,567,3.8196761820494824,4
id2657467,2,2016-01-09 04:31:54,2016-01-09 04:50:25,6,-73.9922332763672,40.76406097412109,-73.9615707397461,40.713966369628906,N,1111,6.141014048297124,4
id1867696,2,2016-06-06 04:35:24,2016-06-06 04:54:39,1,-73.97138214111328,40.75048065185546,-74.01397705078125,40.71373748779297,N,1155,5.453677501393896,4
id1588074,2,2016-03-20 04:39:22,2016-03-20 05:08:55,1,-73.99824523925781,40.74541473388672,-73.86172485351561,40.8917236328125,N,1773,19.96008932349941,4
id1716240,1,2016-05-14 04:06:07,2016-05-14 04:10:37,1,-73.98475646972656,40.74243927001953,-73.98751068115233,40.73299789428711,N,270,1.0738227296115186,4
id3254128,2,2016-05-28 04:26:32,2016-05-28 04:29:33,1,-73.96782684326173,40.759578704833984,-73.9581298828125,40.772090911865234,N,181,1.6150208775401071,4
id3217818,1,2016-05-12 04:20:12,2016-05-12 04:37:40,2,-73.98262023925781,40.73137664794922,-73.92955780029298,40.702884674072266,N,1048,5.508626722726839,4
id3107514,1,2016-03-14 04:16:41,2016-03-14 04:16:44,1,-73.9766082763672,40.74776840209961,-73.9766082763672,40.74776840209961,N,3,0.0,4
id1275322,1,2016-06-06 04:51:56,2016-06-06 05:12:53,1,-73.9700698852539,40.752735137939446,-73.78903198242188,40.64150619506836,N,1257,19.728945077736046,4
id0108981,2,2016-06-19 04:35:26,2016-06-19 04:43:18,1,-74.02307891845702,40.63559341430664,-73.99957275390625,40.67376708984375,N,472,4.684722464653263,4
id2911661,1,2016-01-02 04:02:02,2016-01-02 04:04:58,3,-74.00672149658203,40.744232177734375,-74.00309753417967,40.73983001708984,N,176,0.5776292562821966,4
id2320149,2,2016-01-30 04:24:36,2016-01-30 04:42:00,1,-73.98394775390625,40.743328094482415,-73.96601867675781,40.800640106201165,N,1044,6.541625758329125,4
id1517806,1,2016-05-04 04:38:29,2016-05-04 04:53:22,1,-73.97676849365233,40.74763107299805,-73.9439926147461,40.7079963684082,N,893,5.2073693467560584,4
id3734937,1,2016-04-28 04:21:40,2016-04-28 04:22:51,1,-73.97743225097656,40.74931335449219,-73.97798156738281,40.74559020996094,N,71,0.4158983468243459,4
id1731170,2,2016-02-28 04:27:22,2016-02-28 04:46:51,1,-73.99302673339844,40.72148895263672,-73.96482849121092,40.64881134033203,N,1169,8.415750117254548,4
id2483949,1,2016-02-07 04:08:35,2016-02-07 04:23:50,1,-73.98602294921875,40.75260162353516,-73.98824310302734,40.72010803222656,N,915,3.6117221492799287,4
id0451148,1,2016-06-05 04:13:43,2016-06-05 04:46:43,1,-73.99127197265625,40.719341278076165,-73.97283935546875,40.7833137512207,N,1980,7.271739063448972,4
id1187221,2,2016-03-13 04:47:00,2016-03-13 04:56:37,6,-73.98983001708984,40.72970962524414,-74.00949859619139,40.7050895690918,N,577,3.2036466990401062,4
id3223577,2,2016-02-20 04:00:50,2016-02-20 04:03:37,1,-73.96348571777344,40.76179885864258,-73.9703598022461,40.75253677368164,N,167,1.182529147448911,4
id0882070,1,2016-02-21 04:04:18,2016-02-21 04:10:17,3,-73.98574829101561,40.759231567382805,-73.989013671875,40.7461166381836,N,359,1.4819807519772563,4
id0130935,1,2016-05-13 04:42:27,2016-05-13 04:51:46,1,-74.00914001464844,40.717071533203125,-73.99038696289062,40.756324768066406,N,559,4.639532887238202,4
id0458351,1,2016-01-31 04:34:55,2016-01-31 05:03:03,1,-73.92855072021484,40.6671257019043,-73.99777221679686,40.7567253112793,N,1688,11.555670448866072,4
id2713469,2,2016-06-05 04:12:24,2016-06-05 04:20:32,1,-73.98951721191406,40.72602081298828,-74.00475311279298,40.7334098815918,N,488,1.5329268294877707,4
id2779291,2,2016-01-10 04:34:52,2016-01-10 04:39:41,5,-73.99275207519531,40.74902725219727,-73.98523712158203,40.75885391235352,N,289,1.2640349142871965,4
id2914933,2,2016-02-20 04:24:37,2016-02-20 04:29:48,2,-73.9782943725586,40.753093719482415,-73.99330139160156,40.7520637512207,N,311,1.2807096770431445,4
id1936381,2,2016-01-16 04:29:25,2016-01-16 04:35:15,6,-73.95111083984375,40.791030883789055,-73.97225952148438,40.79240036010742,N,350,1.804053704962567,4
id1060221,2,2016-06-25 04:43:59,2016-06-25 05:04:44,1,-73.95307159423827,40.72769165039063,-73.9349594116211,40.66544723510742,N,1245,7.078576715300733,4
id2075024,2,2016-05-05 04:04:22,2016-05-05 04:12:52,4,-73.97956848144531,40.76619338989258,-73.91887664794923,40.74498748779297,N,510,5.670441936584754,4
id3392386,2,2016-06-04 04:14:35,2016-06-04 04:18:20,1,-74.00254821777344,40.75001907348633,-73.98943328857422,40.7578010559082,N,225,1.410269622248431,4
id1149027,1,2016-04-14 04:26:34,2016-04-14 04:32:46,1,-74.00385284423827,40.74197006225586,-73.98949432373048,40.75779342651367,N,372,2.1388022976333696,4
id0942032,2,2016-06-03 04:39:57,2016-06-03 04:55:33,1,-73.99443817138672,40.76102828979492,-73.92333221435547,40.760528564453125,N,936,6.044260880982454,4
id2436528,1,2016-05-01 04:23:29,2016-05-01 04:26:59,1,-73.99114990234375,40.73332214355469,-73.98996734619139,40.72718048095703,N,210,0.6890951182315505,4
id2865497,2,2016-06-21 04:00:54,2016-06-21 04:07:57,3,-74.00328063964845,40.733001708984375,-74.01374053955078,40.70523834228516,N,423,3.207423623500794,4
id2343168,2,2016-02-12 04:27:17,2016-02-12 04:39:11,6,-74.00450897216798,40.71940994262695,-73.96002960205078,40.71564102172852,N,714,3.803821854511709,4
id1505302,1,2016-04-19 04:11:19,2016-04-19 04:18:44,1,-73.99469757080078,40.7609977722168,-73.9828109741211,40.76938247680664,N,445,1.373694064461567,4
id0455332,2,2016-03-18 04:29:08,2016-03-18 04:34:21,1,-73.99829864501953,40.74555587768555,-73.98760986328125,40.76551055908203,N,313,2.394064980684847,4
id3955157,1,2016-02-26 04:06:42,2016-02-26 04:14:05,1,-74.00617218017578,40.734233856201165,-73.98154449462889,40.747013092041016,N,443,2.5286867124819072,4
id1897044,2,2016-06-01 04:34:02,2016-06-01 04:38:00,2,-73.9779281616211,40.725379943847656,-73.98812103271484,40.71876907348633,N,238,1.1353901438400291,4
id0431492,2,2016-01-16 04:58:47,2016-01-16 05:05:15,1,-73.9724884033203,40.743255615234375,-74.00464630126953,40.70995330810546,N,388,4.597403515018554,4
id3409541,2,2016-03-25 04:08:55,2016-03-25 04:22:58,1,-73.98905944824217,40.72148132324219,-73.94113159179686,40.78828811645508,N,843,8.460900699859044,4
id0304245,2,2016-02-21 04:15:36,2016-02-21 04:30:45,2,-73.99079132080078,40.724456787109375,-73.95323944091797,40.76766586303711,N,909,5.761240647633416,4
id3678850,1,2016-04-03 04:07:50,2016-04-03 04:23:55,2,-73.9561767578125,40.71868133544922,-73.90916442871094,40.703731536865234,N,965,4.326904148388033,4
id0927495,2,2016-02-29 04:45:35,2016-02-29 04:48:18,1,-73.98255157470702,40.72325134277344,-73.9754409790039,40.72185134887695,N,163,0.624058552333132,4
id3640614,2,2016-05-11 04:06:16,2016-05-11 04:19:07,1,-73.98834991455078,40.720027923583984,-73.93887329101561,40.686908721923835,N,771,5.585787033894689,4
id2272201,2,2016-04-17 04:28:11,2016-04-17 04:41:35,1,-73.98986053466798,40.72562026977539,-73.95262145996092,40.74245071411133,N,804,3.675507206616715,4
id1353982,2,2016-05-19 04:37:46,2016-05-19 04:51:00,1,-73.95232391357422,40.77295684814453,-73.87226104736328,40.77447128295898,N,794,6.807419501213421,4
id3599571,2,2016-06-05 04:59:03,2016-06-05 05:12:59,2,-73.98252868652342,40.76432800292969,-73.93968200683594,40.79782104492188,N,836,5.204366265464645,4
id3637401,1,2016-02-28 04:56:25,2016-02-28 05:06:58,1,-73.9882583618164,40.73038864135742,-73.95646667480467,40.713394165039055,N,633,3.2955796191883393,4
id2610006,1,2016-01-09 04:24:10,2016-01-09 04:25:07,2,-73.9862289428711,40.7339973449707,-73.98277282714845,40.73926544189453,N,57,0.6544031803772953,4
id1209277,2,2016-02-19 04:36:37,2016-02-19 05:11:28,1,-73.98530578613281,40.751495361328125,-73.9305648803711,40.67527389526367,N,2091,9.655654045773142,4
id3492394,1,2016-06-19 04:12:32,2016-06-19 04:41:45,1,-73.9988021850586,40.734081268310554,-73.78296661376953,40.648902893066406,N,1753,20.639036239845762,4
id0235656,1,2016-06-12 04:21:54,2016-06-12 04:50:44,2,-73.95889282226561,40.71667098999024,-73.97838592529298,40.774749755859375,N,1730,6.656264617276331,4
id0972920,2,2016-03-27 04:37:46,2016-03-27 04:47:11,2,-73.98561096191406,40.7232666015625,-73.9886474609375,40.7486457824707,N,565,2.8288880760608435,4
id0003023,2,2016-04-25 04:27:45,2016-04-25 04:33:57,1,-73.98735809326173,40.73305130004882,-73.99469757080078,40.75046920776367,N,372,2.0315471972352324,4
id2377251,1,2016-05-30 04:22:36,2016-05-30 04:42:22,1,-73.98896789550781,40.72713470458984,-73.96397399902342,40.64892578125,N,1186,8.93736475200255,4
id1086070,2,2016-04-08 04:00:52,2016-04-08 04:17:16,5,-74.00992584228516,40.7142333984375,-73.95927429199219,40.77444076538086,N,984,7.949782274797476,4
id0190541,1,2016-04-20 04:46:38,2016-04-20 05:07:31,1,-74.01396942138672,40.7094955444336,-73.88545227050781,40.773113250732415,N,1253,13.007634698234323,4
id0184485,2,2016-05-20 04:27:09,2016-05-20 04:47:36,1,-73.99357604980467,40.75202560424805,-73.93724060058594,40.75423431396485,N,1227,4.794785215080196,4
id1915245,1,2016-05-29 04:06:27,2016-05-29 04:13:46,4,-73.96540832519531,40.76031875610352,-73.98489379882812,40.767932891845696,N,439,1.859442217421576,4
id2403870,2,2016-02-13 04:17:15,2016-02-13 04:30:39,1,-73.92063903808594,40.74361038208008,-73.91874694824217,40.77970123291016,N,804,4.0093114229609,4
id0435994,2,2016-06-28 04:23:52,2016-06-28 04:30:46,1,-73.9425277709961,40.79063415527344,-73.95472717285155,40.7656478881836,N,414,2.960984755115946,4
id3842484,2,2016-01-10 04:49:21,2016-01-10 04:52:33,2,-73.9762191772461,40.74404144287109,-73.97662353515625,40.75276184082031,N,192,0.9685741917446951,4
id3397528,2,2016-05-30 04:01:54,2016-05-30 04:16:24,5,-73.99329376220702,40.722450256347656,-73.99922180175781,40.67325973510742,N,870,5.483348709492349,4
id3684897,1,2016-06-06 04:45:49,2016-06-06 04:57:03,1,-73.98224639892578,40.727893829345696,-74.00542449951173,40.7189826965332,N,674,2.2045034411183244,4
id2261412,1,2016-06-18 04:12:21,2016-06-18 04:23:27,1,-73.94620513916014,40.680301666259766,-73.94975280761719,40.713958740234375,N,666,3.7480855648714675,4
id0772361,1,2016-05-30 04:07:11,2016-05-30 04:20:41,1,-73.989013671875,40.720748901367195,-73.94895172119139,40.78464126586913,N,810,7.867213186078861,4
id0200500,2,2016-02-25 04:37:04,2016-02-25 04:50:57,5,-73.97280883789062,40.759464263916016,-73.98898315429686,40.72037124633789,N,833,4.551907569947793,4
id3181476,2,2016-01-31 04:59:33,2016-01-31 05:13:07,1,-73.93489837646483,40.69681930541992,-73.95439910888672,40.73308181762695,N,814,4.3530742509090175,4
id2021413,1,2016-01-04 04:01:15,2016-01-04 04:29:46,2,-73.98773193359375,40.76017761230469,-73.9877700805664,40.641498565673835,N,1711,13.173374575077966,4
id0460119,1,2016-04-05 04:11:23,2016-04-05 04:15:51,1,-73.98841857910156,40.74917221069336,-73.98716735839844,40.768680572509766,N,268,2.168038340380076,4
id2803477,1,2016-04-18 04:59:43,2016-04-18 05:05:10,1,-73.91920471191406,40.75889587402344,-73.9240951538086,40.7436752319336,N,327,1.7398784171511743,4
id2566906,2,2016-06-16 04:00:12,2016-06-16 04:22:31,1,-74.00969696044923,40.71421813964844,-73.9429931640625,40.789165496826165,N,1339,10.067534786699465,4
id1197766,2,2016-03-26 04:47:18,2016-03-26 05:11:02,1,-73.9826889038086,40.74538040161133,-73.87979888916014,40.74312210083008,N,1424,8.749242929840298,4
id1738113,2,2016-03-13 04:36:23,2016-03-13 04:48:15,1,-73.974853515625,40.782730102539055,-73.93392944335938,40.848979949951165,N,712,8.134966086231797,4
id2426444,1,2016-03-27 04:30:40,2016-03-27 04:58:24,1,-73.95323181152342,40.726947784423835,-74.00286865234375,40.726783752441406,N,1664,4.219170756644726,4
id2180628,2,2016-06-11 04:53:55,2016-06-11 04:59:22,1,-73.99146270751953,40.74974060058594,-73.97615051269531,40.75482177734375,N,327,1.4184870097304845,4
id0212737,1,2016-06-19 04:54:23,2016-06-19 04:59:53,1,-73.99410247802734,40.751426696777344,-73.98885345458984,40.769439697265625,N,330,2.048618439803552,4
id3215848,2,2016-02-26 04:11:58,2016-02-26 04:25:59,2,-73.98866271972656,40.7193717956543,-73.91934204101561,40.70425033569336,N,841,6.12666326001587,4
id1440929,1,2016-03-19 04:21:35,2016-03-19 04:50:31,4,-73.99541473388672,40.7648811340332,-73.98822021484375,40.64221954345703,N,1736,13.629163089971886,4
id1339864,2,2016-04-30 04:15:02,2016-04-30 04:27:59,3,-73.98474884033203,40.73236083984375,-73.9988021850586,40.76113128662109,N,777,3.4096157531868805,4
id2685712,1,2016-02-06 04:37:52,2016-02-06 05:06:50,1,-73.99799346923827,40.73597717285156,-73.9083480834961,40.69505310058594,N,1738,8.871143854149144,4
id2468484,2,2016-01-06 04:20:31,2016-01-06 04:30:07,3,-73.9483871459961,40.78233337402344,-73.93875122070312,40.84929656982422,N,576,7.477905476980077,4
id1112960,2,2016-02-10 04:05:48,2016-02-10 04:15:30,1,-73.91359710693358,40.76556015014648,-73.89064788818358,40.73949813842773,N,582,3.489117406288363,4
id0731986,2,2016-01-11 04:31:44,2016-01-11 04:42:44,1,-73.98123168945312,40.764209747314446,-73.9202880859375,40.74443817138672,N,660,5.625922471765581,4
id0325511,1,2016-06-11 04:10:17,2016-06-11 04:12:00,1,-73.96985626220702,40.75886917114258,-73.9701156616211,40.75627136230469,N,103,0.2891985293130478,4
id1226855,2,2016-02-05 04:58:21,2016-02-05 05:27:54,5,-73.98759460449217,40.76129913330078,-73.78256225585938,40.64411926269531,N,1773,21.74643907368462,4
id0439676,2,2016-01-02 04:14:29,2016-01-02 04:26:16,1,-73.94596099853516,40.71138381958008,-73.92301177978516,40.70162582397461,N,707,2.23122238991891,4
id1617618,2,2016-03-16 04:02:04,2016-03-16 04:08:31,1,-74.00202178955078,40.72959899902344,-73.98294830322266,40.721168518066406,N,387,1.8719322194109287,4
id2987961,2,2016-03-10 04:10:32,2016-03-10 04:19:11,6,-73.94637298583984,40.67324447631836,-73.92771911621092,40.68360137939453,N,519,1.9584887054247977,4
id2012346,1,2016-05-17 04:22:57,2016-05-17 04:37:42,1,-73.99517822265625,40.74967193603516,-73.95672607421875,40.80500411987305,N,885,6.957388046152209,4
id2670094,1,2016-06-16 04:26:43,2016-06-16 04:32:14,3,-73.98545074462889,40.7600212097168,-73.97151947021484,40.7608757019043,N,331,1.1879508416903903,4
id3060363,2,2016-04-23 04:12:29,2016-04-23 04:20:53,1,-73.98383331298828,40.72552108764648,-73.98760986328125,40.74156188964844,N,504,1.8092343542206784,4
id1059748,1,2016-05-28 04:05:24,2016-05-28 04:12:10,1,-73.93233489990233,40.69737243652344,-73.92259979248048,40.6826286315918,N,406,1.8338664901750974,4
id0509065,1,2016-05-08 04:02:45,2016-05-08 04:19:31,1,-74.0054931640625,40.741058349609375,-73.98038482666014,40.7638053894043,N,1006,3.3060663710205724,4
id1363990,2,2016-05-08 04:58:04,2016-05-08 05:00:09,1,-73.9598388671875,40.77353286743164,-73.96708679199217,40.76366424560546,N,125,1.256775693828206,4
id3142651,1,2016-02-27 04:01:13,2016-02-27 04:04:52,1,-73.91810607910156,40.76750946044922,-73.90988159179686,40.759326934814446,N,219,1.1461464514545134,4
id1609154,1,2016-03-04 04:10:00,2016-03-04 04:27:32,2,-73.99455261230467,40.7559928894043,-73.98881530761719,40.75685501098633,N,1052,0.49697136040302825,4
id1711624,1,2016-03-03 04:45:22,2016-03-03 04:51:58,2,-74.00390625,40.72566604614258,-73.97846221923827,40.762882232666016,N,396,4.662894957742665,4
id2265096,1,2016-04-03 04:11:24,2016-04-03 04:26:44,4,-74.00037384033203,40.73004531860352,-73.94819641113281,40.77443313598633,N,920,6.62915885162489,4
id0147936,2,2016-02-28 04:14:26,2016-02-28 04:26:20,1,-73.97950744628906,40.743755340576165,-73.93270111083984,40.76408386230469,N,714,4.573883154639883,4
id1065022,2,2016-05-25 04:32:12,2016-05-25 04:49:14,1,-74.00801086425781,40.74113082885742,-73.96228790283203,40.77058029174805,N,1022,5.078400467000076,4
id0726468,2,2016-04-09 04:07:36,2016-04-09 04:10:11,1,-73.97123718261719,40.76292037963867,-73.9685821533203,40.75653839111328,N,155,0.7434796020385568,4
id1047573,1,2016-04-14 04:17:58,2016-04-14 04:20:41,1,-73.96236419677734,40.76065444946289,-73.95681762695312,40.766510009765625,N,163,0.8029510624868295,4
id2772444,1,2016-02-21 04:28:26,2016-02-21 04:33:33,4,-74.00628662109375,40.7446174621582,-73.99053955078125,40.75623321533203,N,307,1.8584952737358884,4
id1441983,1,2016-04-13 04:19:04,2016-04-13 04:30:47,1,-73.9951171875,40.7651481628418,-74.01454162597656,40.71402359008789,N,703,5.910137406772068,4
id3519467,2,2016-05-14 04:10:38,2016-05-14 04:19:14,1,-73.93820953369139,40.74945831298828,-73.92670440673827,40.74357986450195,N,516,1.175638046720578,4
id0748575,1,2016-01-14 04:34:47,2016-01-14 04:48:55,1,-73.9827651977539,40.731204986572266,-73.95457458496092,40.73302459716797,N,848,2.4046993703517696,4
id1157110,1,2016-01-07 04:07:08,2016-01-07 04:20:29,1,-73.98808288574217,40.71841430664063,-73.92628479003906,40.69473648071289,N,801,5.873665552145587,4
id3009008,1,2016-02-20 04:28:24,2016-02-20 04:32:01,1,-73.98798370361328,40.71866226196289,-73.99503326416014,40.725112915039055,Y,217,0.9336723215206548,4
id2399755,1,2016-05-03 04:08:32,2016-05-03 04:25:26,2,-73.98314666748048,40.762657165527344,-73.96543884277344,40.847938537597656,N,1014,9.585148717282438,4
id1647540,2,2016-04-21 05:40:09,2016-04-21 05:57:53,1,-73.98241424560547,40.731422424316406,-73.86541748046875,40.77074432373047,N,1064,10.860406590715526,5
id0035610,1,2016-06-25 05:49:00,2016-06-25 05:59:53,1,-73.97577667236328,40.776344299316406,-73.96562194824217,40.77128219604492,N,653,1.0299295425847443,5
id0319386,1,2016-05-14 05:23:54,2016-05-14 05:45:47,1,-73.98218536376953,40.763145446777344,-73.86186981201173,40.76853942871094,N,1313,10.244333368438507,5
id1585373,2,2016-03-25 05:39:54,2016-03-25 05:45:35,5,-73.95078277587889,40.7793083190918,-73.96917724609375,40.75428009033203,N,341,3.1878913261366675,5
id1036744,1,2016-03-16 05:50:02,2016-03-16 05:57:16,1,-73.98956298828125,40.73001480102539,-74.005859375,40.72517395019531,N,434,1.4857616204618505,5
id0213955,1,2016-05-26 05:41:34,2016-05-26 05:44:00,1,-73.97286987304686,40.74861526489258,-73.97471618652342,40.741825103759766,N,146,0.7698731634062868,5
id3496833,2,2016-01-21 05:55:21,2016-01-21 06:13:32,4,-73.99085235595702,40.75621032714844,-73.9236831665039,40.8160400390625,N,1091,8.757923014568128,5
id1142527,2,2016-06-16 05:58:55,2016-06-16 06:15:01,1,-74.01634216308595,40.71149063110352,-73.986572265625,40.74611282348633,N,966,4.601333397975171,5
id0815046,2,2016-06-03 05:42:57,2016-06-03 05:57:29,4,-73.96487426757811,40.76071548461913,-73.90145111083984,40.76961135864258,N,872,5.480655179180201,5
id1054474,1,2016-04-18 05:40:00,2016-04-18 05:44:10,1,-73.98056793212889,40.74225234985352,-73.99188995361328,40.7490463256836,N,250,1.2226502260667287,5
id3016744,1,2016-01-17 05:30:18,2016-01-17 06:00:47,4,-73.98429870605469,40.745941162109375,-73.92658233642578,40.74210739135742,N,1829,4.924313371531916,5
id1152630,2,2016-04-22 05:43:52,2016-04-22 05:52:46,1,-73.94757080078125,40.77539825439453,-73.9754409790039,40.752689361572266,N,534,3.459170326743703,5
id2741411,1,2016-04-17 05:40:19,2016-04-17 05:49:20,1,-74.01012420654298,40.709320068359375,-73.98404693603516,40.749881744384766,N,541,5.0183955126701685,5
id1329329,2,2016-03-10 05:52:45,2016-03-10 06:17:26,1,-73.98229217529298,40.73981857299805,-73.77648162841797,40.6451416015625,N,1481,20.407805326196765,5
id0467206,1,2016-05-12 05:53:51,2016-05-12 05:56:58,1,-73.95262908935547,40.780517578125,-73.956787109375,40.77763366699219,N,187,0.4768511587910439,5
id3493678,1,2016-03-01 05:40:09,2016-03-01 05:46:08,1,-73.99016571044923,40.75606536865234,-73.97193908691406,40.763519287109375,N,359,1.7563546618131318,5
id3176432,2,2016-05-01 05:08:45,2016-05-01 05:13:02,6,-73.98435974121092,40.764949798583984,-73.97969055175781,40.776870727539055,N,257,1.3814608281760192,5
id3605856,1,2016-01-14 05:25:14,2016-01-14 05:40:45,1,-73.78182220458984,40.64450073242188,-73.90674591064453,40.6577262878418,N,931,10.71951457514687,5
id2808780,1,2016-05-30 05:37:50,2016-05-30 05:43:37,1,-73.95082092285155,40.77131652832031,-73.97280883789062,40.76049041748047,N,347,2.2219671595401844,5
id2487710,1,2016-03-30 05:58:32,2016-03-30 06:03:29,1,-73.99732208251953,40.75724029541016,-73.98505401611328,40.76409912109375,N,297,1.291133121620947,5
id1152784,2,2016-06-04 05:24:34,2016-06-04 05:33:37,5,-73.99174499511719,40.749996185302734,-73.97332000732422,40.75777053833008,N,543,1.7881365906717095,5
id1434595,1,2016-03-16 05:47:02,2016-03-16 05:51:17,1,-73.9609832763672,40.77212142944336,-73.97309875488281,40.7591209411621,N,255,1.7728298688663646,5
id1571062,2,2016-04-06 05:44:58,2016-04-06 05:52:49,1,-73.98998260498048,40.756568908691406,-73.97129058837889,40.75617980957031,N,471,1.5894083341899987,5
id1839302,1,2016-06-02 05:50:32,2016-06-02 06:14:40,1,-73.92352294921875,40.74401092529297,-73.97994995117188,40.78389358520508,N,1448,6.527063442760383,5
id0814481,2,2016-06-25 05:16:03,2016-06-25 05:29:15,1,-73.9891586303711,40.758087158203125,-73.95669555664062,40.74607849121094,N,792,3.064451401488854,5
id1501460,1,2016-05-18 05:31:27,2016-05-18 05:37:53,1,-73.97815704345702,40.737422943115234,-73.95234680175781,40.766258239746094,N,386,3.88042049367183,5
id2369922,2,2016-05-05 05:12:15,2016-05-05 05:15:36,2,-73.96473693847656,40.79145050048828,-73.951171875,40.78585815429688,N,201,1.3095076120015994,5
id3072229,1,2016-04-13 05:11:24,2016-04-13 05:30:14,1,-73.91818237304686,40.834571838378906,-73.86568450927734,40.770973205566406,N,1130,8.351532504232095,5
id2837182,2,2016-03-20 05:25:02,2016-03-20 05:26:11,1,-74.00401306152342,40.713138580322266,-74.0022735595703,40.714889526367195,N,69,0.24420434004208527,5
id0285131,2,2016-02-16 05:34:23,2016-02-16 06:03:54,1,-73.98743438720702,40.74858856201172,-73.78289794921875,40.6440315246582,N,1771,20.903452049940128,5
id0490623,1,2016-06-28 05:18:27,2016-06-28 05:33:09,1,-74.0040283203125,40.7430534362793,-73.98421478271484,40.721576690673835,N,882,2.918806645011827,5
id0128162,1,2016-02-09 05:19:03,2016-02-09 05:44:22,1,-73.78192138671875,40.64482879638672,-73.92278289794923,40.68937683105469,N,1519,12.954132994232122,5
id1663719,1,2016-04-19 05:19:51,2016-04-19 05:24:13,1,-73.97582244873048,40.7651596069336,-73.99095916748048,40.750396728515625,N,262,2.0834261102827085,5
id3308094,1,2016-04-20 05:20:05,2016-04-20 05:49:34,1,-73.98916625976561,40.75858688354492,-73.98284149169923,40.66162490844727,N,1769,10.776197674623393,5
id3924183,1,2016-02-24 05:12:09,2016-02-24 05:14:24,1,-73.99614715576173,40.75362396240234,-74.00147247314453,40.746448516845696,N,135,0.9161142794887827,5
id1621587,1,2016-01-08 05:38:41,2016-01-08 05:38:57,1,-73.99565887451173,40.74265670776367,-73.99567413330078,40.74264907836913,N,16,0.0015489925721954064,5
id1787405,1,2016-06-15 05:24:02,2016-06-15 05:35:00,1,-73.98146057128906,40.7248649597168,-73.9774169921875,40.75797271728516,N,658,3.6909987275815754,5
id0350211,2,2016-04-03 05:01:09,2016-04-03 05:08:04,5,-74.00817108154298,40.714603424072266,-73.98544311523438,40.75280380249024,N,415,4.659592420516321,5
id1737829,2,2016-02-28 05:33:59,2016-02-28 05:37:34,1,-73.98512268066406,40.760841369628906,-73.99143981933594,40.74998092651367,N,215,1.3196874585481746,5
id0753997,1,2016-05-08 05:21:58,2016-05-08 05:27:26,1,-73.98117828369139,40.78385925292969,-73.96151733398438,40.77603149414063,N,328,1.8835603521279167,5
id2714574,2,2016-03-18 05:07:29,2016-03-18 05:14:59,5,-73.99977111816406,40.7387809753418,-73.98213195800781,40.775428771972656,N,450,4.335417032499952,5
id0096218,2,2016-02-16 05:21:51,2016-02-16 05:27:54,1,-74.00119018554686,40.74652099609375,-73.98551177978516,40.7606201171875,N,363,2.055535765642262,5
id2421311,2,2016-06-30 05:36:37,2016-06-30 05:45:03,1,-73.96282958984375,40.75667190551758,-73.99388122558594,40.736270904541016,N,506,3.4776982408524364,5
id0710406,2,2016-01-29 05:41:29,2016-01-29 05:45:35,5,-73.99109649658203,40.77069854736328,-73.98313903808595,40.76074981689453,N,246,1.2949879638285398,5
id3332481,2,2016-06-10 05:28:13,2016-06-10 05:39:23,1,-73.94435882568358,40.77994155883789,-73.98921203613281,40.746395111083984,N,670,5.3292534702495065,5
id0743467,2,2016-01-22 05:38:28,2016-01-22 05:48:22,1,-73.951171875,40.77450180053711,-73.9832763671875,40.75563049316406,N,594,3.440149342949738,5
id3404813,2,2016-06-14 05:18:11,2016-06-14 05:23:11,5,-73.9913330078125,40.765228271484375,-73.96604919433594,40.767822265625,N,300,2.1683265913192042,5
id1692925,2,2016-04-05 05:47:37,2016-04-05 06:24:17,1,-73.78206634521484,40.644729614257805,-73.98594665527344,40.749824523925774,N,2200,20.890370693298713,5
id1612908,2,2016-06-27 05:03:46,2016-06-27 05:12:12,1,-73.94680023193358,40.800048828125,-73.97891235351561,40.763568878173835,N,506,4.883334861990249,5
id1039874,1,2016-03-02 05:32:38,2016-03-02 05:37:54,1,-73.98724365234375,40.73338317871094,-73.97492218017578,40.7508201599121,N,316,2.2006974363621357,5
id3734093,1,2016-02-21 05:14:47,2016-02-21 05:29:06,1,-73.98135375976561,40.73296356201172,-73.99395751953125,40.761734008789055,N,859,3.368425897799367,5
id1612634,2,2016-01-17 05:43:10,2016-01-17 05:58:12,1,-73.88288879394531,40.755889892578125,-73.93092346191406,40.76782989501953,N,902,4.292665980547021,5
id3327302,2,2016-06-09 05:56:13,2016-06-09 06:05:42,1,-73.99451446533203,40.751174926757805,-73.97296142578125,40.757148742675774,N,569,1.9483192028572076,5
id2552617,2,2016-04-17 05:51:58,2016-04-17 06:05:29,5,-73.98075866699219,40.72993087768555,-73.94325256347656,40.70439147949219,N,811,4.266142275957811,5
id2458981,1,2016-01-06 05:14:46,2016-01-06 05:38:21,1,-73.98503875732422,40.76415252685546,-73.86578369140625,40.902976989746094,N,1415,18.4446593332801,5
id2667680,1,2016-04-11 05:03:28,2016-04-11 05:23:25,4,-73.9875717163086,40.74729537963867,-73.86505889892578,40.77056121826172,N,1197,10.72903508368529,5
id2800370,2,2016-03-17 05:30:44,2016-03-17 05:57:16,1,-73.99092864990233,40.74536895751953,-73.8722915649414,40.77447891235352,N,1592,10.589183712413227,5
id3668809,1,2016-01-26 05:25:10,2016-01-26 05:35:14,1,-73.97169494628906,40.757102966308594,-73.99740600585938,40.75122833251953,N,604,2.280649528386053,5
id1562819,2,2016-01-28 05:51:46,2016-01-28 06:32:50,3,-73.77667999267578,40.645320892333984,-73.95558929443358,40.77103042602539,N,2464,20.639017852334973,5
id1940550,2,2016-05-20 05:14:36,2016-05-20 05:20:20,1,-73.99270629882812,40.715091705322266,-74.00971221923827,40.70814895629882,N,344,1.6381005879591235,5
id2639546,1,2016-03-19 05:03:48,2016-03-19 05:06:53,1,-74.00355529785155,40.74191284179688,-74.00044250488281,40.7390022277832,N,185,0.41759548375374494,5
id0862913,2,2016-01-21 05:25:26,2016-01-21 05:31:10,5,-73.98978424072266,40.75650024414063,-73.96967315673827,40.761184692382805,N,344,1.7867750645328846,5
id1096034,1,2016-05-13 05:50:46,2016-05-13 05:52:12,1,-73.95210266113281,40.77296829223633,-73.95367431640625,40.77786636352539,N,86,0.5598578808455988,5
id3067268,1,2016-05-04 05:53:35,2016-05-04 06:02:01,1,-73.94631958007811,40.783069610595696,-73.97600555419923,40.76407623291016,N,506,3.2881397842823854,5
id2760675,1,2016-01-03 05:32:19,2016-01-03 05:58:21,2,-73.78153991699219,40.64475631713867,-73.9522933959961,40.771934509277344,N,1562,20.24699932348116,5
id3614721,2,2016-06-30 05:50:25,2016-06-30 05:53:56,1,-73.9792709350586,40.74443817138672,-73.96589660644531,40.764610290527344,N,211,2.5111645142608325,5
id3090390,1,2016-06-13 05:21:25,2016-06-13 05:27:09,1,-73.95750427246092,40.7683219909668,-73.97622680664062,40.755638122558594,N,344,2.1248086624252864,5
id1448431,1,2016-02-12 05:09:30,2016-02-12 05:20:56,1,-73.99312591552734,40.7529411315918,-74.0043716430664,40.745384216308594,N,686,1.2717447120170562,5
id3925413,1,2016-04-30 05:48:34,2016-04-30 05:54:58,1,-73.96598052978516,40.76213836669922,-73.93982696533203,40.79466247558594,N,384,4.239733001061242,5
id2893854,1,2016-03-01 05:45:19,2016-03-01 05:51:43,1,-73.96634674072266,40.754032135009766,-73.96584320068358,40.76480484008789,N,384,1.196536017346341,5
id2328870,2,2016-06-07 05:49:53,2016-06-07 05:53:09,1,-73.989501953125,40.72114181518555,-73.97982788085938,40.7227783203125,N,196,0.8421213809803163,5
id0071043,1,2016-01-22 05:16:15,2016-01-22 05:26:15,1,-73.99101257324217,40.75024032592773,-74.00537872314453,40.70923614501953,N,600,4.712426766454772,5
id0263362,2,2016-05-27 05:00:05,2016-05-27 05:08:41,1,-73.95340728759764,40.77930068969727,-73.9793472290039,40.74945068359375,N,516,3.9799315018212633,5
id3065266,1,2016-05-23 05:21:57,2016-05-23 05:50:32,1,-74.00434875488281,40.72378921508789,-73.78677368164062,40.644580841064446,N,1715,20.47743109432407,5
id3406456,1,2016-04-21 05:30:48,2016-04-21 05:34:25,1,-73.98968505859375,40.75687789916992,-73.9791717529297,40.75919723510742,N,217,0.9299757646029309,5
id2200156,2,2016-06-07 05:26:11,2016-06-07 05:38:13,5,-73.98149108886719,40.76771545410156,-73.92411041259764,40.74557876586913,N,722,5.461347103871207,5
id0928859,2,2016-04-22 05:03:10,2016-04-22 05:17:50,5,-73.9944076538086,40.750591278076165,-73.96194458007811,40.810813903808594,N,880,7.231835303455526,5
id2480293,2,2016-04-27 05:24:22,2016-04-27 05:37:45,1,-73.98786926269531,40.76002883911133,-73.93235015869139,40.857208251953125,N,803,11.774024854385479,5
id1743038,2,2016-05-13 05:52:37,2016-05-13 05:56:53,1,-73.86073303222656,40.71577835083008,-73.87334442138672,40.73454666137695,N,256,2.3429002143294038,5
id3334354,1,2016-03-27 05:12:39,2016-03-27 05:44:07,1,-73.9728775024414,40.76440048217773,-73.77635192871092,40.64595413208008,N,1888,21.25803522277436,5
id2971352,2,2016-02-06 05:09:27,2016-02-06 05:29:33,1,-73.9886474609375,40.72256851196289,-73.92681121826173,40.69903945922852,N,1206,5.8691984352737,5
id2562495,2,2016-01-01 05:43:43,2016-01-01 06:12:24,2,-73.77681732177734,40.64578628540039,-73.93294525146483,40.76262283325195,N,1721,18.555520589401798,5
id0269213,1,2016-04-04 05:54:23,2016-04-04 06:06:22,1,-73.95366668701173,40.77510452270508,-73.98782348632812,40.7408332824707,N,719,4.7854517313224845,5
id2303709,2,2016-03-17 05:20:30,2016-03-17 05:26:32,1,-73.97386932373048,40.743438720703125,-73.99261474609375,40.74124526977539,N,362,1.6118554798655087,5
id1330212,2,2016-03-23 05:32:55,2016-03-23 05:36:12,1,-73.99728393554686,40.746803283691406,-73.98741912841797,40.7529411315918,N,197,1.0804017281595986,5
id1217349,1,2016-01-10 05:35:04,2016-01-10 05:49:30,2,-73.98573303222656,40.723098754882805,-73.95461273193358,40.73221206665039,N,866,2.8320500226815484,5
id2563726,2,2016-06-04 05:32:09,2016-06-04 05:47:57,1,-73.9697265625,40.79486083984375,-73.87130737304686,40.774169921875,N,948,8.675170166546234,5
id2292864,2,2016-03-06 05:51:29,2016-03-06 05:57:31,2,-74.00881958007811,40.70906066894531,-73.98858642578125,40.72254943847656,N,362,2.280250457099673,5
id1422084,2,2016-06-17 05:27:23,2016-06-17 05:32:59,1,-74.01271820068358,40.7017707824707,-74.01344299316406,40.715198516845696,N,336,1.4917512099700647,5
id1818424,2,2016-03-29 05:50:52,2016-03-29 05:54:50,4,-73.96573638916014,40.75846099853516,-73.98065185546875,40.751140594482415,N,238,1.5058604142028864,5
id2907986,2,2016-06-05 05:26:01,2016-06-05 05:35:58,1,-73.99008178710938,40.73488998413086,-73.9547119140625,40.769729614257805,N,597,4.898357315518867,5
id1148680,2,2016-02-16 05:05:09,2016-02-16 05:20:25,1,-74.0082015991211,40.70790100097656,-73.93962860107422,40.75162124633789,N,916,7.584516919913199,5
id1608354,2,2016-06-29 05:47:02,2016-06-29 05:47:06,5,-73.90460205078125,40.749698638916016,-73.90460205078125,40.749698638916016,N,4,0.0,5
id1615091,2,2016-06-10 05:37:03,2016-06-10 05:48:32,5,-73.97132873535155,40.75115966796875,-74.01004791259764,40.71424865722656,N,689,5.255278048791039,5
id2295315,1,2016-06-14 05:59:47,2016-06-14 06:01:50,1,-73.94957733154298,40.77270126342773,-73.95523071289062,40.765151977539055,N,123,0.9659767891742892,5
id1512499,1,2016-03-01 05:43:25,2016-03-01 05:43:47,1,-73.7828369140625,40.64916610717773,-73.78276062011719,40.64918899536133,N,22,0.006964885090582703,5
id2428369,1,2016-01-30 05:52:18,2016-01-30 06:03:43,1,-73.9566879272461,40.77477645874024,-73.94050598144531,40.814468383789055,N,685,4.615518510190502,5
id2357882,1,2016-01-25 05:50:32,2016-01-25 05:57:23,1,-73.99193572998048,40.75663375854492,-73.98548126220702,40.74845504760742,N,411,1.0607367613641019,5
id0070497,1,2016-04-10 05:52:47,2016-04-10 06:17:51,1,-73.77680206298828,40.64556884765625,-73.98103332519531,40.74480438232422,N,1504,20.559452963376796,5
id0586562,2,2016-03-23 05:44:44,2016-03-23 05:48:00,1,-73.96508026123048,40.77511978149414,-73.95533752441406,40.777019500732415,N,196,0.8545579662218812,5
id1164971,2,2016-03-25 05:39:44,2016-03-25 05:48:12,1,-73.97454071044923,40.74836730957031,-73.95260620117188,40.78938293457031,N,508,4.919705456310857,5
id2129024,1,2016-03-10 05:14:16,2016-03-10 05:17:45,1,-73.96342468261719,40.75756454467773,-73.96327209472656,40.76431655883789,N,209,0.7495857889087222,5
id3249233,2,2016-06-27 05:38:06,2016-06-27 05:41:13,6,-73.99151611328125,40.74446105957031,-73.98303985595702,40.75611114501953,N,187,1.4803227965478156,5
id1306754,1,2016-04-28 05:22:18,2016-04-28 05:28:15,1,-73.99164581298828,40.75973510742188,-73.98583221435547,40.74402618408203,N,357,1.8123593917660807,5
id3830000,1,2016-06-12 05:37:56,2016-06-12 05:40:17,1,-73.98799133300781,40.73824691772461,-73.98237609863281,40.74262619018555,N,141,0.6812509938725497,5
id1944895,1,2016-01-13 05:53:13,2016-01-13 05:56:32,1,-73.95025634765625,40.78702545166016,-73.95144653320312,40.79363632202149,N,199,0.7407473620320052,5
id1074856,1,2016-01-16 05:17:22,2016-01-16 05:24:22,1,-73.99110412597656,40.71952819824219,-74.00287628173827,40.733680725097656,N,420,1.8625491822988824,5
id2051648,1,2016-03-10 05:48:52,2016-03-10 05:52:11,1,-73.94972991943358,40.77216339111328,-73.95509338378906,40.77940368652344,N,199,0.9239749575651832,5
id0324707,1,2016-02-11 05:22:04,2016-02-11 05:33:18,2,-73.92096710205078,40.744190216064446,-73.947265625,40.76422500610352,N,674,3.153166625839919,5
id2497577,2,2016-03-15 05:02:51,2016-03-15 05:09:52,6,-73.97129821777344,40.75812911987305,-73.99594116210938,40.73857116699219,N,421,3.016704963771047,5
id1568893,1,2016-02-29 05:41:08,2016-02-29 05:45:29,1,-73.99024963378906,40.75613784790039,-73.9756317138672,40.755874633789055,N,261,1.2428666483052022,5
id3948744,2,2016-02-03 05:04:41,2016-02-03 05:07:55,5,-73.9940414428711,40.74045944213867,-73.9944610595703,40.75054931640625,N,194,1.1205438426378036,5
id1167111,1,2016-04-24 05:42:14,2016-04-24 05:46:55,1,-73.91919708251953,40.759056091308594,-73.91629791259764,40.77048110961913,N,281,1.2918980053546043,5
id0390661,2,2016-02-24 05:23:24,2016-02-24 05:24:38,1,-73.99120330810547,40.76041412353516,-73.99396514892578,40.755741119384766,N,74,0.5693539147266523,5
id3040068,1,2016-06-27 05:56:18,2016-06-27 06:19:34,1,-73.94747161865233,40.77930450439453,-73.79216003417967,40.64485931396485,N,1396,19.92454634313457,5
id3292791,1,2016-05-31 05:58:11,2016-05-31 06:09:49,1,-74.0079345703125,40.71498489379882,-73.97637176513672,40.755348205566406,N,698,5.22216023822734,5
id2671568,1,2016-03-30 05:38:35,2016-03-30 05:40:30,1,-73.96580505371094,40.76259613037109,-73.95674896240233,40.77478790283203,N,115,1.5568967260089404,5
id3513353,1,2016-06-18 05:12:26,2016-06-18 05:35:43,1,-73.98047637939453,40.76555633544922,-73.82884979248048,40.83250045776367,N,1397,14.876961906305723,5
id2031078,2,2016-05-04 05:25:32,2016-05-04 05:50:48,2,-73.94436645507811,40.71964263916016,-73.92960357666014,40.764041900634766,N,1516,5.085563260558261,5
id1869976,1,2016-03-03 05:41:13,2016-03-03 05:49:55,1,-74.00081634521484,40.7318115234375,-73.98220825195312,40.76719665527344,N,522,4.234259543878499,5
id0683483,1,2016-05-29 05:08:45,2016-05-29 05:12:32,1,-73.9222640991211,40.75505447387695,-73.89728546142578,40.75421524047852,N,227,2.1252268117277806,5
id0835565,1,2016-06-19 05:04:11,2016-06-19 05:07:55,1,-73.97373962402342,40.74771881103516,-73.95848846435547,40.74213790893555,N,224,1.4367585930833604,5
id1054475,1,2016-01-17 05:29:49,2016-01-17 05:34:31,1,-73.97496032714845,40.75229644775391,-73.9914779663086,40.74980163574219,N,282,1.4310489475723667,5
id0404110,1,2016-04-21 05:51:22,2016-04-21 05:55:14,1,-73.989013671875,40.76351165771485,-73.99517822265625,40.74987411499024,N,232,1.6018905855353076,5
id3398492,2,2016-02-16 05:46:22,2016-02-16 05:48:40,4,-73.96853637695312,40.75579833984375,-73.96726989746092,40.76055908203125,N,138,0.5392958718552953,5
id2244663,2,2016-04-16 05:33:33,2016-04-16 05:37:21,5,-73.99472045898438,40.75542831420898,-73.98838043212889,40.7641716003418,N,228,1.1100879068530352,5
id3477207,1,2016-05-25 05:37:01,2016-05-25 05:40:11,1,-73.95070648193358,40.77928924560546,-73.95899200439453,40.77765274047852,N,190,0.7273189636691493,5
id1432535,1,2016-06-16 05:47:41,2016-06-16 06:02:01,1,-73.99401092529298,40.6993408203125,-73.98391723632812,40.7551155090332,N,860,6.2501571341003075,5
id1288747,2,2016-03-18 05:18:34,2016-03-18 05:20:18,1,-73.94934844970702,40.78142929077149,-73.95517730712889,40.77711868286133,N,104,0.6887773618027933,5
id3852584,2,2016-01-18 05:44:44,2016-01-18 06:03:50,2,-73.98785400390625,40.7493896484375,-73.90516662597656,40.74608612060546,N,1146,7.037986257404385,5
id3834509,2,2016-01-29 05:59:20,2016-01-29 06:41:11,1,-73.97666168212889,40.760231018066406,-73.77703857421875,40.64466094970703,N,2511,21.271495340632256,5
id0133519,1,2016-05-25 05:37:24,2016-05-25 05:40:00,1,-73.9773178100586,40.75417709350586,-73.9861602783203,40.74612045288086,N,156,1.1681895089517322,5
id3451958,1,2016-05-20 05:55:29,2016-05-20 06:04:11,1,-74.00459289550781,40.70710372924805,-73.9716567993164,40.75676345825195,N,522,6.182415438829713,5
id3174245,1,2016-01-09 05:48:35,2016-01-09 06:02:47,1,-73.93775177001953,40.84846115112305,-73.89730072021484,40.867618560791016,N,852,4.042778977753839,5
id0538462,2,2016-06-20 05:02:43,2016-06-20 05:16:26,5,-73.98899078369139,40.7270393371582,-73.98477172851561,40.7683982849121,N,823,4.604828919218304,5
id0043328,1,2016-05-03 05:23:42,2016-05-03 05:53:02,1,-73.98418426513672,40.75727081298828,-74.17715454101561,40.695125579833984,N,1760,17.793965464312553,5
id0645123,1,2016-06-29 05:49:53,2016-06-29 06:15:24,1,-73.98633575439453,40.757858276367195,-73.86509704589844,40.7705307006836,N,1531,10.400848048033724,5
id0929608,2,2016-02-01 05:16:52,2016-02-01 05:43:30,4,-73.96878051757811,40.800979614257805,-74.18356323242188,40.688289642333984,N,1598,22.130649815963366,5
id3757229,2,2016-06-23 05:43:12,2016-06-23 05:50:18,1,-73.90467071533203,40.74127197265625,-73.86205291748048,40.7685661315918,N,426,4.722434561011129,5
id1463418,1,2016-03-04 05:43:46,2016-03-04 05:48:10,1,-73.98154449462889,40.74416732788086,-73.99012756347656,40.74340438842773,N,264,0.7344595310485842,5
id0881235,2,2016-05-29 05:29:32,2016-05-29 05:40:12,1,-73.98805236816406,40.728130340576165,-74.0017318725586,40.67605972290039,N,640,5.89563734259296,5
id2482071,1,2016-06-25 05:35:31,2016-06-25 05:44:19,3,-73.95872497558594,40.71297836303711,-73.99456787109375,40.712345123291016,N,528,3.0474568411797813,5
id0889655,2,2016-01-29 05:15:46,2016-01-29 05:18:48,2,-73.9900665283203,40.756641387939446,-73.97782897949219,40.76374816894531,N,182,1.3054835267689784,5
id3357330,2,2016-06-15 05:55:22,2016-06-15 06:04:34,6,-74.00817108154298,40.70774841308594,-73.97709655761719,40.752071380615234,N,552,5.584045683530717,5
id1426018,2,2016-02-07 05:07:01,2016-02-07 05:21:34,1,-73.98773193359375,40.728679656982415,-73.98133087158203,40.682571411132805,N,873,5.146854838109303,5
id1548065,1,2016-05-31 05:48:05,2016-05-31 05:52:22,1,-73.91432189941406,40.76068878173828,-73.92340850830078,40.77017974853516,N,257,1.3062921850495492,5
id0327945,2,2016-05-10 05:22:25,2016-05-10 05:41:45,5,-74.00461578369139,40.731727600097656,-73.87159729003906,40.77439880371094,N,1160,12.258590288437665,5
id0868073,2,2016-02-06 05:52:41,2016-02-06 05:59:02,6,-73.98432159423827,40.770111083984375,-73.97891998291014,40.75687026977539,N,381,1.5397772995952512,5
id1518294,1,2016-04-05 05:08:45,2016-04-05 05:16:27,1,-73.99875640869139,40.76151657104492,-73.99720001220702,40.7447395324707,Y,462,1.8669444179475791,5
id1706012,2,2016-05-27 05:30:46,2016-05-27 05:55:24,5,-73.98017883300781,40.77552032470703,-74.17762756347656,40.6904296875,N,1478,19.258323670582133,5
id0727655,2,2016-05-17 05:34:41,2016-05-17 05:57:41,1,-73.98430633544923,40.77933883666992,-73.87033081054686,40.7728271484375,N,1380,9.71484547340588,5
id1063874,1,2016-02-07 05:42:22,2016-02-07 05:55:01,1,-73.91519927978516,40.68787384033203,-73.84992218017578,40.722553253173835,N,759,6.7531059574260155,5
id0651017,2,2016-04-16 05:44:36,2016-04-16 05:59:24,2,-73.95675659179686,40.766700744628906,-73.86534881591797,40.770729064941406,N,888,7.782516857153743,5
id0196423,2,2016-01-21 05:20:32,2016-01-21 05:27:57,1,-73.95121002197266,40.7854881286621,-73.97611236572266,40.75569534301758,N,445,3.9264053961260124,5
id1397631,1,2016-01-12 05:48:06,2016-01-12 05:57:52,1,-74.0032958984375,40.74887466430664,-73.97650909423827,40.78816986083984,N,586,4.920283000227234,5
id3751826,2,2016-02-26 05:25:56,2016-02-26 06:12:10,6,-73.77690124511719,40.64501190185546,-73.9845199584961,40.71500396728516,N,2774,19.282029701679363,5
id1124651,2,2016-01-26 05:41:11,2016-01-26 05:53:08,3,-73.92105865478516,40.746929168701165,-73.954833984375,40.765533447265625,N,717,3.5364697864169163,5
id1721404,2,2016-04-13 05:53:40,2016-04-13 06:36:42,1,-73.7766876220703,40.64525985717773,-73.98745727539062,40.76047897338867,N,2582,22.012020522737586,5
id2101477,2,2016-04-27 05:46:12,2016-04-27 05:51:38,1,-74.0096435546875,40.71262741088867,-73.99463653564453,40.74029541015625,N,326,3.3255219548305246,5
id0586792,2,2016-05-17 05:42:50,2016-05-17 05:51:52,5,-73.9842071533203,40.7800407409668,-73.99553680419923,40.74977111816406,N,542,3.495214613150994,5
id1814858,2,2016-05-01 05:40:05,2016-05-01 06:04:30,1,-74.00566101074217,40.714839935302734,-73.78748321533203,40.64606094360352,N,1465,20.055081763877663,5
id0134190,1,2016-02-27 05:34:05,2016-02-27 05:38:30,1,-73.98838043212889,40.72014617919922,-73.96448516845702,40.710750579833984,N,265,2.2832041424119267,5
id0646138,2,2016-01-23 05:10:23,2016-01-23 05:19:40,1,-73.9859848022461,40.7621955871582,-73.9778823852539,40.78800582885742,N,557,2.9465536175339975,5
id3223814,1,2016-01-05 05:45:18,2016-01-05 05:56:58,1,-73.97861480712889,40.78561019897461,-73.94082641601561,40.8447494506836,N,700,7.3081546232151835,5
id2136225,2,2016-06-27 05:27:12,2016-06-27 05:44:40,2,-73.93942260742188,40.82109069824219,-73.87332916259764,40.77410888671875,N,1048,7.665331634866813,5
id3040350,1,2016-05-14 05:30:46,2016-05-14 05:34:54,1,-73.9925308227539,40.75656509399414,-73.98403930664062,40.76946640014648,N,248,1.6036575599917435,5
id2365430,2,2016-02-23 05:40:09,2016-02-23 05:51:09,2,-73.91443634033203,40.7646484375,-73.9552230834961,40.766216278076165,N,660,3.4712384124757745,5
id2793602,1,2016-03-21 05:57:28,2016-03-21 06:02:16,1,-73.9611587524414,40.771854400634766,-73.98104858398438,40.75650787353516,N,288,2.4000084034418325,5
id3998929,1,2016-03-09 05:47:46,2016-03-09 05:52:16,1,-73.95177459716798,40.77803421020508,-73.9654541015625,40.76179122924805,N,270,2.145392712083238,5
id3993761,1,2016-06-21 05:59:52,2016-06-21 06:05:26,1,-73.99040222167967,40.7509651184082,-73.97396850585938,40.744022369384766,N,334,1.5953457689273416,5
id3114440,2,2016-05-04 05:57:12,2016-05-04 06:02:47,6,-73.98130798339844,40.75017166137695,-73.96992492675781,40.76228332519531,N,335,1.6563722590275858,5
id1073350,2,2016-03-13 05:59:43,2016-03-13 06:15:36,1,-73.98578643798828,40.74089813232422,-73.8729019165039,40.77429962158203,N,953,10.286573907937518,5
id2454562,1,2016-03-23 05:06:08,2016-03-23 05:31:31,2,-73.98851776123048,40.75888442993164,-73.9886474609375,40.7587890625,N,1523,0.015283909622791279,5
id1202143,2,2016-05-23 05:35:02,2016-05-23 05:40:31,2,-73.98055267333984,40.74252700805664,-73.99530029296875,40.72710418701172,N,329,2.12181451102165,5
id3184449,2,2016-05-26 05:41:13,2016-05-26 06:12:49,1,-73.97744750976561,40.75484848022461,-73.86334228515625,40.76948165893555,N,1896,9.8340129769119,5
id2471114,2,2016-04-26 05:44:46,2016-04-26 06:14:17,2,-74.00804901123048,40.70806121826172,-73.78426361083984,40.64345932006836,N,1771,20.3284982919256,5
id0956786,2,2016-03-27 05:10:18,2016-03-27 05:19:43,1,-73.9908676147461,40.75083923339844,-73.96365356445312,40.76163101196289,N,565,2.604957202336112,5
id2274101,1,2016-04-15 05:18:59,2016-04-15 05:23:30,1,-73.99783325195312,40.736087799072266,-73.98330688476561,40.730010986328125,N,271,1.4069724489742026,5
id3327126,1,2016-05-24 05:22:13,2016-05-24 05:39:48,1,-73.94338226318358,40.7011833190918,-74.00742340087889,40.723411560058594,N,1055,5.976570682495929,5
id1127538,1,2016-02-19 05:25:48,2016-02-19 05:55:13,1,-73.7819061279297,40.64467239379882,-73.9974136352539,40.74664306640625,N,1765,21.532955323000685,5
id2505525,2,2016-03-21 05:51:12,2016-03-21 05:56:36,5,-73.98619842529298,40.68751907348633,-74.00299835205078,40.68429183959961,N,324,1.472239759636496,5
id2686781,1,2016-02-28 05:39:49,2016-02-28 05:47:31,1,-73.9626693725586,40.76339721679688,-73.9915313720703,40.743797302246094,N,462,3.2789827048659137,5
id0291645,2,2016-03-17 05:59:36,2016-03-17 06:04:15,1,-73.98516082763672,40.76876831054688,-73.98310852050781,40.7564582824707,N,279,1.3775036292896676,5
id3192496,2,2016-04-15 05:29:20,2016-04-15 05:33:41,1,-73.99404907226561,40.75144577026367,-73.98603820800781,40.760231018066406,N,261,1.1893690235975864,5
id1259714,1,2016-05-04 05:51:20,2016-05-04 06:13:51,1,-74.00830841064453,40.70523071289063,-73.86164093017578,40.76824569702149,N,1351,14.294922746234873,5
id1064060,2,2016-03-16 05:25:22,2016-03-16 05:32:11,3,-73.96764373779298,40.792701721191406,-73.98359680175781,40.759578704833984,N,409,3.9187440512106666,5
id3726697,2,2016-04-08 05:47:26,2016-04-08 05:59:43,1,-74.01587677001953,40.71116638183594,-73.98494720458984,40.75363540649414,N,737,5.397600183273965,5
id1258329,2,2016-05-31 05:52:31,2016-05-31 06:39:17,2,-73.77684783935547,40.64610290527344,-73.98001098632812,40.78049850463867,N,2806,22.820119826214917,5
id0395313,1,2016-06-30 05:33:58,2016-06-30 05:51:00,1,-73.78183746337889,40.64466857910156,-73.86483001708984,40.77037811279297,N,1022,15.635583254458982,5
id0592750,2,2016-02-02 05:27:57,2016-02-02 05:37:37,1,-73.99414825439453,40.735469818115234,-73.98261260986328,40.76845932006836,N,580,3.7908405601815294,5
id1395241,1,2016-06-17 05:22:28,2016-06-17 05:56:24,2,-73.97557830810547,40.79216766357422,-73.77861785888672,40.64501190185546,N,2036,23.38998640869959,5
id0064315,2,2016-04-17 05:09:15,2016-04-17 05:15:25,1,-73.98931121826173,40.74303817749024,-74.0011978149414,40.71989822387695,N,370,2.760108704599173,5
id2590945,2,2016-03-16 05:58:03,2016-03-16 06:20:48,1,-73.9632797241211,40.794300079345696,-74.00685119628906,40.70700073242188,N,1365,10.373860320178194,5
id2854101,2,2016-05-16 05:33:33,2016-05-16 05:46:00,1,-73.78959655761719,40.64640045166016,-73.7393035888672,40.68737030029297,N,747,6.241469351047407,5
id0862193,1,2016-05-17 05:19:22,2016-05-17 05:39:20,1,-73.96968078613281,40.75004196166992,-73.87244415283203,40.77429962158203,N,1198,8.69265222701535,5
id1477149,2,2016-01-25 05:32:44,2016-01-25 05:38:27,2,-73.94599914550781,40.80807876586913,-73.95598602294923,40.81863021850586,N,343,1.4464925887862008,5
id2783346,1,2016-04-08 05:38:02,2016-04-08 05:48:13,1,-73.98646545410156,40.74003601074219,-74.0138168334961,40.71484375,N,611,3.6365547416968473,5
id3797635,2,2016-03-19 05:33:39,2016-03-19 05:33:48,3,-73.91638946533203,40.7578010559082,-73.91275024414062,40.76259994506836,N,9,0.6159804086961533,5
id0068613,2,2016-01-30 05:31:07,2016-01-30 06:02:27,1,-73.99382019042967,40.72084045410156,-73.85771942138672,40.680931091308594,N,1880,12.387738559753979,5
id0120353,2,2016-01-19 05:44:30,2016-01-19 05:59:52,4,-73.95904541015625,40.799537658691406,-73.99143981933594,40.73341751098633,N,922,7.838861998939759,5
id3467489,1,2016-03-31 05:27:08,2016-03-31 05:35:03,1,-73.99574279785155,40.69533157348633,-74.00812530517578,40.712772369384766,N,475,2.2035431534409105,5
id0568142,1,2016-03-06 05:56:20,2016-03-06 05:59:21,1,-73.97954559326173,40.74975204467773,-73.98997497558594,40.73682403564453,N,181,1.6867509155064393,5
id2418819,1,2016-02-05 05:37:24,2016-02-05 05:54:17,1,-73.98802185058595,40.75981903076172,-73.9894790649414,40.71784591674805,N,1013,4.660661860259719,5
id2050896,2,2016-04-06 05:18:31,2016-04-06 05:27:15,1,-73.9875717163086,40.72412872314453,-74.01220703125,40.70140075683594,N,524,3.2786254358191314,5
id1736443,1,2016-04-17 05:24:17,2016-04-17 05:41:38,2,-73.99630737304686,40.76662063598633,-73.89884948730467,40.86173248291016,N,1041,13.419476405658607,5
id0857175,2,2016-05-16 05:26:45,2016-05-16 05:31:41,1,-74.01319122314453,40.70777130126953,-74.01342010498048,40.714740753173835,N,296,0.7738537522573046,5
id2027235,2,2016-06-01 05:20:02,2016-06-01 05:35:20,1,-73.98410034179686,40.74830627441406,-73.92647552490233,40.73821640014648,N,918,5.024522105219852,5
id2643490,1,2016-02-29 05:52:53,2016-02-29 06:03:57,1,-73.98218536376953,40.762451171875,-73.97431182861328,40.73688507080078,N,664,2.915684533511599,5
id2200286,2,2016-04-25 06:31:14,2016-04-25 06:46:59,5,-74.00737762451173,40.70551681518555,-74.01907348632812,40.64708709716797,N,945,6.561449411392395,6
id2747101,2,2016-06-30 06:10:55,2016-06-30 06:15:56,6,-73.98687744140625,40.750049591064446,-73.98636627197266,40.76179885864258,N,301,1.3048922758756718,6
id1902980,2,2016-01-05 06:03:25,2016-01-05 06:08:33,1,-73.9931411743164,40.74723052978516,-74.00669860839844,40.751949310302734,N,308,1.2658334736051686,6
id1433904,1,2016-01-04 06:05:24,2016-01-04 06:07:01,1,-73.9756317138672,40.79003143310546,-73.97999572753906,40.78166580200195,N,97,0.9999337705333209,6
id1572194,1,2016-01-08 06:04:43,2016-01-08 06:10:09,1,-73.9803237915039,40.765533447265625,-73.98873901367188,40.77389144897461,N,326,1.1714706524310925,6
id2497044,1,2016-06-10 06:56:23,2016-06-10 07:03:40,1,-73.95549774169923,40.780376434326165,-73.97421264648438,40.757678985595696,N,437,2.979597356935148,6
id2026673,1,2016-02-20 06:37:55,2016-02-20 07:06:59,1,-73.95787811279298,40.7178840637207,-73.98880004882812,40.769237518310554,N,1744,6.277018541351206,6
id0060164,2,2016-05-24 06:48:38,2016-05-24 06:51:16,6,-73.98042297363281,40.74269485473633,-73.97863006591797,40.75106048583984,N,158,0.9410074881695087,6
id2412676,1,2016-05-19 06:27:38,2016-05-19 06:42:48,1,-73.95323944091797,40.77588272094727,-73.9867172241211,40.72898483276367,N,910,5.932660401392663,6
id3743290,1,2016-01-05 06:20:19,2016-01-05 06:26:03,1,-73.97817993164062,40.73738861083984,-73.95613861083984,40.766056060791016,N,344,3.692658329911844,6
id2649327,1,2016-06-30 06:38:02,2016-06-30 06:59:39,1,-73.98043060302734,40.75018310546875,-73.86151123046875,40.76822662353516,N,1297,10.304657155118976,6
id3166865,1,2016-05-23 06:58:08,2016-05-23 07:02:53,1,-73.99092102050781,40.75579833984375,-73.97354888916014,40.755855560302734,N,285,1.4766448243600618,6
id3085585,2,2016-05-20 06:39:09,2016-05-20 06:42:15,5,-73.97984313964845,40.776180267333984,-73.98383331298828,40.766361236572266,N,186,1.1414647555240343,6
id3794648,1,2016-01-14 06:59:19,2016-01-14 07:03:20,1,-73.98531341552734,40.73345947265625,-73.98609924316406,40.74087142944336,N,241,0.825434231073449,6
id1948280,1,2016-02-23 06:50:35,2016-02-23 07:00:31,1,-73.99381256103516,40.75690078735352,-73.97496795654298,40.74182891845703,N,596,2.316158278442763,6
id0627765,2,2016-04-21 06:53:30,2016-04-21 07:02:42,1,-73.9713134765625,40.763797760009766,-73.95702362060547,40.76494598388672,N,552,1.2213063121942491,6
id3832972,1,2016-01-12 06:47:32,2016-01-12 06:57:17,1,-73.95706939697266,40.7706184387207,-73.97498321533203,40.74188232421875,N,585,3.5345126213071882,6
id2923648,1,2016-03-23 06:23:19,2016-03-23 06:30:51,1,-73.99400329589844,40.75135040283203,-73.97816467285155,40.760501861572266,N,452,1.6865205788268178,6
id1757155,1,2016-02-17 06:10:30,2016-02-17 06:14:11,1,-73.99014282226561,40.756534576416016,-73.98326873779298,40.761207580566406,N,221,0.7813171410469718,6
id1981577,1,2016-06-07 06:46:49,2016-06-07 07:01:32,1,-73.98767852783203,40.776191711425774,-73.98381805419923,40.75731658935546,N,883,2.1206795072134423,6
id2918021,1,2016-02-22 06:08:06,2016-02-22 06:19:49,1,-73.97027587890625,40.75212097167969,-74.01309204101561,40.7153434753418,N,703,5.469024765720772,6
id1282515,1,2016-03-24 06:05:27,2016-03-24 06:12:28,1,-73.99907684326173,40.74435043334961,-73.97965240478516,40.76613235473633,N,421,2.9277603161174697,6
id3444900,1,2016-02-24 06:38:50,2016-02-24 06:42:26,1,-73.99080657958984,40.75616455078125,-73.98341369628906,40.765823364257805,N,216,1.2427145529623673,6
id2162491,1,2016-05-26 06:52:28,2016-05-26 06:54:18,1,-73.96330261230467,40.76611709594727,-73.95662689208984,40.77115631103516,N,110,0.7967807102907513,6
id3463907,1,2016-04-21 06:40:25,2016-04-21 06:51:05,1,-73.96692657470702,40.7569465637207,-73.95322418212889,40.78854751586913,N,640,3.6960158461582417,6
id2624022,2,2016-02-12 06:34:18,2016-02-12 06:55:43,1,-74.00846862792967,40.714054107666016,-74.1823959350586,40.68772888183594,N,1285,15.069838595530747,6
id2124543,1,2016-04-20 06:42:21,2016-04-20 06:53:21,4,-73.9705352783203,40.7522087097168,-73.99969482421875,40.7218017578125,N,660,4.187487356890206,6
id1589582,1,2016-02-03 06:30:23,2016-02-03 06:32:30,1,-74.00065612792967,40.742481231689446,-73.99319458007811,40.748836517333984,N,127,0.9486256521959346,6
id0426237,1,2016-06-07 06:32:37,2016-06-07 07:01:16,2,-73.98506164550781,40.75115966796875,-73.90023803710938,40.9138069152832,N,1719,19.440305972580923,6
id0252475,1,2016-06-08 06:42:38,2016-06-08 06:56:06,2,-74.0084457397461,40.738189697265625,-74.01387786865233,40.71561813354492,N,808,2.547634780371217,6
id3618858,2,2016-05-18 06:44:06,2016-05-18 06:52:36,1,-73.9857177734375,40.759632110595696,-73.97311401367188,40.74993133544922,N,510,1.5189449698092916,6
id2040106,1,2016-01-26 06:19:40,2016-01-26 06:32:06,1,-73.93795013427734,40.79696273803711,-73.95908355712889,40.76792907714844,N,746,3.6895623613910167,6
id3686670,1,2016-05-13 06:10:34,2016-05-13 06:14:18,1,-73.98219299316406,40.76272964477539,-73.99040222167967,40.77140426635742,N,224,1.1891369834302623,6
id1969094,2,2016-04-12 06:57:44,2016-04-12 07:03:32,1,-73.98047637939453,40.783321380615234,-73.96974945068358,40.785430908203125,N,348,0.9413760331842433,6
id3200242,2,2016-04-26 06:22:12,2016-04-26 06:26:24,3,-73.99424743652342,40.75130081176758,-73.9865493774414,40.76155853271485,N,252,1.313232758764835,6
id3464836,2,2016-04-25 06:16:41,2016-04-25 06:34:38,6,-73.84892272949217,40.72404098510742,-73.97479248046875,40.74190902709961,N,1077,10.881211603135672,6
id2491569,2,2016-06-22 06:50:33,2016-06-22 07:04:54,5,-73.94696807861328,40.77629089355469,-74.01287078857422,40.70426177978516,N,861,9.76233126199652,6
id0984015,2,2016-04-26 06:50:31,2016-04-26 07:02:51,1,-73.95138549804686,40.76984786987305,-73.98731994628906,40.74160385131836,N,740,4.377019033836671,6
id3933510,2,2016-04-19 06:44:37,2016-04-19 06:52:45,1,-74.00611877441406,40.717281341552734,-74.00318908691406,40.74922943115234,N,488,3.554970638264753,6
id1438470,1,2016-04-11 06:54:42,2016-04-11 06:56:24,1,-73.9630126953125,40.772422790527344,-73.9686279296875,40.77016830444336,N,102,0.5389197357590804,6
id1983851,1,2016-03-05 06:48:49,2016-03-05 07:06:43,1,-73.96826171875,40.75638198852539,-73.80389404296875,40.678707122802734,N,1074,16.417467175891286,6
id1188370,2,2016-03-29 06:22:53,2016-03-29 06:27:33,6,-73.98155975341797,40.7469482421875,-73.99211883544923,40.74421691894531,N,280,0.9473446637303722,6
id0351879,2,2016-01-13 06:44:50,2016-01-13 06:52:09,1,-73.95504760742188,40.7674217224121,-73.9786376953125,40.76691055297852,N,439,2.005960091335169,6
id3352521,2,2016-01-27 06:41:01,2016-01-27 06:56:20,1,-73.94686889648438,40.80094909667969,-73.96826934814453,40.759220123291016,N,919,4.976298516654431,6
id0109723,2,2016-04-20 06:33:38,2016-04-20 06:57:53,5,-74.00899505615233,40.704116821289055,-73.88478088378906,40.766883850097656,N,1455,12.649771855056706,6
id2035151,2,2016-01-06 06:39:17,2016-01-06 06:44:21,2,-73.95949554443358,40.767253875732415,-73.96923065185547,40.763614654541016,N,304,0.9208194498367717,6
id3133850,1,2016-05-12 06:36:11,2016-05-12 06:43:45,1,-74.00653839111328,40.74375915527344,-73.98455810546875,40.75455093383789,N,454,2.219362495627185,6
id0780477,1,2016-02-06 06:29:15,2016-02-06 07:06:41,1,-73.78174591064453,40.644752502441406,-74.0066146850586,40.7287712097168,N,2246,21.26769393362512,6
id3614757,2,2016-01-20 06:48:26,2016-01-20 06:56:55,1,-73.95454406738281,40.774173736572266,-73.97472381591797,40.75556182861328,N,509,2.685184086497404,6
id3512440,1,2016-01-01 06:13:57,2016-01-01 06:18:09,1,-73.9980239868164,40.73772811889648,-74.0077133178711,40.73679733276367,N,252,0.8300482612734496,6
id1764197,2,2016-03-04 06:49:01,2016-03-04 07:07:57,1,-74.01592254638672,40.71062088012695,-73.98358917236328,40.773635864257805,N,1136,7.515229134403381,6
id0785776,1,2016-03-15 06:57:25,2016-03-15 07:04:45,1,-73.98721313476561,40.72442626953125,-73.99533081054686,40.74235534667969,N,440,2.1063501817256656,6
id2464576,1,2016-01-04 06:18:52,2016-01-04 06:23:07,1,-73.98949432373048,40.75650024414063,-73.97746276855469,40.760112762451165,N,255,1.0984859884293605,6
id3770959,1,2016-04-01 06:28:10,2016-04-01 07:01:44,2,-73.86652374267578,40.770938873291016,-73.98886871337889,40.74849319458008,N,2014,10.693611789372923,6
id2121017,1,2016-01-13 06:42:31,2016-01-13 06:46:16,1,-73.99002075195312,40.75701522827149,-73.98297882080078,40.75935745239258,N,225,0.65258885651802,6
id2404931,2,2016-03-26 06:57:48,2016-03-26 07:35:36,1,-73.7826919555664,40.64453125,-73.97267913818358,40.78675842285156,N,2268,22.58370000647454,6
id2292178,1,2016-06-29 06:36:57,2016-06-29 06:43:10,1,-73.98947143554686,40.7638053894043,-73.9949493408203,40.75014114379882,N,373,1.5865930544545368,6
id3761708,2,2016-06-12 06:50:48,2016-06-12 07:08:03,1,-73.99485778808595,40.7447395324707,-73.87346649169923,40.77423095703125,N,1035,10.825091719817957,6
id1966247,1,2016-03-29 06:34:06,2016-03-29 07:55:22,1,-73.78215026855469,40.644725799560554,-73.96192932128906,40.76534271240234,N,4876,20.31666788535251,6
id2892677,2,2016-05-24 06:13:58,2016-05-24 06:18:33,5,-73.99314880371094,40.75175094604492,-73.9881591796875,40.7409782409668,N,275,1.2687563347724387,6
id3239766,2,2016-03-11 06:41:03,2016-03-11 06:53:23,1,-73.96990966796875,40.75754928588867,-73.95429992675781,40.789016723632805,N,740,3.73640499563223,6
id3945749,1,2016-03-01 06:36:40,2016-03-01 06:49:19,1,-74.00957489013672,40.706356048583984,-73.98683929443358,40.75591659545898,N,759,5.830787644350752,6
id0257471,2,2016-05-02 06:51:24,2016-05-02 07:03:01,5,-73.98253631591797,40.742500305175774,-73.99853515625,40.75359344482422,N,697,1.8345371074118864,6
id2787825,1,2016-03-22 06:21:54,2016-03-22 06:37:08,1,-73.95357513427734,40.78203582763672,-73.87041473388672,40.77370834350586,N,914,7.128815566640079,6
id3989811,1,2016-05-29 06:20:44,2016-05-29 06:34:48,1,-73.98680877685547,40.71795272827149,-73.99050903320312,40.75090789794922,N,844,3.67152043816732,6
id1176859,1,2016-03-10 06:47:30,2016-03-10 07:02:53,1,-74.00357818603516,40.73250198364258,-73.97543334960938,40.761505126953125,N,923,4.010905105957175,6
id1864011,1,2016-05-30 06:28:22,2016-05-30 06:51:25,2,-73.96966552734375,40.766075134277344,-73.872314453125,40.77441787719727,N,1383,8.326497284688335,6
id2326575,1,2016-04-11 06:59:15,2016-04-11 07:08:40,1,-74.00602722167967,40.73455047607422,-73.98077392578125,40.76578521728516,N,565,4.077753168189885,6
id0684623,1,2016-01-03 06:52:27,2016-01-03 06:58:45,1,-73.96377563476561,40.80279541015625,-73.98003387451173,40.78068542480469,N,378,2.816544974173679,6
id3752725,1,2016-05-12 06:58:54,2016-05-12 07:03:23,1,-73.98931121826173,40.7575798034668,-73.97927856445312,40.758983612060554,N,269,0.8668949819837255,6
id2278184,1,2016-03-29 06:12:23,2016-03-29 06:20:07,1,-73.97582244873048,40.786529541015625,-73.990234375,40.75741958618164,N,464,3.455625024661239,6
id2952072,1,2016-03-03 06:03:17,2016-03-03 06:06:36,1,-73.95951843261719,40.78269577026367,-73.97534942626953,40.76095581054688,N,199,2.7629613063459098,6
id0587441,1,2016-03-27 06:31:02,2016-03-27 06:35:01,1,-73.96994018554686,40.75263214111328,-73.98160552978516,40.753692626953125,N,239,0.9985171104831781,6
id1158032,1,2016-05-10 06:20:56,2016-05-10 06:31:41,1,-73.94775390625,40.770503997802734,-73.98365020751953,40.729251861572266,N,645,5.502440974107052,6
id2215238,1,2016-03-17 06:43:45,2016-03-17 06:46:01,1,-73.9659652709961,40.771041870117195,-73.9583511352539,40.7791404724121,N,136,1.1076875384127445,6
id3362747,2,2016-03-09 06:52:06,2016-03-09 06:57:58,1,-73.96763610839844,40.76876831054688,-73.97921752929686,40.75540542602539,N,352,1.780225930300826,6
id1147784,2,2016-03-13 06:43:33,2016-03-13 06:52:46,3,-73.94876098632812,40.77376174926758,-73.97023010253906,40.7623405456543,N,553,2.222018792255264,6
id1459163,1,2016-06-17 06:29:38,2016-06-17 06:36:25,1,-73.9695053100586,40.76057434082031,-73.98055267333984,40.73852157592773,N,407,2.6217881339263824,6
id1909480,1,2016-02-22 06:54:27,2016-02-22 06:56:39,1,-74.00662994384764,40.73107147216797,-74.00155639648438,40.737640380859375,N,132,0.8471339596146293,6
id3198315,2,2016-03-15 06:58:30,2016-03-15 07:02:11,1,-73.99179840087889,40.74245834350586,-73.97686767578125,40.7361717224121,N,221,1.4483059173486863,6
id3332311,1,2016-05-23 06:07:04,2016-05-23 06:16:41,1,-73.95377349853516,40.7812614440918,-73.99710845947266,40.75371551513672,N,577,4.787156759693567,6
id0501656,2,2016-02-05 06:35:29,2016-02-05 06:39:23,5,-73.98930358886719,40.758888244628906,-73.97931671142578,40.773738861083984,N,234,1.854154347218475,6
id2147754,1,2016-06-22 06:20:09,2016-06-22 06:27:12,1,-73.97514343261719,40.782573699951165,-73.97789764404298,40.75989532470703,N,423,2.5281621942891177,6
id3094546,2,2016-01-28 06:17:15,2016-01-28 06:23:10,1,-73.99150848388672,40.749961853027344,-73.98001861572266,40.73776245117188,N,355,1.6695811320864318,6
id2359047,1,2016-05-22 06:23:42,2016-05-22 06:31:26,1,-73.99043273925781,40.75559616088867,-73.97072601318358,40.75870895385742,N,464,1.7103360309243152,6
id3149261,2,2016-03-15 06:42:55,2016-03-15 06:49:52,5,-73.97847747802734,40.76248550415039,-73.9617691040039,40.77381134033203,N,417,1.8967004117960926,6
id2864324,1,2016-05-25 06:11:43,2016-05-25 06:17:45,1,-73.99305725097656,40.747825622558594,-73.9805145263672,40.74291610717773,N,362,1.1973361428076916,6
id1121537,1,2016-02-15 06:42:48,2016-02-15 06:42:54,1,-73.98224639892578,40.77755737304688,-73.98221588134764,40.777565002441406,N,6,0.00272873270890399,6
id0211441,2,2016-02-29 06:31:42,2016-02-29 06:47:19,1,-73.97261810302734,40.755958557128906,-74.01016998291014,40.72129821777344,N,937,4.9989986454743525,6
id3831356,2,2016-04-22 06:05:29,2016-04-22 06:26:08,1,-73.97794342041014,40.786468505859375,-73.87062835693358,40.77400970458984,N,1239,9.226015635570405,6
id2491760,2,2016-02-17 06:42:54,2016-02-17 07:00:34,3,-73.9489974975586,40.77320861816406,-73.99365997314453,40.768798828125,N,1060,3.8277369378540986,6
id1182743,2,2016-06-28 06:42:00,2016-06-28 06:47:14,3,-73.96715545654298,40.763626098632805,-73.9774169921875,40.74971771240234,N,314,1.773189176917376,6
id0258034,1,2016-06-14 06:33:38,2016-06-14 06:47:20,1,-73.98239135742188,40.77758407592773,-73.99195098876953,40.75159454345703,N,822,2.9970917106966803,6
id3321077,1,2016-02-02 06:20:15,2016-02-02 06:24:56,1,-73.98165893554686,40.77984619140625,-73.97579956054686,40.76581573486328,N,281,1.6350795884344616,6
id2370393,1,2016-05-12 06:29:34,2016-05-12 06:42:36,1,-73.95938873291014,40.767372131347656,-73.99484252929686,40.76008605957031,N,782,3.120208863973342,6
id1823155,2,2016-05-03 06:46:20,2016-05-03 06:55:39,1,-73.95354461669923,40.78802108764648,-73.92997741699219,40.79904174804688,N,559,2.347190815822034,6
id2029209,1,2016-02-03 06:52:47,2016-02-03 07:03:36,1,-73.98092651367188,40.747589111328125,-74.00857543945312,40.71994400024414,N,649,3.865177463260889,6
id2228628,2,2016-04-25 06:24:44,2016-04-25 06:28:02,3,-74.0046615600586,40.71722412109375,-74.00285339355469,40.72334671020508,N,198,0.6967697603960693,6
id1311817,2,2016-01-26 06:42:53,2016-01-26 06:48:13,1,-73.98609924316406,40.762794494628906,-73.99393463134764,40.7688865661621,N,320,0.949125944072905,6
id2095432,2,2016-06-25 06:56:01,2016-06-25 07:06:23,6,-73.9617462158203,40.77964019775391,-73.99040222167967,40.756301879882805,N,622,3.555825574954157,6
id2975049,2,2016-01-10 06:41:53,2016-01-10 06:42:00,1,-73.98204040527344,40.76876831054688,-73.98200225830078,40.76877975463867,N,7,0.0034824425448598075,6
id1401674,2,2016-06-27 06:13:47,2016-06-27 07:22:06,1,-73.77912139892578,40.64754867553711,-73.98625183105469,40.7656478881836,N,4099,21.950410051375677,6
id3841454,2,2016-05-06 06:53:47,2016-05-06 07:17:00,1,-73.9902801513672,40.75648880004882,-73.9373550415039,40.80154800415039,N,1393,6.727066963639893,6
id3895636,2,2016-04-12 06:40:59,2016-04-12 06:48:52,1,-73.98202514648438,40.73215866088867,-73.99212646484375,40.74759292602539,N,473,1.9163195619944533,6
id1048386,2,2016-02-17 06:53:40,2016-02-17 07:15:37,6,-73.90526580810547,40.741790771484375,-73.94963073730467,40.78537368774414,N,1317,6.13383740393066,6
id0568484,1,2016-05-05 06:07:40,2016-05-05 06:15:21,1,-73.98004150390625,40.77554321289063,-73.99126434326173,40.74639129638672,N,461,3.373545866004263,6
id1930254,1,2016-05-27 06:06:10,2016-05-27 06:18:01,1,-73.99414825439453,40.75114822387695,-73.9576873779297,40.7626838684082,N,711,3.353274748189851,6
id2081056,1,2016-04-04 06:59:36,2016-04-04 07:23:28,1,-73.97418975830078,40.76014709472656,-73.86470794677734,40.770183563232415,N,1432,9.372400035421887,6
id2918809,2,2016-04-19 06:44:45,2016-04-19 06:56:09,5,-73.99237060546875,40.7247200012207,-73.9690170288086,40.758079528808594,N,684,4.201424027814748,6
id1600533,1,2016-04-25 06:38:47,2016-04-25 07:25:09,1,-73.7911376953125,40.646278381347656,-74.01436614990233,40.71536636352539,Y,2782,20.465545070364964,6
id2135022,1,2016-04-30 06:10:41,2016-04-30 06:45:43,1,-74.0071563720703,40.72776794433594,-73.8587417602539,40.8823127746582,N,2102,21.293670030115326,6
id1894371,1,2016-05-06 06:41:02,2016-05-06 06:46:03,1,-73.9665756225586,40.759815216064446,-73.97561645507811,40.75584411621094,N,301,0.8859147681658774,6
id1716959,2,2016-05-19 06:34:19,2016-05-19 06:37:52,1,-74.0073013305664,40.73296737670898,-74.01136016845702,40.72918319702149,N,213,0.5435648611510665,6
id2438249,1,2016-04-23 06:40:23,2016-04-23 07:08:55,1,-73.97917938232422,40.761882781982415,-73.87258148193358,40.7744255065918,N,1712,9.167160184323285,6
id0519722,2,2016-06-08 06:09:35,2016-06-08 06:24:52,2,-73.92558288574217,40.74420166015625,-73.95742797851561,40.78044128417969,N,917,4.848529786007432,6
id3458481,1,2016-05-05 06:57:56,2016-05-05 07:09:52,1,-73.99112701416014,40.75017547607422,-73.98110961914062,40.72517395019531,N,716,2.902857353177453,6
id0975843,2,2016-03-04 06:04:24,2016-03-04 06:05:53,2,-73.99212646484375,40.74904251098633,-73.99331665039062,40.74304962158203,N,89,0.6728594359009382,6
id0586117,1,2016-06-27 06:10:32,2016-06-27 06:16:55,1,-73.96060943603516,40.7974853515625,-73.96072387695312,40.778167724609375,N,383,2.1442786561669456,6
id0557742,1,2016-03-11 06:52:38,2016-03-11 07:02:07,1,-73.96340942382812,40.77446746826172,-73.97531127929686,40.75537872314453,N,569,2.3479735208953363,6
id0342571,2,2016-01-02 06:25:36,2016-01-02 06:28:24,1,-73.97955322265625,40.76705932617188,-73.97701263427734,40.77482986450195,N,168,0.8891523971782924,6
id3013287,1,2016-05-22 06:44:38,2016-05-22 07:10:19,1,-74.0027618408203,40.74983215332031,-73.88406372070312,40.74810028076172,N,1541,10.091171451562117,6
id2420367,2,2016-01-10 06:40:42,2016-01-10 06:46:46,2,-73.99464416503906,40.66573715209961,-74.01937866210938,40.64600372314453,N,364,3.0361357064416814,6
id1131805,2,2016-04-13 06:51:22,2016-04-13 06:55:54,1,-73.99569702148438,40.73887634277344,-73.98419952392578,40.754928588867195,N,272,2.032215356696331,6
id1122134,2,2016-04-06 06:38:03,2016-04-06 06:51:15,1,-73.99018096923827,40.75606918334961,-73.97483825683594,40.741920471191406,N,792,2.041384063598074,6
id2440945,2,2016-04-30 06:04:05,2016-04-30 06:30:37,6,-73.78400421142578,40.6462287902832,-73.9811248779297,40.7470817565918,N,1592,20.150917330044095,6
id1190579,1,2016-05-10 06:48:18,2016-05-10 06:55:37,1,-73.96031951904298,40.75803756713867,-73.97522735595702,40.75593185424805,N,439,1.2885424573696127,6
id3343214,2,2016-05-06 06:54:51,2016-05-06 06:59:01,1,-73.97911834716798,40.763771057128906,-73.97147369384764,40.75735855102539,N,250,0.9637824668044188,6
id3026209,2,2016-04-25 06:37:22,2016-04-25 07:32:36,1,-73.78071594238281,40.646392822265625,-74.00333404541014,40.727481842041016,N,3314,20.95419612655486,6
id0570922,2,2016-05-05 06:21:56,2016-05-05 06:24:32,2,-74.00321960449219,40.74736022949219,-73.99370574951173,40.743328094482415,N,156,0.9242704076131599,6
id2362534,1,2016-03-10 06:58:29,2016-03-10 07:08:09,1,-73.95552062988281,40.770313262939446,-73.97618103027344,40.759647369384766,N,580,2.11793756730438,6
id2206561,1,2016-03-26 06:25:51,2016-03-26 06:32:44,1,-73.97249603271484,40.75614929199219,-73.97425079345702,40.73128509521485,N,413,2.7639532862240985,6
id3357196,1,2016-03-07 06:38:53,2016-03-07 06:40:44,1,-73.99352264404298,40.733360290527344,-74.00148010253906,40.737171173095696,N,111,0.7977662667293074,6
id3331263,2,2016-03-25 06:44:18,2016-03-25 07:01:33,1,-73.96729278564453,40.79323959350586,-73.87265014648438,40.77434158325195,N,1035,8.313617645483063,6
id0498681,1,2016-02-26 06:32:17,2016-02-26 06:56:16,1,-73.97515869140625,40.764019012451165,-73.87216186523438,40.77421188354492,N,1439,8.827535722537764,6
id2492469,2,2016-02-22 06:36:54,2016-02-22 06:41:04,1,-74.01665496826173,40.70802688598633,-74.00672912597656,40.70654678344727,N,250,0.8595438332491345,6
id1427416,1,2016-03-21 06:46:02,2016-03-21 06:54:45,1,-73.95976257324217,40.773750305175774,-73.97999572753906,40.7507209777832,N,523,3.0809439650393906,6
id3707264,2,2016-03-21 06:28:47,2016-03-21 06:34:18,2,-73.9797134399414,40.784481048583984,-73.98390960693358,40.76144027709961,N,331,2.582276873882358,6
id1525535,2,2016-02-02 06:17:22,2016-02-02 06:36:05,2,-73.98774719238281,40.73802947998047,-73.96988677978516,40.797176361083984,N,1123,6.738541987120658,6
id0975184,1,2016-04-19 06:46:30,2016-04-19 07:19:19,1,-73.98978424072266,40.74700927734375,-73.86457061767578,40.77017593383789,N,1969,10.949402622183243,6
id3892703,1,2016-01-30 06:00:28,2016-01-30 06:04:57,1,-73.99321746826173,40.75719833374024,-73.98507690429686,40.74756240844727,N,269,1.2738955261774818,6
id1389692,1,2016-03-31 06:52:12,2016-03-31 07:05:52,1,-73.98273468017578,40.756885528564446,-73.9678192138672,40.80115509033203,N,820,5.074837637479139,6
id3156138,2,2016-05-23 06:36:56,2016-05-23 06:43:22,1,-73.97621154785155,40.727638244628906,-73.99935150146483,40.73834991455078,N,386,2.298345071743805,6
id0962973,2,2016-04-26 06:16:43,2016-04-26 06:23:46,1,-73.9498519897461,40.772964477539055,-73.94375610351561,40.7953987121582,N,423,2.5435361245409687,6
id3721623,1,2016-03-02 06:49:58,2016-03-02 06:54:49,1,-73.9452896118164,40.80510330200195,-73.95342254638672,40.790977478027344,N,291,1.7135967253203095,6
id0172595,2,2016-02-03 06:59:14,2016-02-03 07:09:48,6,-74.0095977783203,40.715091705322266,-73.9860076904297,40.741329193115234,N,634,3.535887996151227,6
id0160200,1,2016-03-31 06:25:09,2016-03-31 06:34:48,1,-73.99824523925781,40.76082229614258,-73.97383117675781,40.75032806396485,N,579,2.3797760131599666,6
id1538124,2,2016-03-02 06:10:24,2016-03-02 06:42:59,1,-73.77662658691406,40.64527130126953,-73.8224105834961,40.76028823852539,N,1955,13.346838032532256,6
id3903474,1,2016-06-02 06:33:09,2016-06-02 06:46:34,1,-73.94629669189453,40.780540466308594,-73.96842193603516,40.76211929321289,N,805,2.7780986088421753,6
id2305094,2,2016-03-07 06:32:10,2016-03-07 06:40:01,1,-73.97229766845702,40.79656982421875,-73.95858764648438,40.77898025512695,N,471,2.2737799804558563,6
id1106843,1,2016-02-04 06:16:50,2016-02-04 06:19:36,1,-73.99111938476561,40.75611114501953,-73.9844207763672,40.76486587524414,N,166,1.1262958285774558,6
id3955674,1,2016-04-19 06:37:50,2016-04-19 06:41:31,1,-73.97840881347656,40.75214385986328,-73.98025512695312,40.7605857849121,N,221,0.9501045788176624,6
id3649921,2,2016-04-29 06:37:58,2016-04-29 06:47:40,1,-73.95626831054686,40.7811393737793,-73.95338439941406,40.76461791992188,N,582,1.8501921050077244,6
id1196638,1,2016-05-16 06:08:46,2016-05-16 06:14:34,1,-73.93740844726561,40.797561645507805,-73.95589447021484,40.77204513549805,N,348,3.239001276037141,6
id2488981,1,2016-02-01 06:06:03,2016-02-01 06:31:10,3,-73.98190307617188,40.77432632446289,-73.86508178710938,40.77058792114258,N,1507,9.938476352135487,6
id3453185,1,2016-05-26 06:43:06,2016-05-26 06:49:21,1,-73.99343872070312,40.76377868652344,-73.98709869384764,40.75387954711913,N,375,1.2238410608123558,6
id1272853,2,2016-02-06 06:03:41,2016-02-06 06:04:34,6,-73.98063659667967,40.75450897216797,-73.98320007324217,40.7523307800293,N,53,0.32547764205744567,6
id2111720,2,2016-03-08 06:40:37,2016-03-08 06:51:08,1,-73.98484802246092,40.75376129150391,-73.98356628417967,40.77609252929688,N,631,2.481160496963695,6
id1736860,1,2016-06-21 06:12:56,2016-06-21 06:14:08,1,-73.93570709228516,40.761280059814446,-73.94233703613281,40.75434112548828,N,72,0.9543713668178321,6
id2073049,1,2016-06-13 06:01:52,2016-06-13 06:09:49,1,-73.99967193603516,40.76155471801758,-73.9801025390625,40.76324844360352,N,477,1.6739894588087723,6
id0202362,2,2016-01-02 06:34:07,2016-01-02 06:40:39,5,-73.9722900390625,40.79475021362305,-73.95159912109375,40.7908592224121,N,392,1.8109836844251213,6
id1953812,1,2016-06-08 06:31:19,2016-06-08 06:35:41,1,-73.9813003540039,40.747108459472656,-73.98316955566406,40.76029586791992,N,262,1.4723996802716486,6
id1534143,2,2016-04-20 06:29:04,2016-04-20 06:39:20,6,-73.98744201660156,40.779239654541016,-73.98690795898438,40.75933837890625,N,616,2.2095079694772464,6
id0075970,1,2016-03-18 06:19:35,2016-03-18 06:25:49,1,-73.990966796875,40.7561912536621,-73.97496795654298,40.7578125,N,374,1.3717568661670303,6
id2869662,2,2016-02-02 06:29:23,2016-02-02 07:02:07,1,-73.77670288085938,40.64537048339844,-74.03546905517578,40.613380432128906,N,1964,22.27990969278263,6
id0167017,2,2016-04-07 06:44:16,2016-04-07 06:53:53,1,-73.94711303710938,40.780006408691406,-73.97417449951173,40.76305389404297,N,577,2.9718573911247583,6
id3823185,1,2016-01-15 06:30:09,2016-01-15 06:40:24,1,-73.9695816040039,40.76863098144531,-73.96469116210938,40.75369644165039,N,615,1.7090576025269184,6
id1411205,2,2016-05-10 06:23:57,2016-05-10 06:32:19,6,-73.99527740478516,40.76512908935546,-73.97908782958984,40.74972152709961,N,502,2.195132862389604,6
id3013999,2,2016-04-03 06:48:46,2016-04-03 06:57:55,2,-73.98660278320312,40.74745941162109,-73.98751831054686,40.726238250732415,N,549,2.3568339675279635,6
id2551626,1,2016-03-21 06:44:36,2016-03-21 06:56:18,1,-74.0091094970703,40.70648193359375,-73.98150634765625,40.7325325012207,N,702,3.7237612572323946,6
id2998532,1,2016-05-17 06:00:58,2016-05-17 06:03:41,1,-73.9767837524414,40.75598907470703,-73.97540283203125,40.76346969604492,N,163,0.8386042329480362,6
id2037799,1,2016-06-16 06:42:53,2016-06-16 06:48:30,1,-73.98587799072266,40.76795196533203,-73.9798126220703,40.761512756347656,N,337,0.8812882834346044,6
id2595889,2,2016-01-03 06:49:22,2016-01-03 07:11:12,6,-73.78994750976561,40.64369201660156,-73.91978454589844,40.759315490722656,N,1310,16.926706659562946,6
id0989393,2,2016-05-06 06:49:53,2016-05-06 06:59:50,1,-73.92910766601561,40.762741088867195,-73.9724884033203,40.74924087524414,N,597,3.9802282324808993,6
id1677729,1,2016-05-25 06:27:12,2016-05-25 06:41:46,1,-73.94693756103516,40.7763557434082,-73.9879608154297,40.74587631225586,N,874,4.8585144108808125,6
id0472413,1,2016-03-11 06:16:24,2016-03-11 06:43:16,1,-73.99586486816406,40.76406097412109,-73.87123107910156,40.77419662475586,N,1612,10.653444475448113,6
id3311216,2,2016-06-02 06:15:45,2016-06-02 06:30:49,1,-73.96495056152342,40.75593185424805,-74.01167297363281,40.72029876708984,N,904,5.605019164718858,6
id3640208,1,2016-04-28 06:30:36,2016-04-28 06:49:04,1,-73.98754119873048,40.7523307800293,-73.9875259399414,40.75139617919922,N,1108,0.10374879954396692,6
id2953894,2,2016-06-14 06:00:07,2016-06-14 06:07:12,1,-73.9529800415039,40.779396057128906,-73.97669219970702,40.75532913208008,N,425,3.3464766952141933,6
id2850099,2,2016-01-29 06:44:17,2016-01-29 06:56:15,1,-73.96517181396483,40.759559631347656,-73.99425506591797,40.75006103515625,N,718,2.687527386040814,6
id3062113,1,2016-02-09 06:42:14,2016-02-09 07:02:47,1,-73.97455596923827,40.787227630615234,-73.87252044677734,40.77448272705078,N,1233,8.787638893830215,6
id2175859,1,2016-03-29 06:08:16,2016-03-29 06:11:19,1,-73.93085479736328,40.7712516784668,-73.93083953857422,40.77123260498047,N,183,0.002482852208371837,6
id0734465,1,2016-02-03 06:35:33,2016-02-03 06:38:27,1,-73.99146270751953,40.76527404785156,-73.9967041015625,40.764286041259766,N,174,0.4588180019317319,6
id2514076,1,2016-06-10 06:36:31,2016-06-10 06:41:21,1,-73.9658203125,40.75867462158203,-73.97978210449217,40.74551773071289,N,290,1.881805704126493,6
id2435484,1,2016-05-23 06:04:45,2016-05-23 06:13:11,1,-73.96689605712889,40.75321578979492,-73.98841857910156,40.769390106201165,N,506,2.5632080280914127,6
id3822614,1,2016-01-15 06:23:28,2016-01-15 06:31:50,1,-73.98258209228516,40.78236389160156,-73.97799682617188,40.76490020751953,N,502,1.9772619987299238,6
id1662257,1,2016-06-23 06:36:30,2016-06-23 06:38:53,1,-74.01054382324217,40.72004318237305,-74.01388549804686,40.7147216796875,N,143,0.6554318841871368,6
id0832936,2,2016-02-23 06:35:15,2016-02-23 06:47:25,1,-73.96235656738281,40.76800155639648,-73.99407196044923,40.750118255615234,N,730,3.347804077948759,6
id1109310,2,2016-04-21 06:22:27,2016-04-21 06:49:11,2,-73.9854965209961,40.76776885986328,-73.8636016845703,40.76911926269531,N,1604,10.362145311875713,6
id3997210,1,2016-05-31 06:10:35,2016-05-31 06:19:03,1,-73.98979949951173,40.756813049316406,-73.98005676269531,40.76076126098633,N,508,0.9369461164102987,6
id1395619,1,2016-05-18 06:06:24,2016-05-18 06:08:41,1,-73.97640991210938,40.75620269775391,-73.9739532470703,40.76297378540039,N,137,0.7800595913497265,6
id0567463,1,2016-05-16 06:40:24,2016-05-16 06:49:10,1,-73.94723510742188,40.78081512451172,-73.9388198852539,40.804981231689446,N,526,2.7761697373693925,6
id2188076,1,2016-06-18 06:17:09,2016-06-18 06:20:41,1,-73.97594451904298,40.75212097167969,-73.97620391845702,40.74177932739258,N,212,1.1481342511413664,6
id2209859,2,2016-02-29 06:29:49,2016-02-29 06:38:30,1,-73.9504165649414,40.77961349487305,-73.9797134399414,40.76030731201172,N,521,3.285370224824716,6
id1798586,1,2016-03-04 06:41:49,2016-03-04 06:45:53,1,-73.9905548095703,40.7562255859375,-73.99591827392578,40.75398254394531,N,244,0.519451290995354,6
id3310279,2,2016-02-14 06:52:12,2016-02-14 06:56:49,6,-73.955810546875,40.77901840209961,-73.95416259765625,40.766300201416016,N,277,1.4186526475715864,6
id3184568,1,2016-04-14 06:38:30,2016-04-14 06:40:57,1,-73.96601867675781,40.762657165527344,-73.95997619628906,40.769485473632805,N,147,0.915572210642361,6
id3359215,1,2016-02-12 06:44:46,2016-02-12 06:48:19,1,-73.98838043212889,40.741016387939446,-73.98401641845702,40.75505065917969,N,213,1.6013591051387013,6
id3588925,1,2016-03-02 06:42:46,2016-03-02 06:47:03,1,-73.97109985351561,40.74844741821289,-73.9773712158203,40.73907852172852,N,257,1.1686102711438568,6
id2966765,1,2016-02-04 06:38:03,2016-02-04 06:45:52,1,-73.98119354248048,40.74150848388672,-73.97618865966798,40.76421737670898,N,469,2.5563335909180083,6
id0121707,1,2016-03-15 06:51:46,2016-03-15 07:11:58,1,-73.98577117919923,40.75637435913086,-73.93373107910156,40.76298522949219,N,1212,4.483861613872107,6
id3315327,2,2016-05-22 06:54:13,2016-05-22 07:18:03,2,-73.9881591796875,40.745769500732415,-73.91620635986328,40.76911926269531,N,1430,6.64250549767227,6
id2107083,1,2016-02-14 06:44:40,2016-02-14 06:51:50,1,-73.97283172607422,40.74870300292969,-73.9929428100586,40.74129486083984,N,430,1.8969385648641417,6
id2562550,1,2016-05-12 06:37:03,2016-05-12 06:50:01,1,-73.95288848876953,40.79166030883789,-73.98377227783203,40.755126953125,N,778,4.830728006350894,6
id3286358,2,2016-04-22 06:55:07,2016-04-22 07:07:34,1,-74.00808715820312,40.738800048828125,-73.97891235351561,40.76103973388672,N,747,3.499101102747032,6
id1730705,1,2016-01-30 06:27:10,2016-01-30 06:39:21,1,-73.96955108642578,40.78488159179688,-73.97488403320312,40.7418327331543,N,731,4.799876107226971,6
id1353062,2,2016-05-19 06:58:44,2016-05-19 07:17:54,3,-73.95938110351561,40.78015899658203,-73.86177825927734,40.76837158203125,N,1150,8.39878239952552,6
id2193759,1,2016-01-19 06:32:17,2016-01-19 06:34:51,1,-73.99188232421875,40.7569580078125,-73.98433685302734,40.76324844360352,N,154,0.9480959625719751,6
id0881445,1,2016-06-15 06:50:32,2016-06-15 06:55:21,1,-73.97962951660156,40.73738861083984,-73.97232055664062,40.74754333496094,N,289,1.2870462496239963,6
id2503760,2,2016-05-11 07:45:20,2016-05-11 07:51:57,6,-73.95001220703125,40.79719543457031,-73.95426940917967,40.78899383544922,N,397,0.9796588366156114,7
id0134583,2,2016-02-05 07:54:00,2016-02-05 08:09:18,1,-73.98403930664062,40.74324798583984,-73.98296356201173,40.744964599609375,N,918,0.21134811658724853,7
id1358921,2,2016-02-12 07:14:44,2016-02-12 07:28:51,1,-73.95571899414062,40.78229904174805,-73.99331665039062,40.74319839477539,N,847,5.389826899648354,7
id1261692,1,2016-04-13 07:37:26,2016-04-13 07:59:08,1,-73.96630096435547,40.770462036132805,-73.99114227294923,40.691997528076165,N,1302,8.961859290244151,7
id1700914,1,2016-06-06 07:41:04,2016-06-06 07:54:03,1,-73.97013092041014,40.7529296875,-73.9914321899414,40.75007629394531,N,779,1.838101410979182,7
id0496624,1,2016-05-16 07:05:01,2016-05-16 07:05:17,2,-73.94535064697266,40.75143051147461,-73.94535064697266,40.75143051147461,N,16,0.0,7
id2567415,1,2016-03-24 07:58:52,2016-03-24 08:10:12,1,-73.9681625366211,40.75961685180664,-73.98258209228516,40.76701736450195,N,680,1.4754793659114818,7
id0619219,2,2016-01-27 07:49:52,2016-01-27 08:00:28,1,-73.96231842041014,40.77312088012695,-73.9551239013672,40.78306579589844,N,636,1.2619578075158788,7
id2873124,2,2016-03-29 07:32:46,2016-03-29 07:44:21,3,-73.98213958740233,40.762889862060554,-73.97508239746092,40.752479553222656,N,695,1.3019661972076366,7
id1370732,2,2016-04-30 07:30:04,2016-04-30 07:37:07,1,-73.98821258544923,40.75902938842773,-74.00668334960938,40.74833297729492,N,423,1.9684085269068823,7
id1414648,1,2016-04-29 07:43:44,2016-04-29 08:03:28,1,-73.99037170410156,40.73133087158203,-73.9832763671875,40.76420211791992,N,1184,3.6982166748002463,7
id2303055,1,2016-04-04 07:47:19,2016-04-04 07:52:50,1,-74.00841522216798,40.72594833374024,-73.99164581298828,40.72970581054688,N,331,1.4851667239381066,7
id0860690,1,2016-05-24 07:08:39,2016-05-24 07:14:37,1,-73.93693542480467,40.81406021118164,-73.95331573486328,40.80256271362305,N,358,1.8887339295359367,7
id2358020,1,2016-01-20 07:44:05,2016-01-20 07:52:26,2,-73.96487426757811,40.76390838623047,-73.95266723632812,40.76861190795898,N,501,1.16154544315082,7
id3047920,1,2016-02-09 07:20:59,2016-02-09 07:26:38,1,-73.9909896850586,40.74987030029297,-73.98270416259764,40.744335174560554,N,339,0.9346023101876689,7
id1695934,1,2016-02-21 07:12:15,2016-02-21 07:16:37,3,-73.97221374511719,40.75376892089844,-73.96002197265625,40.773738861083984,N,262,2.44694003000149,7
id3110863,2,2016-04-09 07:39:13,2016-04-09 07:47:08,1,-73.95162963867188,40.77433013916016,-73.95333862304686,40.78852081298828,N,475,1.5818488124738863,7
id2008156,1,2016-01-11 07:59:12,2016-01-11 08:04:25,1,-73.97051239013672,40.78863525390625,-73.98780822753906,40.77508544921875,N,313,2.103195420429614,7
id2502829,1,2016-06-29 07:21:45,2016-06-29 07:28:27,1,-73.9705352783203,40.76497650146485,-73.95539093017578,40.77702331542969,N,402,1.8561134345538441,7
id1223544,2,2016-02-26 07:35:47,2016-02-26 07:59:59,1,-73.98991394042967,40.73545837402344,-73.95281982421875,40.768096923828125,N,1452,4.802776351659542,7
id3170549,1,2016-03-03 07:49:37,2016-03-03 07:57:14,1,-73.96283721923827,40.774227142333984,-73.9563980102539,40.78430938720703,N,457,1.2458022626996774,7
id2479111,1,2016-04-21 07:01:07,2016-04-21 07:10:19,1,-73.9549789428711,40.78027725219727,-73.97927856445312,40.77666473388672,N,552,2.104031839206068,7
id3339568,1,2016-03-11 07:36:08,2016-03-11 07:54:06,1,-73.97174072265625,40.74615478515625,-74.00248718261719,40.738914489746094,N,1078,2.7342286179414264,7
id3721306,1,2016-06-23 07:39:24,2016-06-23 07:46:28,1,-73.97756958007811,40.75457382202149,-73.99115753173827,40.74996566772461,N,424,1.2631733071724789,7
id0447178,2,2016-04-01 07:38:44,2016-04-01 07:57:34,4,-74.00644683837889,40.73196029663086,-73.96910858154298,40.75831985473633,N,1130,4.316671816425607,7
id2263632,2,2016-06-20 07:44:12,2016-06-20 07:58:59,3,-73.96328735351561,40.766300201416016,-73.98632049560547,40.740753173828125,N,887,3.4459187426535594,7
id1359755,2,2016-01-07 07:01:06,2016-01-07 07:11:14,2,-73.99408721923827,40.73443984985352,-73.97453308105469,40.75735855102539,N,608,3.038814775000017,7
id0351060,1,2016-03-01 07:33:08,2016-03-01 08:53:51,1,-73.78244018554686,40.6446533203125,-73.94496154785155,40.69967651367188,N,4843,15.104230755936312,7
id0551840,1,2016-03-18 07:46:03,2016-03-18 07:52:16,1,-73.98577117919923,40.76336669921875,-73.9744873046875,40.760841369628906,N,373,0.9992515512945422,7
id3995217,2,2016-02-14 07:16:01,2016-02-14 07:17:46,1,-73.94505310058594,40.77514266967773,-73.9503402709961,40.77738571166992,N,105,0.5137691707650802,7
id1880961,2,2016-01-14 07:26:43,2016-01-14 07:36:22,3,-73.99108123779298,40.7338981628418,-73.9754180908203,40.75503158569336,N,579,2.697288204633002,7
id0160710,2,2016-04-28 07:31:50,2016-04-28 07:41:34,1,-73.99147033691406,40.7500114440918,-73.97707366943358,40.73878860473633,N,584,1.7462355967933267,7
id1943784,2,2016-05-04 07:10:27,2016-05-04 07:19:51,5,-73.9939956665039,40.751461029052734,-73.97540283203125,40.751567840576165,N,564,1.580435401651556,7
id1043711,2,2016-04-04 07:33:34,2016-04-04 07:41:33,1,-73.99007415771484,40.71944808959961,-73.99974822998048,40.72962951660156,N,479,1.397635053568921,7
id0643560,1,2016-06-03 07:51:49,2016-06-03 08:04:06,1,-73.97516632080078,40.75279998779297,-73.97014617919923,40.76365661621094,N,737,1.278403237333282,7
id3722683,1,2016-02-29 07:19:34,2016-02-29 07:25:44,1,-73.96504211425781,40.75942611694336,-73.97941589355469,40.73985290527344,N,370,2.4925952041616966,7
id3471474,1,2016-05-11 07:56:29,2016-05-11 08:00:05,1,-73.98529052734375,40.73589706420898,-73.97948455810547,40.73981857299805,N,216,0.6580461425331906,7
id3976705,1,2016-06-01 07:02:14,2016-06-01 07:19:23,1,-73.96038055419923,40.78167724609375,-73.97288513183594,40.764472961425774,N,1029,2.1855420671264985,7
id1913811,2,2016-01-08 07:58:55,2016-01-08 08:08:34,1,-73.95308685302734,40.76840972900391,-73.96871948242188,40.75754165649414,N,579,1.7946960540343389,7
id3564306,2,2016-06-24 07:06:20,2016-06-24 07:12:41,3,-73.95964050292967,40.76287078857422,-73.94394683837889,40.78863143920898,N,381,3.155282217441718,7
id3718356,2,2016-03-28 07:52:34,2016-03-28 07:56:02,1,-73.95516967773438,40.78024291992188,-73.96067810058595,40.77251815795898,N,208,0.9769566174683345,7
id0450641,2,2016-04-11 07:58:11,2016-04-11 08:13:13,2,-73.98262786865233,40.77717971801758,-73.96029663085938,40.77873992919922,N,902,1.9060392741647143,7
id1428399,1,2016-02-22 07:12:35,2016-02-22 07:18:32,2,-73.95352935791014,40.775440216064446,-73.957763671875,40.78227996826172,N,357,0.8402045182454555,7
id1411351,2,2016-04-05 07:55:04,2016-04-05 08:04:52,1,-74.00546264648438,40.7390022277832,-73.98746490478516,40.75310134887695,N,588,2.188502980217587,7
id3647183,1,2016-03-28 07:43:46,2016-03-28 07:58:22,1,-73.98585510253906,40.731155395507805,-74.00789642333984,40.70501327514648,N,876,3.454033650548571,7
id3771324,2,2016-03-18 07:21:17,2016-03-18 07:24:33,1,-73.99139404296875,40.74998474121094,-73.99097442626953,40.7420768737793,N,196,0.8784976405855892,7
id2150881,1,2016-03-17 07:57:50,2016-03-17 08:05:07,1,-73.96430969238281,40.76089096069336,-73.97631072998048,40.74427032470703,N,437,2.1081274232892713,7
id1728931,1,2016-03-12 07:11:46,2016-03-12 07:16:37,3,-73.99888610839844,40.76436614990234,-73.9873046875,40.75950241088867,N,291,1.1227418730584873,7
id1623677,1,2016-04-16 07:24:55,2016-04-16 07:33:28,1,-73.96605682373048,40.764812469482415,-73.97647857666014,40.73953628540039,N,513,2.9421822631659347,7
id1906992,2,2016-04-18 07:28:42,2016-04-18 07:39:09,5,-73.99099731445312,40.75571060180664,-73.96823120117188,40.76233673095703,N,627,2.0701808428210584,7
id3495512,2,2016-05-17 07:35:12,2016-05-17 07:51:09,1,-73.99136352539062,40.77066040039063,-73.9797134399414,40.7398681640625,N,957,3.5584984484954356,7
id1736764,1,2016-05-02 07:57:20,2016-05-02 08:02:52,1,-74.0060806274414,40.717597961425774,-73.99591827392578,40.72176361083984,N,332,0.9797715757737333,7
id1388780,1,2016-05-22 07:31:42,2016-05-22 07:43:29,1,-73.9445571899414,40.77951049804688,-73.96527862548828,40.80108642578125,N,707,2.9728665098922566,7
id3838382,2,2016-04-29 07:16:22,2016-04-29 07:26:45,1,-73.97537231445312,40.74449920654297,-73.99115753173827,40.69255065917969,N,623,5.920334582613049,7
id1550293,1,2016-06-03 07:49:24,2016-06-03 07:51:14,1,-73.96649932861328,40.75815582275391,-73.97136688232422,40.756980895996094,N,110,0.4338099315568892,7
id0042160,2,2016-02-16 07:14:58,2016-02-16 07:21:50,1,-73.98986053466798,40.76235580444336,-73.97949981689453,40.752567291259766,N,412,1.3986065607915303,7
id3730520,1,2016-05-02 07:26:43,2016-05-02 08:01:18,1,-73.97705841064453,40.75430679321289,-73.78836822509764,40.644474029541016,Y,2075,20.146213792851476,7
id0700537,2,2016-02-12 07:11:32,2016-02-12 07:28:47,1,-73.947998046875,40.782878875732415,-73.99286651611328,40.74959945678711,N,1035,5.309517177016867,7
id0033050,2,2016-01-22 07:19:04,2016-01-22 07:31:22,2,-73.98589324951173,40.7727928161621,-73.96155548095702,40.780288696289055,N,738,2.229766234934085,7
id3267579,2,2016-03-07 07:57:27,2016-03-07 08:06:17,2,-73.98905181884764,40.748401641845696,-73.97707366943358,40.75522232055664,N,530,1.2687820565957,7
id0088045,2,2016-06-20 07:51:00,2016-06-20 07:55:57,1,-73.94148254394531,40.80765914916992,-73.9487075805664,40.79764175415039,N,297,1.2702533400099092,7
id0297962,2,2016-02-09 07:53:19,2016-02-09 08:01:08,5,-73.97871398925781,40.74476623535156,-73.9783935546875,40.75993347167969,N,469,1.683783539645274,7
id1454087,1,2016-06-04 07:22:40,2016-06-04 07:30:46,3,-73.97418975830078,40.73700714111328,-73.99061584472656,40.751079559326165,N,486,2.0950863725522955,7
id0860976,2,2016-02-07 07:48:20,2016-02-07 07:55:38,1,-73.95565032958984,40.77640151977539,-73.97422790527344,40.78889846801758,N,438,2.101845378856056,7
id2484363,2,2016-05-02 07:55:39,2016-05-02 07:59:36,1,-73.95523834228516,40.78295135498047,-73.95968627929686,40.77956008911133,N,237,0.5335169799670806,7
id0529339,1,2016-03-10 07:31:26,2016-03-10 08:01:56,1,-73.9643325805664,40.792327880859375,-74.01274871826173,40.70192337036133,N,1830,10.845990762721081,7
id2698308,2,2016-01-05 07:59:59,2016-01-05 08:12:40,1,-73.98091888427734,40.73392868041992,-73.98885345458984,40.74874877929688,N,761,1.777918493211802,7
id1583936,2,2016-03-23 07:47:39,2016-03-23 08:09:26,1,-73.95081329345702,40.77244567871094,-73.97689819335938,40.76246643066406,N,1307,2.47851580199493,7
id3349520,2,2016-04-29 07:23:17,2016-04-29 07:35:42,1,-73.97191619873048,40.78189849853516,-73.9779281616211,40.753616333007805,N,745,3.1806399708696915,7
id0868232,1,2016-06-01 07:25:02,2016-06-01 07:39:03,1,-73.95767974853516,40.76861953735352,-73.9713592529297,40.758544921875,N,841,1.6132455533742387,7
id3877130,1,2016-03-24 07:12:24,2016-03-24 07:23:13,1,-73.97679138183594,40.77494430541992,-73.9400634765625,40.805522918701165,N,649,4.611600058994984,7
id1242745,2,2016-02-12 07:56:26,2016-02-12 08:16:25,1,-73.97209930419923,40.74884033203125,-73.96219635009764,40.76782989501953,N,1199,2.2697005675159887,7
id2260976,2,2016-06-03 07:20:35,2016-06-04 07:15:28,1,-73.9770278930664,40.75896835327149,-74.17755126953125,40.69050979614258,N,86093,18.6616670175731,7
id0694402,2,2016-06-01 07:58:53,2016-06-01 08:05:53,1,-73.99315643310547,40.76798629760742,-74.00494384765625,40.7481689453125,N,420,2.4171593111140686,7
id1379739,2,2016-01-22 07:39:12,2016-01-22 08:53:23,1,-73.78080749511719,40.6451301574707,-73.98233795166014,40.75579833984375,N,4451,21.07939116623113,7
id3646897,2,2016-01-12 07:32:42,2016-01-12 08:38:37,3,-73.77680206298828,40.64543151855469,-73.97261810302734,40.75611877441406,N,3955,20.687862191189314,7
id1797595,1,2016-02-24 07:54:37,2016-02-24 08:00:16,1,-73.97666168212889,40.75062942504882,-73.9891128540039,40.741596221923835,N,339,1.457903358105614,7
id3121939,2,2016-04-24 07:19:15,2016-04-24 07:29:17,2,-74.00235748291014,40.719890594482415,-73.98388671875,40.71762847900391,N,602,1.5899671576007635,7
id3395972,2,2016-02-03 07:46:20,2016-02-03 08:06:14,1,-74.0042266845703,40.74747848510742,-73.96205139160156,40.76457977294922,N,1194,4.056455794004003,7
id1411246,2,2016-03-30 07:16:19,2016-03-30 07:38:31,2,-73.96375274658203,40.75774383544922,-73.87220764160156,40.77447509765625,N,1332,7.999889900826924,7
id2809937,2,2016-01-28 07:03:09,2016-01-28 07:07:51,1,-73.9892349243164,40.74114608764648,-73.99310302734375,40.73365783691406,N,282,0.8938615982969862,7
id2562568,2,2016-01-08 07:58:39,2016-01-08 08:01:51,1,-73.95185852050781,40.790435791015625,-73.94084167480467,40.805561065673835,N,192,1.9224017034149297,7
id2069138,2,2016-02-18 07:04:07,2016-02-18 07:17:34,1,-73.94772338867188,40.77518844604492,-73.98097229003906,40.76430130004882,N,807,3.0736897546640436,7
id3937820,2,2016-02-02 07:45:51,2016-02-02 07:50:50,1,-74.00092315673827,40.7275505065918,-74.00650024414062,40.73725128173828,N,299,1.176517693994741,7
id3140907,2,2016-04-26 07:16:43,2016-04-26 07:20:21,5,-73.98365020751953,40.73816680908203,-73.98046875,40.750919342041016,N,218,1.4411306465284688,7
id3370761,1,2016-05-20 07:46:34,2016-05-20 07:52:43,1,-73.9804458618164,40.770286560058594,-73.98480224609375,40.759090423583984,N,369,1.2967639664535617,7
id1223123,2,2016-05-06 07:52:31,2016-05-06 07:56:42,1,-73.87837219238281,40.76797103881836,-73.89383697509764,40.77046585083008,N,251,1.3433593692740684,7
id0694072,1,2016-04-15 07:31:52,2016-04-15 07:33:46,1,-73.9514389038086,40.76988983154297,-73.94768524169923,40.77506256103516,N,114,0.6568673409426288,7
id1933329,1,2016-01-22 07:35:18,2016-01-22 07:43:06,1,-73.97616577148438,40.75968933105469,-73.94606018066406,40.77729034423828,N,468,3.2195258291768187,7
id3872946,2,2016-01-30 07:14:09,2016-01-30 07:19:06,2,-73.95105743408203,40.78575134277344,-73.96971893310547,40.76295852661133,N,297,2.9861397395357754,7
id1315701,1,2016-04-01 07:54:57,2016-04-01 08:08:19,1,-73.99181365966798,40.75046920776367,-73.97776794433594,40.759742736816406,N,802,1.5763720600584419,7
id3138882,2,2016-02-12 07:00:06,2016-02-12 07:14:50,1,-73.99781799316406,40.69118118286133,-73.98937225341797,40.739707946777344,N,884,5.434098879105498,7
id2978461,2,2016-06-08 07:17:03,2016-06-08 07:21:43,2,-73.99263000488281,40.7436752319336,-73.98370361328125,40.74985504150391,N,280,1.022854307820014,7
id2451486,2,2016-04-24 07:43:39,2016-04-24 07:53:53,2,-73.98638153076173,40.7181510925293,-73.97746276855469,40.751800537109375,N,614,3.811245554573122,7
id1016211,1,2016-06-25 07:33:28,2016-06-25 07:37:54,1,-73.98115539550781,40.758838653564446,-73.99192047119139,40.764610290527344,N,266,1.1170125907857946,7
id0694886,2,2016-06-02 07:32:24,2016-06-02 07:41:16,1,-73.96196746826173,40.76795959472656,-73.98213195800781,40.7769889831543,N,532,1.9855131252836484,7
id0022414,1,2016-01-26 07:57:10,2016-01-26 08:11:06,1,-73.98238372802734,40.74861526489258,-73.98334503173827,40.76192474365234,N,836,1.4796100870886457,7
id2092983,1,2016-05-25 07:54:08,2016-05-25 07:55:46,1,-73.99240112304686,40.7430419921875,-73.98925018310547,40.74543762207031,N,98,0.3774170051077297,7
id2594029,2,2016-06-28 07:02:23,2016-06-28 07:06:39,6,-73.72189331054686,40.734729766845696,-73.72189331054686,40.734729766845696,N,256,0.0,7
id3909436,2,2016-01-08 07:19:57,2016-01-08 07:31:35,6,-73.95565032958984,40.77669525146485,-73.95699310302734,40.776668548583984,N,698,0.11417422238809008,7
id2043954,1,2016-02-12 07:39:09,2016-02-12 07:42:21,3,-73.97449493408203,40.79339218139648,-73.96916961669923,40.786933898925774,N,192,0.8478180723651402,7
id2324550,1,2016-04-17 07:26:45,2016-04-17 07:31:34,1,-73.96904754638672,40.757415771484375,-73.96707916259764,40.77243041992188,N,289,1.6750031818656295,7
id2651207,2,2016-06-29 07:26:32,2016-06-29 07:46:23,1,-73.9672622680664,40.793418884277344,-73.98258209228516,40.75917053222656,N,1191,4.0184074174473885,7
id3774783,2,2016-01-27 07:18:53,2016-01-27 07:21:21,1,-73.9521484375,40.77220916748047,-73.95440673828125,40.76595306396485,N,148,0.7204696236944774,7
id0558006,2,2016-04-21 07:00:52,2016-04-21 07:05:34,5,-73.98066711425781,40.782611846923835,-73.97319030761719,40.792598724365234,N,282,1.2777969388915649,7
id2868939,1,2016-06-07 07:10:29,2016-06-07 07:13:23,1,-73.98652648925781,40.75153350830078,-73.98017120361328,40.76082611083984,N,174,1.1643727691561196,7
id3175187,2,2016-05-05 07:20:57,2016-05-05 07:39:54,5,-73.9632110595703,40.766300201416016,-73.96273040771484,40.7665901184082,N,1137,0.052007377703295436,7
id2619803,2,2016-05-09 07:31:25,2016-05-09 07:36:19,1,-73.9908905029297,40.756023406982415,-73.98397827148438,40.75603866577149,N,294,0.5875421141350688,7
id3785288,2,2016-01-11 07:28:37,2016-01-11 07:36:57,2,-73.94817352294923,40.78287124633789,-73.96189880371094,40.764175415039055,N,500,2.38068883261085,7
id3769459,2,2016-03-11 07:56:39,2016-03-11 08:15:13,5,-73.9791717529297,40.776947021484375,-73.97987365722656,40.74624633789063,N,1114,3.4082981059486257,7
id2008862,2,2016-06-29 07:49:15,2016-06-29 07:54:10,5,-73.98155212402342,40.767871856689446,-73.976318359375,40.75954055786133,N,295,1.0262146841220534,7
id3295320,1,2016-02-04 07:13:54,2016-02-04 07:24:08,1,-73.97743225097656,40.7524528503418,-73.98693084716798,40.761585235595696,N,614,1.2959323397923364,7
id3689073,1,2016-04-26 07:17:58,2016-04-26 07:29:41,1,-74.00103759765625,40.731830596923835,-73.9925079345703,40.750682830810554,N,703,2.214638165471559,7
id0464437,2,2016-02-24 07:26:28,2016-02-24 07:41:10,1,-73.99171447753906,40.74980926513672,-73.97445678710938,40.756778717041016,N,882,1.6583960805858184,7
id3089980,2,2016-04-13 07:08:04,2016-04-13 07:19:32,1,-73.98702239990233,40.7393913269043,-74.01151275634764,40.7079963684082,N,688,4.059249367507569,7
id3018507,1,2016-06-07 07:06:00,2016-06-07 07:10:59,1,-73.96073150634764,40.769805908203125,-73.97445678710938,40.76256942749024,N,299,1.4164318220652334,7
id1303006,1,2016-01-29 07:55:53,2016-01-29 08:05:55,1,-73.90758514404298,40.745281219482415,-73.92804718017578,40.74030303955078,N,602,1.82494198047535,7
id0043469,1,2016-03-15 07:08:45,2016-03-15 07:17:02,1,-73.99912261962889,40.73929977416992,-74.00382232666014,40.75665664672852,N,497,1.9675917876591136,7
id1903315,1,2016-02-24 07:58:56,2016-02-24 08:14:09,1,-73.97812652587889,40.77349472045898,-73.97505950927734,40.75662612915039,N,913,1.890474924525235,7
id2386070,1,2016-05-17 07:42:03,2016-05-17 08:04:29,1,-73.95263671875,40.78652572631836,-73.98639678955078,40.75433349609375,N,1346,4.582944466214681,7
id1770194,2,2016-03-06 07:41:28,2016-03-06 07:48:56,2,-73.96617126464845,40.75825119018555,-73.98290252685547,40.73072052001953,N,448,3.370620563319991,7
id1589779,1,2016-05-23 07:43:29,2016-05-23 07:49:40,1,-73.99253845214845,40.753665924072266,-73.98398590087889,40.74357223510742,N,371,1.3355806962899626,7
id2663807,2,2016-01-13 07:54:54,2016-01-13 08:05:40,1,-73.98345947265625,40.73434448242188,-73.99433135986328,40.75011444091797,N,646,1.9794214172307465,7
id2524644,2,2016-02-16 07:40:06,2016-02-16 07:46:04,1,-73.9812774658203,40.733264923095696,-73.99554443359375,40.73777770996094,N,358,1.312075724376654,7
id0230844,2,2016-01-12 07:53:40,2016-01-12 08:00:24,1,-73.99075317382812,40.75075912475586,-73.98388671875,40.73942565917969,N,404,1.3868117089379106,7
id1869904,1,2016-04-10 07:50:05,2016-04-10 07:53:33,2,-73.95472717285155,40.765430450439446,-73.95271301269531,40.77588653564453,N,208,1.17318461054137,7
id0287125,1,2016-01-18 07:29:43,2016-01-18 07:53:21,1,-73.9531707763672,40.82273864746094,-73.99141693115233,40.71966552734375,N,1418,11.894017164794223,7
id2645734,2,2016-03-09 07:55:14,2016-03-09 08:00:09,4,-73.9806900024414,40.7451286315918,-73.97830200195312,40.75133895874024,N,295,0.7186092381494563,7
id2310404,1,2016-05-17 07:09:50,2016-05-17 07:27:21,2,-73.98836517333984,40.75914001464844,-73.9647445678711,40.80669784545898,N,1051,5.6478362295263125,7
id0179575,1,2016-04-07 07:58:18,2016-04-07 08:03:22,2,-73.97291564941406,40.754837036132805,-73.97456359863281,40.75982284545898,N,304,0.5708767339417715,7
id2801337,2,2016-06-01 07:10:20,2016-06-01 07:15:32,1,-73.98516845703125,40.76887893676758,-73.97669982910156,40.75954818725586,N,312,1.2612937446581718,7
id3547338,1,2016-04-12 07:21:27,2016-04-12 07:57:57,1,-73.86615753173827,40.771217346191406,-73.98259735107422,40.751068115234375,N,2190,10.146942601322468,7
id1876191,2,2016-02-10 07:13:00,2016-02-10 07:19:15,1,-73.96417999267578,40.79241943359375,-73.95517730712889,40.77766036987305,N,375,1.8081640600885183,7
id0604563,2,2016-05-26 07:19:46,2016-05-26 07:29:25,5,-73.99441528320312,40.7501220703125,-73.97627258300781,40.764930725097656,N,579,2.2539105179390297,7
id3950526,2,2016-01-20 07:15:10,2016-01-20 07:22:53,1,-73.96138763427734,40.77450180053711,-73.9690933227539,40.75904846191406,N,463,1.8361176783816364,7
id3267818,2,2016-04-14 07:46:13,2016-04-14 08:23:13,1,-73.96987915039062,40.75201034545898,-73.95291900634764,40.74127960205078,N,2220,1.8700253721075661,7
id3757734,2,2016-06-22 07:46:39,2016-06-22 07:52:24,2,-73.99124908447266,40.749420166015625,-73.98760986328125,40.741458892822266,N,345,0.9362774329574141,7
id2569226,1,2016-04-20 07:37:43,2016-04-20 07:43:36,1,-73.97252655029298,40.78582763671875,-73.98370361328125,40.77463150024414,N,353,1.5643132049356794,7
id3458739,1,2016-05-04 07:43:48,2016-05-04 08:21:35,1,-73.99649047851561,40.75314331054688,-73.86046600341797,40.76814651489258,N,2267,11.681400273027647,7
id0091216,2,2016-05-21 07:19:12,2016-05-21 07:26:26,2,-73.9549102783203,40.76538848876953,-73.98320007324217,40.73876190185546,N,434,3.8101890207805873,7
id3233822,1,2016-04-18 07:38:14,2016-04-18 07:50:01,1,-73.99993896484375,40.74327087402344,-73.97769165039062,40.7639274597168,N,707,2.972081175327853,7
id2611368,2,2016-06-25 07:46:17,2016-06-25 07:55:05,1,-73.99343872070312,40.72167205810546,-73.98577117919923,40.738296508789055,N,528,1.9570258612147655,7
id0198021,2,2016-01-26 07:05:09,2016-01-26 07:40:01,1,-73.98367309570312,40.75952911376953,-73.78624725341797,40.64447021484375,N,2092,21.08840288926353,7
id1129797,2,2016-06-28 07:06:20,2016-06-28 07:15:16,1,-73.99067687988281,40.756450653076165,-73.97560119628906,40.75503921508789,N,536,1.2909748923149968,7
id3437942,1,2016-03-03 07:59:36,2016-03-03 08:01:34,1,-73.99124145507811,40.7503776550293,-73.99699401855469,40.742046356201165,N,118,1.046086453499266,7
id3819535,2,2016-06-28 07:37:47,2016-06-28 07:41:35,5,-73.98744201660156,40.755195617675774,-73.98181915283203,40.75879669189453,N,228,0.6230612992042858,7
id1032218,2,2016-01-19 07:11:52,2016-01-19 07:21:24,1,-74.002197265625,40.73997116088867,-73.9865493774414,40.766799926757805,N,572,3.2615226351609294,7
id3514473,2,2016-03-21 07:47:18,2016-03-21 08:00:57,4,-74.00521850585938,40.737098693847656,-73.97373962402342,40.7554817199707,N,819,3.364981745659255,7
id2998994,1,2016-05-07 07:51:50,2016-05-07 07:59:25,1,-73.98999786376953,40.73506927490234,-73.99498748779298,40.72243881225586,N,455,1.4647279030018392,7
id2141051,2,2016-05-25 07:45:44,2016-05-25 08:07:05,1,-73.98377990722656,40.75005722045898,-74.00774383544923,40.7039794921875,N,1281,5.505317214403993,7
id0278311,2,2016-06-08 07:12:11,2016-06-08 07:20:19,1,-73.95371246337889,40.78215026855469,-73.97105407714845,40.75884628295898,N,488,2.9772507166058095,7
id1463609,1,2016-03-17 07:53:49,2016-03-17 07:56:56,1,-73.96060943603516,40.7758903503418,-73.96041870117188,40.76960754394531,N,187,0.6975799324826607,7
id2030497,2,2016-04-23 07:32:28,2016-04-23 07:44:44,1,-73.99984741210938,40.71833038330078,-74.0081329345703,40.7452507019043,N,736,3.070027342878973,7
id0742623,2,2016-02-12 07:16:58,2016-02-12 07:27:44,1,-74.0080337524414,40.738868713378906,-73.9906234741211,40.72998046875,N,646,1.7785938375221377,7
id1399116,1,2016-06-02 07:28:39,2016-06-02 07:37:12,1,-73.97989654541014,40.776123046875,-73.98042297363281,40.761627197265625,N,513,1.609661371385757,7
id3202589,1,2016-02-27 07:49:50,2016-02-27 07:57:33,1,-73.98089599609375,40.74187088012695,-73.99107360839844,40.75567626953125,N,463,1.7597264603805456,7
id1358041,1,2016-04-01 07:44:27,2016-04-01 07:52:03,1,-73.9796371459961,40.777713775634766,-73.97914123535155,40.76355743408203,N,456,1.5719191910203187,7
id0737652,1,2016-02-03 07:57:48,2016-02-03 08:06:17,1,-73.96404266357422,40.77449798583984,-73.95682525634764,40.78351974487305,N,509,1.1743890945611823,7
id2357493,2,2016-02-09 07:17:47,2016-02-09 07:20:51,3,-73.97537994384764,40.751998901367195,-73.98533630371094,40.74149703979492,N,184,1.4405136992580125,7
id1824557,1,2016-04-22 07:59:57,2016-04-22 08:25:30,2,-73.96697235107422,40.75741958618164,-73.98612213134764,40.74968338012695,N,1533,1.8403552270987087,7
id3910805,1,2016-03-26 07:09:33,2016-03-26 07:11:33,1,-73.95379638671875,40.78192138671875,-73.95413970947266,40.775482177734375,N,120,0.7153476902562774,7
id1228084,1,2016-05-30 07:20:07,2016-05-30 07:25:58,1,-73.97676086425781,40.76502227783203,-73.99227142333984,40.77056121826172,N,351,1.454709109875581,7
id1280730,2,2016-02-09 07:02:48,2016-02-09 07:10:11,1,-73.99059295654298,40.750858306884766,-73.97464752197266,40.74430847167969,N,443,1.5380445664440223,7
id0425938,2,2016-06-15 07:28:24,2016-06-15 07:45:48,1,-73.98233032226561,40.73131942749024,-74.00611877441406,40.744930267333984,N,1044,2.524100814039463,7
id1699315,1,2016-04-01 07:09:23,2016-04-01 07:16:13,1,-73.9641342163086,40.76803588867188,-73.97106170654298,40.7600212097168,N,410,1.0668500499896314,7
id1961039,2,2016-05-24 07:39:08,2016-05-24 07:54:17,1,-73.98391723632812,40.7294807434082,-73.96955108642578,40.763378143310554,N,909,3.955803991117188,7
id2636991,1,2016-04-07 07:42:20,2016-04-07 07:51:20,1,-73.9625701904297,40.77435302734375,-73.97225952148438,40.75642776489258,N,540,2.153422437166131,7
id1267581,2,2016-04-22 07:24:43,2016-04-22 07:40:43,3,-73.94902801513672,40.773250579833984,-73.97373962402342,40.7506103515625,N,960,3.2752926591708893,7
id0114352,1,2016-03-31 07:21:21,2016-03-31 07:27:24,1,-73.9582748413086,40.7789421081543,-73.9700469970703,40.76275634765625,N,363,2.05647956563028,7
id2119386,2,2016-03-15 07:31:14,2016-03-15 07:47:30,2,-73.95042419433594,40.771160125732415,-73.98138427734375,40.752685546875,N,976,3.3362609300619317,7
id2635530,2,2016-03-11 07:15:50,2016-03-11 07:18:07,1,-74.01062774658203,40.72008514404297,-74.01365661621092,40.71501541137695,N,137,0.6188369692847305,7
id0960929,2,2016-05-11 07:18:19,2016-05-11 07:29:34,2,-73.87609100341797,40.73598098754882,-73.90509796142578,40.764949798583984,N,675,4.052015041008856,7
id1872770,1,2016-05-02 07:01:19,2016-05-02 07:10:05,1,-73.98186492919923,40.770610809326165,-73.9874496459961,40.754589080810554,N,526,1.8406764335948695,7
id2917670,2,2016-04-27 07:30:25,2016-04-27 07:42:40,2,-73.9580078125,40.769264221191406,-73.97803497314453,40.758079528808594,N,735,2.10693595722824,7
id1729725,1,2016-01-04 07:35:34,2016-01-04 07:50:28,1,-73.94802856445312,40.77902603149414,-74.0113525390625,40.703628540039055,N,894,9.950573308226977,7
id2671182,1,2016-04-19 07:12:21,2016-04-19 07:24:52,1,-73.94957733154298,40.78089904785156,-73.97568511962889,40.763938903808594,N,751,2.91011550962826,7
id0445739,1,2016-03-31 07:10:54,2016-03-31 07:22:25,1,-73.98139953613281,40.72088623046875,-73.99795532226561,40.740528106689446,N,691,2.594958963256043,7
id3977028,1,2016-05-02 07:27:46,2016-05-02 07:33:39,1,-73.97832489013672,40.75202941894531,-73.97515869140625,40.73712158203125,N,353,1.6765120630609314,7
id2391217,1,2016-02-09 07:49:50,2016-02-09 08:00:03,1,-73.98982238769531,40.734188079833984,-74.00717163085938,40.746700286865234,N,613,2.025738378706771,7
id3033075,1,2016-02-24 07:29:44,2016-02-24 07:49:40,1,-74.00693511962889,40.71526336669922,-73.97230529785155,40.7639045715332,N,1196,6.149428791130136,7
id2401451,2,2016-03-01 07:35:42,2016-03-01 07:44:33,1,-73.992919921875,40.724468231201165,-74.01349639892578,40.71670913696289,N,531,1.9495565597645563,7
id0238811,1,2016-06-01 07:05:42,2016-06-01 07:24:18,1,-73.97746276855469,40.77938079833984,-73.9871597290039,40.73894119262695,N,1116,4.56384332658954,7
id0528715,1,2016-05-02 07:29:51,2016-05-02 07:36:27,1,-73.94972991943358,40.780467987060554,-73.96277618408203,40.774993896484375,N,396,1.2644913086594436,7
id3584128,2,2016-03-10 07:30:57,2016-03-10 07:41:06,1,-73.95974731445312,40.76927185058594,-73.9760513305664,40.765716552734375,N,609,1.4409356340162802,7
id3427709,2,2016-02-09 07:36:31,2016-02-09 07:58:27,5,-74.00576782226561,40.736698150634766,-73.97479248046875,40.75189971923828,N,1316,3.1272056463938878,7
id3063711,2,2016-02-19 07:36:29,2016-02-19 07:41:23,5,-73.96273803710938,40.7665901184082,-73.97354888916014,40.76118850708008,N,294,1.0972297973426726,7
id3886473,2,2016-05-17 07:38:27,2016-05-17 07:43:14,1,-73.96466064453125,40.764019012451165,-73.95467376708984,40.777950286865234,N,287,1.7640492415529447,7
id0816605,1,2016-06-09 07:46:05,2016-06-09 07:57:33,2,-73.9873504638672,40.74311447143555,-73.97039031982422,40.76519393920898,N,688,2.843372831152282,7
id0699389,1,2016-04-19 07:30:39,2016-04-19 07:53:38,1,-73.99034118652342,40.77174758911133,-74.01459503173827,40.71392822265625,N,1379,6.740932957012323,7
id3989074,1,2016-04-25 07:42:51,2016-04-25 07:50:32,1,-73.98201751708984,40.74324035644531,-73.99696350097656,40.72509765625,N,461,2.3810687753058035,7
id2157642,1,2016-02-03 07:17:47,2016-02-03 07:55:38,1,-73.96609497070312,40.6897087097168,-73.98587799072266,40.75611877441406,N,2271,7.56087947903693,7
id2041785,2,2016-03-30 07:56:03,2016-03-30 08:12:43,1,-74.01178741455078,40.702930450439446,-73.97895812988281,40.74861907958984,N,1000,5.788463671703677,7
id1707964,2,2016-05-12 07:45:27,2016-05-12 07:51:31,1,-73.99540710449217,40.724922180175774,-73.9759063720703,40.71895599365234,N,364,1.784960315845426,7
id3376166,1,2016-03-28 07:16:01,2016-03-28 07:28:25,1,-74.00243377685547,40.745132446289055,-73.97782897949219,40.76373672485352,N,744,2.9391360827509536,7
id0778421,2,2016-03-16 07:35:38,2016-03-16 07:41:04,1,-73.96126556396483,40.76074981689453,-73.973876953125,40.75956344604492,N,326,1.0800264213488315,7
id0381171,1,2016-02-10 07:31:24,2016-02-10 07:43:09,1,-73.94924163818358,40.77338790893555,-73.97547912597656,40.75579833984375,N,705,2.964078622627491,7
id2866845,2,2016-05-28 07:02:26,2016-05-28 07:08:18,3,-73.98622131347656,40.77229309082031,-73.96288299560547,40.80423355102539,N,352,4.062645670045864,7
id1972564,2,2016-04-20 07:40:38,2016-04-20 07:48:58,1,-73.99360656738281,40.757301330566406,-73.99746704101561,40.74668884277344,N,500,1.2228357973560213,7
id3101311,2,2016-05-19 07:11:48,2016-05-19 07:21:17,3,-73.99098205566406,40.75064086914063,-73.97905731201173,40.75434112548828,N,569,1.0936586906524484,7
id3692682,2,2016-01-02 07:32:23,2016-01-02 07:50:59,1,-73.9257583618164,40.821266174316406,-73.9962387084961,40.73618316650391,N,1116,11.184060679426965,7
id2691267,1,2016-04-11 07:03:09,2016-04-11 07:13:07,1,-73.9729995727539,40.7445068359375,-73.95999145507811,40.773712158203125,N,598,3.4251653664579185,7
id1017857,2,2016-03-09 07:09:30,2016-03-09 07:13:57,1,-73.95659637451173,40.76684188842773,-73.94917297363281,40.77500915527344,N,267,1.1045407410641905,7
id3296538,2,2016-04-14 07:18:36,2016-04-14 07:37:38,6,-73.98396301269531,40.765079498291016,-73.94275665283203,40.84177017211913,N,1142,9.205066674605378,7
id0602591,1,2016-03-24 07:56:06,2016-03-24 08:05:50,1,-74.01028442382812,40.718799591064446,-73.9980239868164,40.735836029052734,N,584,2.159189564029745,7
id1855527,1,2016-03-01 07:41:46,2016-03-01 07:50:56,1,-73.98372650146483,40.74388885498047,-73.98075103759764,40.75766372680664,N,550,1.5497869696504614,7
id0880391,2,2016-04-16 07:52:27,2016-04-16 07:57:25,1,-73.98789978027342,40.77949905395508,-74.00067138671875,40.75775909423828,N,298,2.6460765733627096,7
id2077976,1,2016-02-08 07:21:28,2016-02-08 07:31:15,1,-74.00225067138672,40.729270935058594,-73.97812652587889,40.75201797485352,N,587,3.2526901447587795,7
id0797126,1,2016-01-28 07:12:04,2016-01-28 07:42:50,1,-73.99717712402342,40.75567626953125,-73.87109375,40.774227142333984,N,1846,10.913112992406239,7
id1382759,1,2016-05-23 08:34:39,2016-05-23 08:36:10,2,-73.97959136962889,40.7672119140625,-73.98049926757811,40.77006149291992,N,91,0.3255812670841339,8
id1003843,1,2016-04-20 08:21:14,2016-04-20 08:28:31,1,-73.96710205078125,40.763309478759766,-73.98271179199219,40.7618293762207,N,437,1.3369608100105046,8
id0860836,2,2016-04-23 08:48:24,2016-04-23 08:53:29,1,-73.98113250732422,40.75899124145508,-73.98184967041014,40.77130126953125,N,305,1.36777219876477,8
id0031891,2,2016-06-13 08:34:27,2016-06-13 08:56:19,5,-73.9983139038086,40.72012710571289,-73.969482421875,40.76275634765625,N,1312,5.328806422126522,8
id2807784,1,2016-04-05 08:56:51,2016-04-05 09:35:11,1,-74.0030517578125,40.73320770263672,-73.98318481445312,40.76103973388672,N,2300,3.520765790997446,8
id0243410,1,2016-03-11 08:09:51,2016-03-11 08:17:35,1,-74.0009765625,40.72577667236328,-73.98519897460938,40.7324333190918,N,464,1.5311730411758886,8
id3167105,2,2016-06-21 08:40:39,2016-06-21 09:10:09,6,-73.96598815917967,40.789886474609375,-73.97745513916014,40.75265884399414,N,1770,4.245663384088951,8
id2039255,1,2016-06-02 08:31:50,2016-06-02 08:54:57,1,-73.97572326660156,40.75157165527344,-74.00074768066406,40.71454620361328,N,1387,4.627646434295894,8
id0908385,1,2016-04-15 08:11:00,2016-04-15 08:22:25,1,-73.96644592285155,40.75326919555664,-73.98271942138672,40.766483306884766,N,685,2.0161291746966996,8
id0363362,1,2016-02-11 08:47:56,2016-02-11 08:57:34,1,-73.9783477783203,40.75962829589844,-73.99495697021484,40.759796142578125,N,578,1.4119042402589386,8
id2645542,1,2016-02-12 08:02:23,2016-02-12 08:04:40,1,-73.98977661132812,40.7524528503418,-73.98282623291014,40.7494010925293,N,137,0.6810079452730182,8
id3333527,1,2016-05-26 08:21:46,2016-05-26 08:35:50,1,-73.97859191894531,40.749267578125,-73.99871826171875,40.73070526123047,N,844,2.6780491643736086,8
id2648696,1,2016-03-17 08:34:26,2016-03-17 08:37:30,1,-73.96331787109375,40.766090393066406,-73.9659423828125,40.769527435302734,N,184,0.441947298314361,8
id0505003,1,2016-05-24 08:49:37,2016-05-24 08:54:01,1,-73.97915649414062,40.74972152709961,-73.9857406616211,40.74779891967773,N,264,0.5989628084217486,8
id0715801,2,2016-03-16 08:17:08,2016-03-16 08:21:11,3,-73.98316955566406,40.67713165283203,-73.97884368896483,40.68344879150391,N,243,0.7917620266611153,8
id0928302,2,2016-04-22 08:55:21,2016-04-22 09:11:25,2,-73.96822357177734,40.76533889770508,-73.91712951660156,40.759910583496094,N,964,4.3845935724671685,8
id0202613,2,2016-01-29 08:35:07,2016-01-29 08:46:22,1,-73.97584533691406,40.78157806396485,-73.96619415283203,40.76631546020508,N,675,1.8823166781720957,8
id2415002,1,2016-05-10 08:47:14,2016-05-10 09:06:00,1,-73.96015930175781,40.77043914794922,-73.96351623535155,40.81077575683594,N,1126,4.48644661539956,8
id3841906,1,2016-06-24 08:54:25,2016-06-24 09:03:23,1,-74.0057144165039,40.74560928344727,-73.99220275878906,40.735443115234375,N,538,1.6100989837743613,8
id3929587,2,2016-04-06 08:51:55,2016-04-06 08:58:21,2,-74.00547027587889,40.7369499206543,-73.99310302734375,40.735939025878906,N,386,1.0571879085546987,8
id3933711,2,2016-05-11 08:16:18,2016-05-11 09:10:24,3,-73.99043273925781,40.75638961791992,-73.9123306274414,40.767208099365234,N,3246,6.74641458435887,8
id2920815,1,2016-03-02 08:00:37,2016-03-02 08:08:26,1,-73.99707794189453,40.76258087158203,-74.00772857666014,40.743690490722656,N,469,2.2839178711586228,8
id1083866,1,2016-04-30 08:31:33,2016-04-30 08:39:31,1,-73.99295806884764,40.76838302612305,-73.99714660644531,40.73748779296875,N,478,3.4478020432637955,8
id2341798,1,2016-01-19 08:13:11,2016-01-19 08:32:11,1,-73.9987030029297,40.74561309814453,-73.96292877197266,40.759986877441406,N,1140,3.4339641764215663,8
id0152413,2,2016-04-10 08:40:07,2016-04-10 08:55:52,5,-73.98883056640625,40.74443817138672,-74.01709747314453,40.70486831665039,N,945,5.006475734333007,8
id1128168,1,2016-01-13 08:07:16,2016-01-13 08:22:43,1,-73.96728515625,40.766307830810554,-73.98960876464844,40.75736618041992,N,927,2.14140935332993,8
id3716402,1,2016-02-16 08:48:50,2016-02-16 09:08:51,1,-73.99417114257811,40.75104141235352,-73.97344970703125,40.75886535644531,N,1201,1.9637907738984288,8
id2396087,2,2016-03-06 08:38:16,2016-03-06 08:56:13,1,-73.98259735107422,40.77164077758789,-74.00271606445312,40.7552490234375,N,1077,2.496985102060092,8
id0845354,2,2016-01-07 08:09:22,2016-01-07 08:17:06,1,-73.98066711425781,40.7710189819336,-73.9832534790039,40.78215026855469,N,464,1.2549781861865572,8
id3830261,2,2016-05-12 08:44:08,2016-05-12 08:49:36,1,-73.96505737304686,40.755409240722656,-73.97129821777344,40.761940002441406,N,328,0.8982769274538019,8
id0995005,2,2016-01-29 08:34:52,2016-01-29 08:40:57,2,-73.9850311279297,40.73409271240234,-73.97861480712889,40.7395133972168,N,365,0.8120870433165019,8
id1882028,2,2016-01-06 08:34:27,2016-01-06 08:39:52,5,-73.98795318603516,40.75775909423828,-73.99774169921875,40.75606918334961,N,325,0.8529065613558113,8
id0875332,2,2016-06-08 08:41:17,2016-06-08 08:58:05,5,-73.94538879394531,40.778358459472656,-73.97377014160156,40.750534057617195,N,1008,3.9190087233746844,8
id3667198,1,2016-06-06 08:42:12,2016-06-06 08:46:58,1,-73.99481964111328,40.745338439941406,-73.99312591552734,40.737598419189446,N,286,0.8711210599347875,8
id1487744,2,2016-02-15 08:40:20,2016-02-15 08:46:43,1,-73.99163055419923,40.74942779541016,-74.00159454345702,40.756473541259766,N,383,1.152801581133658,8
id0033121,2,2016-06-23 08:06:11,2016-06-23 08:23:03,1,-73.98251342773438,40.739688873291016,-73.96317291259764,40.76827621459961,N,1012,3.573753902184036,8
id0526996,1,2016-01-06 08:55:05,2016-01-06 09:48:52,1,-73.87098693847656,40.773635864257805,-73.97372436523438,40.75796890258789,N,3227,8.90415392555285,8
id0576554,2,2016-05-18 08:53:08,2016-05-18 09:02:38,2,-73.95514678955078,40.78849029541016,-73.97052764892578,40.79436111450195,N,570,1.4607827481501265,8
id0449633,2,2016-06-22 08:07:26,2016-06-22 08:42:53,4,-74.00509643554686,40.74092864990234,-73.97284698486328,40.76340866088867,N,2127,3.7068347603673084,8
id0612340,1,2016-01-09 08:33:53,2016-01-09 08:51:06,1,-73.9452133178711,40.802261352539055,-74.00684356689453,40.741188049316406,N,1033,8.567340409695671,8
id0858052,1,2016-04-11 08:36:22,2016-04-11 09:05:44,1,-73.95293426513672,40.79207992553711,-73.98440551757811,40.75929641723633,N,1762,4.516417330218507,8
id1827335,1,2016-01-12 08:19:05,2016-01-12 08:23:12,1,-73.97351837158203,40.78974151611328,-73.96591186523438,40.795608520507805,N,247,0.9176824605811228,8
id2945946,2,2016-01-12 08:30:17,2016-01-12 08:50:12,1,-73.95284271240233,40.78640365600586,-73.97648620605469,40.75923538208008,N,1195,3.623975457949629,8
id3925581,1,2016-03-24 08:11:28,2016-03-24 08:28:48,1,-73.95037841796875,40.771480560302734,-74.01123809814453,40.70274353027344,N,1040,9.218171622945848,8
id2237853,1,2016-03-16 08:14:42,2016-03-16 08:18:55,1,-73.97358703613281,40.76116943359375,-73.96445465087889,40.77312850952149,N,253,1.5377618637732737,8
id2259396,2,2016-03-31 08:32:32,2016-03-31 08:40:17,1,-73.99295043945312,40.7476806640625,-73.9982681274414,40.73630142211913,N,465,1.3415357936904653,8
id1248276,1,2016-03-19 08:18:56,2016-03-19 08:22:03,1,-73.99485778808595,40.74009704589844,-73.97908020019531,40.75269317626953,N,187,1.93737357960721,8
id3276620,2,2016-01-14 08:10:19,2016-01-14 08:16:48,5,-73.95147705078125,40.82516860961913,-73.96710968017578,40.80345153808594,N,389,2.7525637097174913,8
id2072231,1,2016-02-04 08:15:39,2016-02-04 08:20:12,1,-74.01230621337889,40.71368408203125,-74.010009765625,40.72425842285156,N,273,1.1898721121083358,8
id1499312,2,2016-06-19 08:25:19,2016-06-19 08:51:07,1,-73.9886703491211,40.722522735595696,-74.17709350585938,40.69476318359375,N,1548,16.309681612745248,8
id2728150,1,2016-02-26 08:43:17,2016-02-26 08:47:55,1,-73.98462677001953,40.74843597412109,-73.98424530029298,40.74512481689453,N,278,0.36896597361038685,8
id2564726,2,2016-06-21 08:09:54,2016-06-21 08:15:44,5,-73.98946380615233,40.75671005249024,-73.98410797119139,40.76087951660156,N,350,0.6491860047635626,8
id0628984,2,2016-04-05 08:50:38,2016-04-05 09:04:14,6,-74.00505065917967,40.751419067382805,-73.98410797119139,40.7376708984375,N,816,2.3447123691160066,8
id2289633,2,2016-06-28 08:32:03,2016-06-28 09:03:23,2,-73.99411010742188,40.750244140625,-74.00775909423827,40.71258163452149,N,1880,4.338534277897979,8
id3922760,2,2016-04-12 08:42:08,2016-04-12 09:24:03,2,-73.94795227050781,40.80981063842773,-74.01409912109375,40.71401977539063,N,2515,12.027819462354845,8
id3689230,1,2016-01-14 08:35:04,2016-01-14 08:43:19,1,-73.99700927734375,40.74227142333984,-73.99171447753906,40.731311798095696,N,495,1.2971003087917508,8
id1507125,1,2016-04-15 08:46:58,2016-04-15 08:59:01,1,-73.97419738769531,40.747066497802734,-73.99440002441406,40.7395896911621,N,723,1.9072585244831903,8
id3358850,2,2016-03-10 08:41:44,2016-03-10 08:59:53,1,-73.95622253417967,40.778541564941406,-73.9833755493164,40.76050567626953,N,1089,3.0552956525086805,8
id2806432,1,2016-06-28 08:53:58,2016-06-28 09:06:28,1,-73.961181640625,40.77477264404297,-73.96955108642578,40.763710021972656,N,750,1.419139829960278,8
id2091859,2,2016-01-02 08:40:27,2016-01-02 08:46:19,3,-73.98909759521484,40.77703094482422,-73.97730255126953,40.78707885742188,N,352,1.499699645659951,8
id2404916,1,2016-02-05 08:27:34,2016-02-05 08:37:00,1,-73.98260498046875,40.7676010131836,-73.98782348632812,40.75424575805664,N,566,1.5473737590356613,8
id3622638,1,2016-06-26 08:33:49,2016-06-26 08:43:52,1,-74.0145492553711,40.70743560791016,-74.0023193359375,40.75593185424805,N,603,5.482539215335476,8
id1199596,1,2016-01-22 08:37:21,2016-01-22 08:47:23,1,-74.00768280029298,40.70521545410156,-74.00593566894531,40.710159301757805,N,602,0.5685062882718671,8
id3749913,1,2016-03-11 08:10:08,2016-03-11 08:29:51,1,-73.95010375976561,40.77127456665039,-73.96045684814453,40.809871673583984,N,1183,4.3737246660474405,8
id1288061,2,2016-06-22 08:50:06,2016-06-22 08:56:37,1,-73.9853286743164,40.74787521362305,-73.98275756835938,40.74606323242188,N,391,0.29700963746372255,8
id0285474,1,2016-06-23 08:10:04,2016-06-23 08:19:11,2,-73.98020935058595,40.78066253662109,-73.96060180664062,40.80748748779297,N,547,3.4122739649080827,8
id0326473,1,2016-06-14 08:42:42,2016-06-14 08:48:36,1,-73.99362182617188,40.74573516845703,-73.99617004394531,40.74039459228516,N,354,0.6311350441950329,8
id1018331,1,2016-01-22 08:31:56,2016-01-22 08:59:06,1,-74.00572204589844,40.73604583740234,-73.96389770507811,40.756797790527344,N,1630,4.236091909275633,8
id3707192,2,2016-01-02 08:56:22,2016-01-02 09:02:41,1,-73.99696350097656,40.7122917175293,-73.99779510498048,40.72059631347656,N,379,0.9245163663358213,8
id1508957,2,2016-04-08 08:44:48,2016-04-08 09:05:14,1,-73.98545837402342,40.76669692993164,-73.95396423339844,40.78464126586913,N,1226,3.3367186732758958,8
id0952329,1,2016-06-05 08:05:05,2016-06-05 08:08:32,1,-73.95904541015625,40.774761199951165,-73.9559326171875,40.78493881225586,N,207,1.1602854810257626,8
id0015317,1,2016-06-06 08:12:25,2016-06-06 08:16:42,3,-74.0106430053711,40.7052001953125,-74.00254821777344,40.70875930786133,N,257,0.7934078042550481,8
id2465880,1,2016-06-02 08:45:42,2016-06-02 08:56:16,1,-73.98192596435547,40.7832260131836,-73.97868347167967,40.76530838012695,N,634,2.007863328164235,8
id3158211,2,2016-01-28 08:32:10,2016-01-28 08:45:17,1,-73.97925567626953,40.75284194946289,-73.9953842163086,40.754695892333984,N,787,1.3862851051873513,8
id0234348,1,2016-05-09 08:39:12,2016-05-09 08:42:30,1,-73.95987701416014,40.762577056884766,-73.96150970458984,40.75624847412109,N,198,0.7160498582424787,8
id0145340,2,2016-05-17 08:50:40,2016-05-17 09:12:59,1,-73.98526763916014,40.69786834716797,-73.97530364990233,40.74943542480469,N,1339,5.786264706272312,8
id2365013,1,2016-06-05 08:29:25,2016-06-05 08:49:13,1,-73.99697875976561,40.73730850219727,-73.9616928100586,40.81036758422852,N,1188,8.646430910992711,8
id3364803,2,2016-04-27 08:38:01,2016-04-27 09:00:59,4,-73.99765014648438,40.683502197265625,-73.97221374511719,40.743030548095696,N,1378,6.952384416824064,8
id3183098,1,2016-06-25 08:58:52,2016-06-25 09:23:54,1,-73.95590209960938,40.7849998474121,-73.99767303466798,40.71812438964844,N,1502,8.228596400396516,8
id2690358,2,2016-02-11 08:47:28,2016-02-11 08:52:16,2,-73.9814453125,40.76803588867188,-73.97342681884764,40.76342010498047,N,288,0.8526692786009283,8
id2850788,2,2016-02-04 08:15:04,2016-02-04 08:31:20,1,-73.98565673828125,40.75313186645508,-73.97454071044923,40.7363395690918,N,976,2.08975019571374,8
id2106633,1,2016-02-22 08:16:11,2016-02-22 08:34:41,1,-74.0072250366211,40.703907012939446,-73.98558807373048,40.739273071289055,N,1110,4.335093202178114,8
id3711513,1,2016-05-13 08:37:23,2016-05-13 08:43:23,1,-73.97200775146483,40.76588439941406,-73.96183776855469,40.77688980102539,N,360,1.4965215742183704,8
id1181322,1,2016-04-20 08:07:44,2016-04-20 08:31:16,1,-73.96533203125,40.75592422485352,-74.00545501708984,40.727081298828125,N,1412,4.677735797829456,8
id2660299,2,2016-05-26 08:27:27,2016-05-26 08:40:53,1,-73.9890365600586,40.73667907714844,-73.97296905517578,40.757789611816406,N,806,2.7122225739287957,8
id0195324,1,2016-04-30 08:03:06,2016-04-30 08:12:29,1,-73.9881134033203,40.77434539794922,-73.95340728759764,40.76487350463867,N,563,3.131775418325636,8
id0363471,2,2016-02-04 08:55:32,2016-02-04 09:10:14,1,-73.9735336303711,40.75537872314453,-73.99083709716798,40.770111083984375,N,882,2.199412895158271,8
id1620685,1,2016-04-25 08:27:26,2016-04-25 08:39:28,1,-73.95591735839844,40.78206634521485,-73.96548461914062,40.76879119873047,N,722,1.6830466418288976,8
id3047456,2,2016-01-28 08:46:41,2016-01-28 09:04:32,6,-73.97795867919923,40.74586868286133,-73.97277069091797,40.757858276367195,N,1071,1.4020023445950904,8
id1605442,1,2016-05-22 08:00:51,2016-05-22 08:06:21,1,-73.98688507080078,40.77199935913086,-73.96675872802734,40.77238082885742,N,330,1.7112630808952825,8
id2920484,2,2016-06-05 08:59:03,2016-06-05 09:07:18,1,-73.97752380371094,40.73406982421875,-73.97343444824217,40.757766723632805,N,495,2.653223370146587,8
id2864749,1,2016-04-23 08:29:32,2016-04-23 08:39:03,1,-73.96457672119139,40.760196685791016,-73.98253631591797,40.75112533569336,N,571,1.828740000648275,8
id3337314,1,2016-05-02 08:39:07,2016-05-02 08:52:04,3,-73.98258209228516,40.76179122924805,-74.00068664550781,40.75822830200195,N,777,1.588893198981197,8
id3748988,1,2016-05-26 08:31:33,2016-05-26 08:57:23,1,-73.9547348022461,40.777591705322266,-74.00598907470702,40.70650100708008,N,1550,9.013824082227506,8
id2012032,1,2016-02-29 08:58:24,2016-02-29 09:06:39,3,-73.98308563232422,40.75911331176758,-73.99044036865233,40.751289367675774,N,495,1.0700629413425249,8
id2428873,1,2016-01-15 08:12:06,2016-01-15 08:17:15,2,-73.97335815429686,40.79058837890625,-73.97013854980467,40.784210205078125,N,309,0.7590290763021327,8
id3418722,1,2016-06-23 08:51:00,2016-06-23 09:03:43,1,-73.97930145263672,40.72663116455078,-74.01390075683594,40.713203430175774,N,763,3.297068293123962,8
id1992975,1,2016-04-16 08:57:36,2016-04-16 08:59:22,1,-73.97624969482422,40.788928985595696,-73.97926330566406,40.78504943847656,N,106,0.5010572152229346,8
id0094496,2,2016-02-23 08:54:32,2016-02-23 09:09:39,6,-73.86280059814453,40.76869583129882,-73.8719024658203,40.728958129882805,N,907,4.478219857098037,8
id3667090,1,2016-04-05 08:31:13,2016-04-05 09:08:48,1,-73.95235443115233,40.78449630737305,-73.98789978027342,40.7392578125,N,2255,5.860356172602353,8
id0972304,2,2016-05-19 08:14:09,2016-05-19 08:21:47,2,-73.99166870117188,40.74468994140625,-73.98126220703125,40.7596092224121,N,458,1.877472066508083,8
id1085523,2,2016-05-20 08:00:12,2016-05-20 08:08:00,1,-74.00858306884764,40.705425262451165,-74.01555633544923,40.7119255065918,N,468,0.9337705476971808,8
id0905319,2,2016-03-29 08:17:35,2016-03-29 08:27:26,4,-73.97760009765625,40.749408721923835,-73.99244689941406,40.73762893676758,N,591,1.8172209389979515,8
id2486960,1,2016-01-14 08:52:19,2016-01-14 09:28:20,1,-73.87300872802734,40.77422332763672,-73.980224609375,40.7605094909668,N,2161,9.239607605848716,8
id1667636,1,2016-03-04 08:25:02,2016-03-04 08:30:32,1,-73.98684692382812,40.74550628662109,-73.99835968017578,40.74372863769531,N,330,0.9982795258123047,8
id1067939,1,2016-03-11 08:31:33,2016-03-11 09:20:53,1,-73.97531127929686,40.765090942382805,-73.7904281616211,40.64679336547852,N,2960,20.4789463622808,8
id3829714,2,2016-03-03 08:16:28,2016-03-03 08:38:57,1,-73.99082183837889,40.750930786132805,-73.97881317138672,40.74851989746094,N,1349,1.0552335214271178,8
id1205943,2,2016-02-24 08:24:38,2016-02-24 08:28:44,3,-74.00975036621092,40.70943832397461,-74.0068817138672,40.70521926879882,N,246,0.5279912708953595,8
id2573027,2,2016-05-23 08:06:17,2016-05-23 08:14:22,2,-73.97469329833984,40.7360954284668,-73.97798919677734,40.71971130371094,N,485,1.8400892397796336,8
id0147464,1,2016-03-22 08:53:09,2016-03-22 09:19:50,2,-73.98238372802734,40.73143005371094,-73.95171356201173,40.74523162841797,N,1601,3.0237739073122047,8
id0010023,1,2016-03-07 08:47:00,2016-03-07 09:00:29,1,-73.97645568847656,40.74427795410156,-73.99289703369139,40.71426010131836,N,809,3.6131908495264593,8
id2359197,1,2016-06-15 08:02:15,2016-06-15 08:05:10,1,-73.97101593017578,40.7646713256836,-73.96629333496092,40.77302169799805,N,175,1.0100821870444534,8
id0145352,1,2016-03-18 08:50:01,2016-03-18 08:53:58,1,-73.94447326660156,40.83478927612305,-73.94192504882812,40.85165023803711,N,237,1.884058677068096,8
id2954981,1,2016-02-26 08:08:13,2016-02-26 08:18:20,1,-73.97146606445312,40.74649429321289,-73.9574203491211,40.765823364257805,N,607,2.4553307169551344,8
id1869281,2,2016-06-17 08:20:35,2016-06-17 08:50:09,2,-74.1009063720703,40.683979034423835,-74.1009063720703,40.683979034423835,N,1774,0.0,8
id3158774,1,2016-01-18 08:14:49,2016-01-18 08:19:34,1,-73.99124908447266,40.749954223632805,-74.00254058837889,40.730350494384766,N,285,2.37827882771551,8
id0500018,1,2016-01-27 08:33:24,2016-01-27 09:03:27,1,-73.96898651123048,40.76958465576172,-74.00872802734375,40.706912994384766,N,1803,7.733351688812999,8
id3173242,1,2016-06-14 08:12:11,2016-06-14 08:23:23,1,-73.8727035522461,40.774028778076165,-73.90766143798828,40.778507232666016,N,672,3.0127156103636428,8
id1909346,1,2016-03-08 08:34:57,2016-03-08 08:48:17,1,-73.98357391357422,40.76944351196289,-73.98065948486328,40.7508544921875,N,800,2.0781988224060024,8
id3872473,1,2016-01-18 08:21:45,2016-01-18 08:35:01,1,-73.95926666259764,40.77152633666992,-73.98661041259764,40.75473785400391,N,796,2.9790443873492065,8
id1371604,1,2016-02-17 08:12:33,2016-02-17 08:26:01,1,-73.9685287475586,40.75472259521485,-73.98975372314453,40.74161911010742,N,808,2.317410519455397,8
id0101596,1,2016-03-10 08:14:45,2016-03-10 08:29:39,1,-73.9898681640625,40.73550033569336,-74.01412963867188,40.71424102783203,N,894,3.133903314090974,8
id3724127,1,2016-01-07 08:17:50,2016-01-07 08:56:39,1,-73.98516082763672,40.73611831665039,-73.78993225097656,40.64703750610352,N,2329,19.317013861162227,8
id0400619,1,2016-03-09 08:58:05,2016-03-09 09:34:35,1,-73.91847229003906,40.74393844604492,-73.99403381347656,40.72754287719727,N,2190,6.675591342754373,8
id2513924,1,2016-06-01 08:21:09,2016-06-01 08:33:49,1,-73.95757293701173,40.77395248413086,-73.96988677978516,40.76284790039063,N,760,1.6170517684121086,8
id2031903,1,2016-06-17 08:29:27,2016-06-17 08:49:09,1,-73.99433135986328,40.75057220458984,-73.9697036743164,40.757171630859375,N,1182,2.2178226649969472,8
id2789219,1,2016-04-22 08:02:37,2016-04-22 08:15:38,1,-74.00541687011719,40.73694610595703,-73.98360443115233,40.765655517578125,N,781,3.6868509917134364,8
id3597692,1,2016-04-13 08:40:08,2016-04-13 08:54:17,1,-73.9597930908203,40.774227142333984,-73.9704818725586,40.79491424560546,N,849,2.469474742230038,8
id3219095,1,2016-05-16 08:32:13,2016-05-16 08:41:29,1,-73.97708129882812,40.75627899169922,-73.9854965209961,40.763519287109375,N,556,1.0758881424751263,8
id0929705,2,2016-01-21 08:51:09,2016-01-21 09:15:08,2,-73.96977233886719,40.75701141357422,-73.9925765991211,40.74794006347656,N,1439,2.184292865102508,8
id2495499,1,2016-02-05 08:00:18,2016-02-05 08:04:20,1,-73.98241424560547,40.76749038696289,-73.97348022460938,40.76357269287109,Y,242,0.8750900636795593,8
id0080479,2,2016-06-30 08:37:58,2016-06-30 08:48:59,4,-73.97811889648438,40.7529411315918,-73.99047088623048,40.757080078125,N,661,1.1460365304147013,8
id0832205,1,2016-06-22 08:30:58,2016-06-22 08:52:12,1,-73.9524154663086,40.77688980102539,-74.00105285644531,40.762237548828125,N,1274,4.442590011712903,8
id2840695,2,2016-04-17 08:56:29,2016-04-17 09:06:49,1,-74.00523376464844,40.740909576416016,-73.97888946533203,40.782241821289055,N,620,5.105188057052041,8
id2457397,1,2016-02-25 08:50:18,2016-02-25 09:02:01,1,-73.97991943359375,40.77608871459961,-73.97336578369139,40.76370620727539,N,703,1.483054876606368,8
id0775673,1,2016-04-11 08:14:48,2016-04-11 08:37:17,1,-73.95244598388672,40.77409362792969,-73.9844970703125,40.760528564453125,N,1349,3.1127544231365687,8
id1897062,1,2016-03-17 08:20:44,2016-03-17 08:52:42,2,-74.01612091064453,40.71504592895508,-73.97299194335938,40.75514221191406,N,1918,5.766098975962302,8
id3789081,1,2016-04-14 08:53:36,2016-04-14 09:15:24,1,-73.95532989501953,40.76732635498047,-74.00650024414062,40.705596923828125,N,1308,8.115874769098264,8
id2633360,2,2016-04-11 08:05:18,2016-04-11 08:34:59,1,-73.87093353271484,40.77378082275391,-73.95172882080078,40.714298248291016,N,1781,9.526688690422153,8
id3331383,2,2016-06-27 08:33:53,2016-06-27 08:43:28,6,-74.00409698486328,40.72175979614258,-74.01303100585938,40.71453094482422,N,575,1.1047740261023886,8
id3293200,2,2016-02-04 08:39:45,2016-02-04 08:48:37,1,-73.98934936523438,40.75249862670898,-73.97573852539062,40.75391387939453,N,532,1.1675381453329403,8
id0422574,2,2016-02-26 08:18:33,2016-02-26 08:25:55,6,-73.96728515625,40.793243408203125,-73.97951507568358,40.77654647827149,N,442,2.1249918521877174,8
id1225419,1,2016-03-24 08:34:20,2016-03-24 08:43:50,1,-73.96773529052734,40.79274368286133,-73.96371459960938,40.7712516784668,N,570,2.409968043376639,8
id2450525,2,2016-06-18 08:40:05,2016-06-18 08:53:52,5,-73.98715209960938,40.7415885925293,-74.01287841796875,40.714702606201165,N,827,3.69974741864033,8
id0042971,1,2016-04-23 08:29:33,2016-04-23 08:32:54,1,-73.9521255493164,40.78126907348633,-73.95484161376953,40.77758026123047,N,201,0.4700583520040044,8
id0597716,2,2016-06-26 08:44:10,2016-06-26 08:54:48,1,-73.95122528076173,40.778785705566406,-73.97847747802734,40.74681854248047,N,638,4.237535041966874,8
id0286669,2,2016-06-14 08:15:23,2016-06-14 08:21:31,1,-73.98236846923827,40.774768829345696,-73.97689056396483,40.764381408691406,N,368,1.2434714769122857,8
id1596300,1,2016-06-14 08:04:44,2016-06-14 08:13:28,1,-73.955078125,40.78348922729492,-73.96974182128906,40.76393127441406,N,524,2.5032973076290252,8
id0676360,2,2016-03-21 08:22:48,2016-03-21 09:01:57,1,-73.97310638427734,40.79011917114258,-73.97715759277344,40.74523162841797,N,2349,4.9944025536988,8
id0241209,2,2016-04-11 08:13:59,2016-04-11 09:31:29,1,-73.77680206298828,40.64574813842773,-73.98224639892578,40.75667190551758,N,4650,21.36695769676298,8
id2157631,2,2016-05-22 08:16:38,2016-05-22 08:21:06,1,-73.97386932373048,40.76311111450195,-73.98416137695312,40.7577018737793,N,268,1.0610508909356657,8
id0933531,1,2016-06-01 08:09:19,2016-06-01 08:36:48,1,-74.01688385009764,40.70634078979492,-74.0028076171875,40.75992584228516,N,1649,6.0670885917424515,8
id3695540,1,2016-05-06 08:12:26,2016-05-06 08:26:33,1,-73.96713256835938,40.756927490234375,-73.97728729248048,40.74316787719727,N,847,1.7543454509285115,8
id1396118,1,2016-04-11 08:45:45,2016-04-11 09:06:43,1,-73.96193695068358,40.76283645629882,-73.99563598632812,40.75418472290039,N,1258,3.021117043161584,8
id3762055,2,2016-03-05 08:32:21,2016-03-05 08:34:58,1,-73.98839569091797,40.754104614257805,-73.97980499267578,40.749759674072266,N,157,0.8751044271676762,8
id1214963,2,2016-04-11 08:51:17,2016-04-11 09:04:35,1,-73.98187255859375,40.7423210144043,-73.99514770507811,40.739688873291016,N,798,1.1655986374382274,8
id0500833,1,2016-01-13 08:47:20,2016-01-13 09:07:30,1,-73.96186065673827,40.773971557617195,-73.99010467529298,40.7568244934082,N,1210,3.0636910505850623,8
id3658382,2,2016-05-17 08:44:35,2016-05-17 09:06:47,1,-73.94982147216798,40.83470153808594,-73.94982147216798,40.83470153808594,N,1332,0.0,8
id0483327,2,2016-01-29 08:17:58,2016-01-30 08:12:12,1,-73.96324157714845,40.755897521972656,-73.95240783691406,40.76869201660156,N,86054,1.6926116649853624,8
id2756970,1,2016-01-14 08:02:51,2016-01-14 08:08:19,1,-74.00920867919923,40.7157096862793,-74.01556396484375,40.714874267578125,N,328,0.5481007101698746,8
id0706364,1,2016-05-14 08:32:17,2016-05-14 08:39:54,1,-73.98854064941406,40.74839782714844,-73.99034118652342,40.75617599487305,N,457,0.8768364475924175,8
id3663134,1,2016-05-13 08:48:29,2016-05-13 09:03:43,1,-73.96186828613281,40.75593566894531,-73.98828125,40.72027969360352,N,914,4.550249278291769,8
id3656104,1,2016-03-01 08:39:32,2016-03-01 08:42:32,1,-73.97177886962889,40.792285919189446,-73.96530151367188,40.80105209350586,N,180,1.1180117907914404,8
id2580577,1,2016-01-05 08:06:54,2016-01-05 08:34:01,2,-73.87078094482422,40.77357482910156,-73.9876480102539,40.71025848388672,N,1627,12.168516660826105,8
id2226440,1,2016-04-05 08:55:39,2016-04-05 09:09:20,1,-74.01023864746092,40.71925735473633,-74.01034545898438,40.70906066894531,N,821,1.1318685356863603,8
id1964729,2,2016-01-28 08:18:36,2016-01-28 08:29:35,1,-73.94931030273438,40.773319244384766,-73.95587921142578,40.78485870361328,N,659,1.397288916014229,8
id1056731,2,2016-06-20 08:09:50,2016-06-20 08:21:09,2,-73.97164154052734,40.79732131958008,-73.9500732421875,40.7854118347168,N,679,2.260214104186584,8
id0454464,2,2016-06-17 08:53:56,2016-06-17 09:09:00,1,-73.99185180664062,40.749149322509766,-73.98265838623048,40.752540588378906,N,904,0.8673808575653564,8
id1565535,1,2016-06-05 08:09:24,2016-06-05 08:38:50,1,-73.9611587524414,40.7691535949707,-73.96870422363281,40.78636932373047,N,1766,2.015704177804396,8
id2147250,2,2016-03-12 08:28:30,2016-03-12 08:42:54,5,-73.98988342285155,40.7352294921875,-73.95838165283203,40.778446197509766,N,864,5.493773003126219,8
id0174697,1,2016-04-02 08:43:05,2016-04-02 08:56:07,2,-73.95569610595702,40.77898788452149,-73.98533630371094,40.71165466308594,N,782,7.887201746761446,8
id1740864,2,2016-05-29 08:36:44,2016-05-29 08:46:21,2,-73.95076751708984,40.77092742919922,-73.98934173583984,40.726322174072266,N,577,5.938417470479969,8
id0684065,2,2016-02-23 08:58:55,2016-02-23 09:18:44,1,-73.97806549072266,40.75241088867188,-74.00653839111328,40.72872924804688,N,1189,3.573124087488741,8
id0184092,2,2016-05-16 08:54:58,2016-05-16 09:05:00,1,-73.97209930419923,40.75752639770508,-73.95877075195312,40.77235412597656,N,602,1.998108433374839,8
id1383499,2,2016-06-08 08:16:58,2016-06-08 08:31:50,6,-73.97518920898438,40.755470275878906,-73.9993896484375,40.75389099121094,N,892,2.064493393902823,8
id1597688,1,2016-01-29 08:25:19,2016-01-29 08:34:21,1,-73.95252990722656,40.772422790527344,-73.96483612060547,40.772624969482415,N,542,1.0462688474236364,8
id2810499,2,2016-03-25 08:21:32,2016-03-25 08:39:26,2,-73.95690155029298,40.77082824707031,-73.99008178710938,40.7552604675293,N,1074,3.3076080404456993,8
id0251280,2,2016-03-07 08:00:45,2016-03-07 08:27:00,6,-73.95206451416014,40.79055404663086,-73.98236083984375,40.76792144775391,N,1575,3.5976149420232613,8
id2105558,1,2016-04-05 08:40:20,2016-04-05 08:45:02,1,-74.01658630371092,40.70925521850586,-74.00906372070312,40.71867370605469,N,282,1.2254907176422565,8
id0271505,1,2016-01-19 08:23:17,2016-01-19 09:02:26,1,-73.93839263916014,40.81179428100586,-73.98596954345702,40.738384246826165,N,2349,9.096840727280243,8
id2649073,2,2016-06-23 08:46:51,2016-06-23 09:05:32,2,-73.97318267822266,40.75537109375,-73.86197662353516,40.768531799316406,N,1121,9.564731139445895,8
id3198329,2,2016-05-02 08:57:31,2016-05-02 09:18:42,1,-73.988525390625,40.762691497802734,-74.01403045654298,40.714298248291016,N,1271,5.79262930777076,8
id2654071,2,2016-04-15 08:28:08,2016-04-15 08:37:10,3,-73.96880340576173,40.75495147705078,-73.98349761962889,40.748870849609375,N,542,1.4197106941595639,8
id3189505,2,2016-02-16 08:27:26,2016-02-16 08:39:17,1,-73.99142456054686,40.738178253173835,-73.9749984741211,40.755325317382805,N,711,2.360522317405118,8
id1274929,2,2016-02-12 08:02:43,2016-02-12 08:07:40,1,-73.99175262451173,40.74968719482422,-73.99102020263672,40.738243103027344,N,297,1.271818823490611,8
id2114482,2,2016-02-07 08:46:47,2016-02-07 08:49:29,1,-73.98565673828125,40.752883911132805,-73.99110412597656,40.750045776367195,N,162,0.5600362948282331,8
id2464533,2,2016-06-21 08:20:46,2016-06-21 08:22:14,1,-74.00334930419923,40.743965148925774,-74.00352478027342,40.740131378173835,N,88,0.4258098665971369,8
id2136479,2,2016-02-02 08:31:24,2016-02-02 08:42:44,6,-73.99765014648438,40.721805572509766,-73.99082946777342,40.6950569152832,N,680,3.0251742831880817,8
id2411363,2,2016-02-12 08:07:51,2016-02-12 08:11:42,1,-73.98853302001953,40.73736190795898,-73.98233795166014,40.74567794799805,N,231,1.062715793029521,8
id3787892,1,2016-05-17 08:26:09,2016-05-17 08:32:15,1,-73.99048614501953,40.756378173828125,-73.99027252197266,40.76992034912109,N,366,1.5032911247335459,8
id2389182,1,2016-05-27 08:49:15,2016-05-27 09:08:13,1,-73.98887634277344,40.74836349487305,-73.96299743652342,40.766651153564446,N,1138,2.9932135396736883,8
id2900519,1,2016-02-23 08:09:32,2016-02-23 09:03:22,1,-73.87312316894531,40.774051666259766,-74.01400756835938,40.71415710449219,N,3230,13.696884155796681,8
id1076792,2,2016-06-24 08:34:07,2016-06-24 08:47:40,1,-73.96357727050781,40.808841705322266,-73.9531021118164,40.802600860595696,N,813,1.1281275325149986,8
id3564033,2,2016-01-10 08:39:45,2016-01-10 08:43:59,5,-73.95970916748048,40.75848388671875,-73.95446014404298,40.771427154541016,N,254,1.5043868233736852,8
id1851690,1,2016-06-03 08:25:34,2016-06-03 08:32:03,1,-73.97550964355469,40.75213623046875,-73.97638702392578,40.741748809814446,N,389,1.1554130402558551,8
id1253540,2,2016-01-19 08:07:31,2016-01-19 08:11:50,2,-74.00225067138672,40.7293815612793,-73.9943618774414,40.72591018676758,N,259,0.7733740451294102,8
id1657571,2,2016-06-05 08:46:59,2016-06-05 09:04:30,1,-73.97374725341797,40.76325225830078,-74.01020050048828,40.71141052246094,N,1051,6.535622298367967,8
id1502405,1,2016-01-26 08:10:51,2016-01-26 08:28:06,1,-73.99768829345702,40.72429656982422,-74.01209259033203,40.70407485961913,N,1035,2.55682293647644,8
id0738374,1,2016-05-25 08:28:47,2016-05-25 08:43:00,1,-73.97775268554686,40.77560043334961,-73.96586608886719,40.76948165893555,N,853,1.217423357540603,8
id1770945,1,2016-02-21 08:57:19,2016-02-21 08:58:39,1,-73.95960998535155,40.78261566162109,-73.96250152587889,40.775684356689446,N,80,0.8076793476801869,8
id0629262,1,2016-02-17 08:31:46,2016-02-17 08:36:38,2,-73.95099639892578,40.774799346923835,-73.95972442626953,40.776973724365234,N,292,0.7801551458010842,8
id0558343,1,2016-06-27 08:01:30,2016-06-27 08:12:30,1,-73.97760772705078,40.73413848876953,-74.01500701904298,40.711292266845696,N,660,4.066522169264891,8
id0365955,2,2016-06-13 08:11:56,2016-06-13 08:33:14,1,-73.972412109375,40.75260925292969,-73.87227630615233,40.77450180053711,N,1278,8.851645194060206,8
id3118206,2,2016-03-12 08:55:31,2016-03-12 09:01:16,5,-73.96430206298828,40.77130126953125,-73.96216583251953,40.764698028564446,N,345,0.755116639091106,8
id1517769,1,2016-01-05 08:36:37,2016-01-05 08:46:24,1,-74.00225830078125,40.73966598510742,-74.00839233398438,40.74551773071289,N,587,0.8329211091887262,8
id1934139,2,2016-03-05 08:56:03,2016-03-05 09:01:00,1,-73.99000549316406,40.732540130615234,-73.99363708496092,40.74187088012695,N,297,1.0807351387270308,8
id0767932,1,2016-04-05 08:22:12,2016-04-05 08:38:57,1,-73.95606231689453,40.76791763305664,-73.98190307617188,40.76839065551758,N,1005,2.1970920090033683,8
id3608853,1,2016-04-28 08:46:45,2016-04-28 08:59:09,4,-73.97720336914062,40.75894165039063,-73.96839904785155,40.75065612792969,N,744,1.1857018308629867,8
id0554113,1,2016-04-08 09:59:07,2016-04-08 10:09:07,1,-73.98131561279298,40.74595642089844,-73.9775390625,40.75798416137695,N,600,1.373128472293545,9
id1257105,2,2016-01-11 09:20:25,2016-01-11 09:23:24,1,-73.98865509033203,40.75347518920898,-73.9837417602539,40.74816131591797,N,179,0.7227229893091786,9
id0709108,1,2016-06-09 09:41:13,2016-06-09 09:52:23,1,-73.9813232421875,40.779682159423835,-73.98416900634764,40.7701416015625,N,670,1.0862761259211846,9
id3206853,1,2016-03-17 09:42:42,2016-03-17 09:54:08,1,-73.98429107666014,40.72491455078125,-74.00674438476561,40.73299407958984,N,686,2.1087416197127418,9
id3873067,1,2016-06-13 09:47:45,2016-06-13 09:59:37,1,-74.0,40.73886489868164,-73.99738311767578,40.75565719604492,N,712,1.877170295542675,9
id1537478,1,2016-04-01 09:13:06,2016-04-01 09:21:41,1,-73.98834991455078,40.722759246826165,-73.97828674316406,40.73677444458008,N,515,1.775336302273362,9
id0540140,1,2016-01-01 09:42:29,2016-01-01 10:00:57,2,-73.86367797851561,40.769798278808594,-73.9852523803711,40.73741912841797,N,1108,10.940995096142142,9
id1345796,2,2016-05-06 09:41:12,2016-05-06 09:43:19,2,-73.98419189453125,40.7672004699707,-73.99004364013672,40.76985931396485,N,127,0.5783665407223192,9
id2125045,1,2016-01-14 09:43:33,2016-01-14 10:02:58,1,-73.95132446289062,40.77415466308594,-73.97560119628906,40.74063491821289,N,1165,4.254605860403925,9
id0293281,1,2016-06-30 09:07:58,2016-06-30 09:28:26,1,-73.99224090576173,40.7435302734375,-73.97254943847656,40.75350570678711,N,1228,2.006882042559983,9
id3931609,2,2016-06-09 09:26:58,2016-06-09 09:35:39,3,-73.98417663574217,40.728958129882805,-73.99315643310547,40.74237060546875,N,521,1.6730453511513836,9
id3631001,1,2016-06-07 09:26:42,2016-06-07 09:33:56,1,-73.99658203125,40.76333236694336,-73.99705505371094,40.7473030090332,N,434,1.779712959105278,9
id3115820,2,2016-05-02 09:56:49,2016-05-02 10:02:45,1,-73.98226165771484,40.7828483581543,-73.97908020019531,40.77434158325195,N,356,0.9822122713925012,9
id2681549,2,2016-04-09 09:43:15,2016-04-09 10:01:00,1,-73.98491668701173,40.77510833740234,-74.00299072265625,40.725059509277344,N,1065,5.763929803677315,9
id2682894,1,2016-04-25 09:04:53,2016-04-25 09:13:58,1,-73.94464111328125,40.77995300292969,-73.960693359375,40.760696411132805,N,545,2.535848377048234,9
id3486871,2,2016-03-09 09:15:14,2016-03-09 09:25:06,3,-73.9770278930664,40.74319839477539,-73.98700714111328,40.7223014831543,N,592,2.4697874425913704,9
id1704016,1,2016-02-01 09:52:45,2016-02-01 10:01:01,2,-73.9912567138672,40.760608673095696,-73.98479461669923,40.753711700439446,N,496,0.9422286295703561,9
id3555854,2,2016-04-05 09:56:02,2016-04-05 10:04:44,3,-73.98741912841797,40.72005081176758,-73.97672271728516,40.727176666259766,N,522,1.2051011375829772,9
id1624551,2,2016-05-17 09:22:00,2016-05-17 09:30:41,6,-73.95226287841797,40.78997039794922,-73.95226287841797,40.78997039794922,N,521,0.0,9
id1424110,1,2016-01-10 09:28:58,2016-01-10 10:02:48,1,-73.78189086914062,40.64458465576172,-74.00261688232422,40.75599670410156,N,2030,22.470825468723035,9
id3563345,2,2016-06-15 09:04:02,2016-06-15 09:15:19,5,-73.98358154296875,40.75454330444336,-73.96886444091797,40.76164627075195,N,677,1.4786838045066428,9
id1373078,2,2016-03-03 09:01:27,2016-03-03 09:13:46,1,-74.00125885009764,40.746768951416016,-73.98710632324217,40.75085067749024,N,739,1.2854563928653915,9
id3744128,1,2016-05-24 09:32:08,2016-05-24 09:34:33,1,-73.99261474609375,40.73721694946289,-73.99118041992188,40.73289108276367,N,145,0.495407222750491,9
id2355813,2,2016-03-13 09:59:45,2016-03-13 10:11:48,1,-74.01712799072266,40.70580291748047,-73.97311401367188,40.73921585083008,N,723,5.268011915474027,9
id1547442,2,2016-05-21 09:34:36,2016-05-21 09:36:46,2,-73.96614837646483,40.76200866699219,-73.95977020263672,40.76763153076172,N,130,0.826721869045524,9
id2091955,2,2016-01-26 09:37:08,2016-01-26 09:58:33,1,-73.80589294433594,40.65185928344727,-73.82164001464845,40.68833160400391,N,1285,4.263959515431241,9
id2709148,2,2016-04-23 09:54:51,2016-04-23 10:02:53,2,-73.984619140625,40.742652893066406,-73.96891021728516,40.755176544189446,N,482,1.9275278203006074,9
id1493876,2,2016-05-09 09:13:48,2016-05-09 09:32:42,1,-73.98164367675781,40.75899887084961,-73.9576416015625,40.76580810546875,N,1134,2.175681779134538,9
id3320536,2,2016-02-02 09:48:15,2016-02-02 10:03:13,5,-74.01116943359375,40.70988845825195,-74.00225067138672,40.75585174560546,N,898,5.157940030075051,9
id0687375,1,2016-04-27 09:51:40,2016-04-27 10:00:57,1,-73.98216247558594,40.77292251586913,-73.9695587158203,40.76779174804688,N,557,1.2132902529455523,9
id1182759,2,2016-05-20 09:34:38,2016-05-20 09:46:56,1,-73.9669189453125,40.762310028076165,-73.98312377929686,40.76240921020508,N,738,1.3774548845868833,9
id2871377,2,2016-06-09 09:34:24,2016-06-09 09:42:51,1,-73.96257781982422,40.77838134765625,-73.98365020751953,40.78089904785156,N,507,1.8128236085318006,9
id1779727,2,2016-04-28 09:30:21,2016-04-28 09:37:59,5,-73.9906997680664,40.761260986328125,-74.00566864013672,40.75088882446289,N,458,1.7159253078434291,9
id2418735,2,2016-02-25 09:59:59,2016-02-25 10:22:24,2,-73.99354553222656,40.73043823242188,-73.98216247558594,40.75007247924805,N,1345,2.384525623024415,9
id0926239,1,2016-01-08 09:56:45,2016-01-08 10:15:40,2,-74.00267791748048,40.73981094360352,-73.97747039794923,40.7504768371582,N,1135,2.4479696417766297,9
id3348292,1,2016-04-12 09:19:29,2016-04-12 09:38:03,1,-73.98646545410156,40.73037338256836,-73.99974060058595,40.755718231201165,N,1114,3.031137156359847,9
id1747615,2,2016-02-18 09:28:52,2016-02-18 09:30:36,1,-73.97138214111328,40.76102828979492,-73.97318267822266,40.75820159912109,N,104,0.34909881426161277,9
id0391285,2,2016-01-25 09:12:10,2016-01-25 09:20:16,3,-73.97098541259764,40.761512756347656,-73.96973419189453,40.7658805847168,N,486,0.49635696024116727,9
id1223194,2,2016-03-04 09:43:14,2016-03-04 10:05:46,6,-73.995849609375,40.753860473632805,-74.0116195678711,40.70378112792969,N,1352,5.71814097022617,9
id3328255,2,2016-05-24 09:30:00,2016-05-24 09:42:06,1,-73.97098541259764,40.78818130493164,-73.98045349121092,40.76579284667969,N,726,2.612182493953313,9
id1073358,2,2016-03-20 09:31:51,2016-03-20 09:37:41,1,-73.98796844482422,40.754371643066406,-74.0093994140625,40.73405838012695,N,350,2.8986793818952377,9
id0235245,1,2016-03-11 09:01:48,2016-03-11 09:05:19,3,-73.96881103515625,40.798526763916016,-73.96466827392578,40.80674743652344,N,211,0.9780824881642574,9
id0678480,2,2016-01-03 09:14:13,2016-01-03 09:17:45,1,-73.95540618896483,40.772911071777344,-73.96453857421875,40.76396942138672,N,212,1.2600280218845588,9
id1042579,1,2016-04-19 09:52:55,2016-04-19 10:17:30,1,-73.97921752929686,40.74979019165039,-73.87242889404298,40.7745246887207,N,1475,9.483168068992862,9
id1662275,2,2016-05-04 09:26:13,2016-05-04 09:31:12,1,-73.99656677246092,40.737579345703125,-73.9906005859375,40.73965072631836,N,299,0.5568135526348997,9
id0046790,2,2016-06-27 09:55:29,2016-06-27 10:03:30,6,-73.96224975585938,40.77035903930664,-73.97000122070312,40.75999069213867,N,481,1.3261430692502572,9
id3587600,1,2016-06-21 09:00:26,2016-06-21 09:20:52,2,-73.968994140625,40.75382614135742,-73.97596740722656,40.74469757080078,N,1226,1.1739015597969007,9
id2825686,2,2016-02-10 09:48:01,2016-02-10 10:08:13,2,-73.98098754882812,40.78455352783203,-73.96379852294923,40.76527786254882,N,1212,2.590868693262535,9
id2369191,2,2016-04-17 09:12:53,2016-04-17 09:17:45,1,-73.9676742553711,40.76861572265625,-73.96794128417967,40.75796890258789,N,292,1.1820149696997881,9
id0536526,2,2016-02-12 09:06:24,2016-02-12 09:11:41,1,-74.01617431640625,40.7148323059082,-74.01795196533203,40.70647048950195,N,317,0.9403803766710288,9
id1438410,1,2016-01-26 09:09:10,2016-01-26 09:12:51,1,-73.96687316894531,40.78889083862305,-73.97074127197266,40.78610229492188,N,221,0.4515637794485998,9
id1602984,1,2016-01-27 09:16:49,2016-01-27 10:23:14,2,-73.88535308837889,40.77303695678711,-73.99570465087889,40.76376724243164,Y,3985,9.436149404708214,9
id2745138,1,2016-06-02 09:40:30,2016-06-02 10:16:20,1,-73.9780044555664,40.75224304199219,-74.01197052001953,40.70694732666016,N,2150,5.797797340557005,9
id1309108,1,2016-04-25 09:34:20,2016-04-25 10:02:54,1,-73.9954833984375,40.744976043701165,-73.9686508178711,40.76742935180664,N,1714,3.378395157969988,9
id0890943,2,2016-02-06 09:50:41,2016-02-06 10:01:37,2,-73.99406433105469,40.75165557861328,-73.97620391845702,40.74753952026367,N,656,1.585394490595931,9
id3198710,2,2016-03-04 09:43:18,2016-03-04 09:51:25,1,-73.9853286743164,40.75900650024414,-74.00091552734375,40.7574462890625,N,487,1.3361534951144118,9
id3966956,2,2016-04-28 09:30:56,2016-04-28 09:58:26,1,-73.8712158203125,40.7739372253418,-73.96435546875,40.77139663696289,N,1650,7.921891153463147,9
id0196582,1,2016-01-18 09:58:19,2016-01-18 10:03:18,1,-73.97147369384764,40.75532150268555,-73.9656982421875,40.76544189453125,N,299,1.2259451452599914,9
id3940303,2,2016-01-27 09:03:27,2016-01-27 09:18:28,1,-73.99401092529298,40.74650573730469,-74.01506805419923,40.71153259277344,N,901,4.274769724428705,9
id1040523,1,2016-02-04 09:48:47,2016-02-04 09:54:29,1,-73.98206329345702,40.78315353393555,-73.98212432861328,40.77400970458984,N,342,1.0149783164739492,9
id2485368,2,2016-06-30 09:24:45,2016-06-30 09:56:40,2,-73.95030212402342,40.78374481201172,-73.77713775634764,40.644657135009766,N,1915,21.330789133168558,9
id2666257,1,2016-01-06 09:28:56,2016-01-06 09:39:03,1,-73.9685821533203,40.75881576538086,-73.98139953613281,40.757637023925774,N,607,1.097306015943004,9
id0397717,2,2016-04-21 09:51:42,2016-04-21 09:56:53,1,-74.00738525390625,40.7266845703125,-74.00794982910156,40.73807907104492,N,311,1.2656996557948539,9
id0950489,2,2016-02-17 09:57:07,2016-02-17 10:08:54,1,-73.95919036865233,40.780250549316406,-73.96758270263672,40.802677154541016,N,707,2.589545361266772,9
id1510482,1,2016-01-25 09:38:42,2016-01-25 09:52:04,1,-73.77662658691406,40.645404815673835,-73.85440826416014,40.66685485839844,N,802,7.0270988528638165,9
id1180304,1,2016-06-08 09:22:55,2016-06-08 09:47:39,1,-74.00611877441406,40.73429870605469,-73.97494506835938,40.74170303344727,N,1484,2.774300258998967,9
id2297654,1,2016-04-05 09:10:47,2016-04-05 10:02:38,1,-73.96060180664062,40.7784309387207,-73.99340057373048,40.73855209350586,N,3111,5.231321120504367,9
id3518758,2,2016-04-20 09:37:19,2016-04-20 09:54:11,1,-73.99093627929686,40.756141662597656,-73.97061920166014,40.7588996887207,N,1012,1.7538768702934755,9
id1516759,1,2016-03-29 09:36:43,2016-03-29 09:51:30,1,-73.98905181884764,40.77416610717773,-73.9822540283203,40.75991439819336,N,887,1.6841615534947776,9
id2939239,1,2016-06-17 09:02:13,2016-06-17 09:14:51,1,-73.97576904296875,40.73263549804688,-73.99091339111328,40.733642578125,N,758,1.2921141931454732,9
id1952401,1,2016-03-01 09:00:18,2016-03-01 09:08:30,1,-73.98270416259764,40.7513427734375,-73.9940185546875,40.7540397644043,N,492,1.0072396732014899,9
id2472412,1,2016-02-08 09:29:57,2016-02-08 09:41:49,1,-73.96044921875,40.75769805908203,-73.97727966308595,40.75770568847656,N,712,1.4305880192138918,9
id2351307,2,2016-01-17 09:46:15,2016-01-17 09:55:55,1,-73.99095916748048,40.76089096069336,-73.98899078369139,40.73405838012695,N,580,2.9831121367909974,9
id0143217,2,2016-04-19 09:50:58,2016-04-19 10:10:07,1,-73.98149871826173,40.7470703125,-74.00337982177734,40.72412872314453,N,1149,3.153403052637903,9
id1545926,1,2016-01-28 09:43:41,2016-01-28 10:06:16,1,-73.99903106689453,40.761192321777344,-73.97340393066406,40.7605094909668,N,1355,2.179624811398827,9
id2431798,1,2016-02-17 09:54:14,2016-02-17 09:59:42,1,-73.96371459960938,40.77164459228516,-73.97081756591797,40.76382827758789,N,328,1.0570077437194574,9
id2165767,1,2016-05-11 09:34:58,2016-05-11 10:04:07,1,-73.96157836914062,40.79611206054688,-73.97652435302734,40.739532470703125,N,1749,6.407537684365635,9
id1282188,1,2016-01-13 09:11:38,2016-01-13 09:41:33,1,-73.87451934814453,40.774120330810554,-73.9766082763672,40.75172424316406,N,1795,9.026630270977037,9
id1934838,2,2016-05-06 09:47:47,2016-05-06 10:12:38,5,-73.99240112304686,40.74930953979492,-73.97338104248048,40.743900299072266,N,1491,1.7246020057755722,9
id3257783,1,2016-05-19 09:19:40,2016-05-19 09:25:42,1,-73.96176147460938,40.75560760498047,-73.95925903320312,40.763381958007805,N,362,0.8887815761771859,9
id3486495,1,2016-05-18 09:15:58,2016-05-18 09:25:04,3,-73.9817123413086,40.74681091308594,-73.97311401367188,40.74434280395508,N,546,0.7805173536986583,9
id0464205,2,2016-02-20 09:15:23,2016-02-20 09:22:27,6,-73.97429656982422,40.7514877319336,-73.95848846435547,40.77268981933594,N,424,2.7100075292548866,9
id2100701,2,2016-05-12 09:15:30,2016-05-12 09:59:52,1,-73.86341857910156,40.76984024047852,-73.99122619628906,40.75,N,2662,11.08462064047038,9
id1131482,1,2016-02-04 09:10:43,2016-02-04 09:23:22,1,-73.9531707763672,40.78541946411133,-73.9666519165039,40.76660537719727,N,759,2.382087835511749,9
id3778810,2,2016-02-16 09:39:18,2016-02-16 10:02:05,1,-73.98673248291014,40.75783920288086,-74.0147705078125,40.71374130249024,N,1367,5.444218742414473,9
id2771377,2,2016-04-14 09:42:11,2016-04-14 10:24:45,1,-74.00772857666014,40.73871994018555,-73.970458984375,40.762401580810554,N,2554,4.116497554174018,9
id0666860,1,2016-05-13 09:34:40,2016-05-13 09:49:05,1,-73.9910888671875,40.745094299316406,-73.97351837158203,40.7519645690918,N,865,1.676924985809069,9
id1960761,1,2016-02-27 09:35:57,2016-02-27 09:44:56,4,-73.9934844970703,40.763763427734375,-73.98902893066406,40.748268127441406,N,539,1.7611804803992663,9
id2870810,1,2016-03-28 09:42:09,2016-03-28 09:45:32,1,-73.96685028076173,40.77049255371094,-73.9643325805664,40.773334503173835,N,203,0.3811963632552181,9
id1417784,2,2016-06-13 09:12:21,2016-06-14 09:10:32,1,-73.99282836914062,40.73735809326172,-74.01527404785155,40.71004486083984,N,86291,3.582127637311257,9
id2663166,2,2016-01-18 09:55:25,2016-01-18 10:01:34,1,-73.98233032226561,40.746856689453125,-73.98883819580078,40.74907684326172,N,369,0.6055802593501685,9
id0951414,1,2016-05-03 09:00:02,2016-05-03 09:21:44,1,-73.95481872558594,40.7807731628418,-73.96271514892578,40.76492691040039,N,1302,1.882645197322944,9
id2157766,1,2016-01-06 09:02:28,2016-01-06 09:09:14,1,-73.97274780273438,40.78578186035156,-73.98091125488281,40.782329559326165,N,406,0.7926755231553247,9
id1163444,1,2016-02-05 09:50:21,2016-02-05 09:54:53,1,-73.96700286865233,40.75725555419922,-73.97216796875,40.74559783935546,N,272,1.366456310750059,9
id0546420,2,2016-03-12 09:57:14,2016-03-12 10:02:26,1,-73.9665756225586,40.76154708862305,-73.95908355712889,40.76995086669922,N,312,1.1294683555747957,9
id3946024,1,2016-04-07 09:09:01,2016-04-07 09:33:36,1,-73.97517395019531,40.75461196899414,-74.00489807128906,40.737499237060554,N,1475,3.1609503237820924,9
id0038142,2,2016-03-14 09:46:13,2016-03-14 09:57:17,1,-73.97303009033203,40.75545501708984,-73.96270751953125,40.767845153808594,N,664,1.6313575887519918,9
id0444006,1,2016-03-25 09:01:00,2016-03-25 09:09:40,1,-73.98291015625,40.76321792602539,-73.98688507080078,40.75522232055664,N,520,0.9496486325009481,9
id0642012,1,2016-02-18 09:36:50,2016-02-18 09:47:05,1,-73.98685455322266,40.76667404174805,-73.97843170166014,40.78823852539063,N,615,2.498433630346517,9
id1721603,1,2016-06-05 09:18:59,2016-06-05 09:25:40,1,-73.77623748779298,40.6455078125,-73.78849792480467,40.647499084472656,N,401,1.065319021493121,9
id0664400,1,2016-04-14 09:47:05,2016-04-14 09:52:02,1,-73.97651672363281,40.75680541992188,-73.97794342041014,40.76195907592773,N,297,0.5847684007828121,9
id0499662,1,2016-04-14 09:11:25,2016-04-14 09:16:56,1,-74.00043487548828,40.732318878173835,-73.99119567871094,40.734981536865234,N,331,0.8391059205075496,9
id2550727,2,2016-03-14 09:33:05,2016-03-14 09:42:39,1,-73.9895782470703,40.76248550415039,-73.99282836914062,40.75370407104492,N,574,1.0131318073657043,9
id0459800,2,2016-05-05 09:23:41,2016-05-05 09:25:57,5,-73.93658447265625,40.760196685791016,-73.94161987304686,40.75495147705078,N,136,0.7226131262120162,9
id2143865,2,2016-03-01 09:18:28,2016-03-01 09:32:34,2,-74.00370025634764,40.7224006652832,-73.9894790649414,40.74074935913086,N,846,2.3684104027504147,9
id2219827,1,2016-06-12 09:57:12,2016-06-12 10:01:48,2,-73.99327087402342,40.75460433959961,-73.982666015625,40.74925231933594,N,276,1.0795691478865475,9
id1589150,2,2016-03-02 09:59:15,2016-03-02 10:04:23,1,-73.95187377929686,40.77693176269531,-73.96102905273438,40.77764129638672,N,308,0.782173487452431,9
id3681645,1,2016-03-12 09:45:33,2016-03-12 09:58:36,1,-73.96688079833984,40.760845184326165,-73.98975372314453,40.77128219604492,N,783,2.2631945810909206,9
id1105339,2,2016-06-01 09:58:37,2016-06-01 10:04:56,1,-73.95558929443358,40.7796630859375,-73.9529037475586,40.78850555419922,N,379,1.0077090640280337,9
id0782893,2,2016-06-19 09:33:54,2016-06-19 09:40:20,1,-73.95810699462889,40.77899169921875,-73.9495391845703,40.78120040893555,N,386,0.7684237058958324,9
id3172491,1,2016-01-09 09:27:32,2016-01-09 09:37:00,1,-74.0059051513672,40.73567581176758,-74.00351715087889,40.71578598022461,N,568,2.217082546040915,9
id2517828,2,2016-05-27 09:50:29,2016-05-27 10:06:48,1,-73.97815704345702,40.76641082763672,-73.99166870117188,40.73852157592773,N,979,3.3018832228161616,9
id2548402,1,2016-05-18 09:29:45,2016-05-18 09:35:21,1,-74.0057373046875,40.73771286010742,-74.0071563720703,40.72669982910156,N,336,1.2283829462408957,9
id3778064,1,2016-03-05 09:13:21,2016-03-05 09:19:46,1,-74.0037384033203,40.73188400268555,-74.01559448242188,40.709938049316406,N,385,2.636227187415573,9
id1781182,1,2016-06-29 09:05:02,2016-06-29 09:17:07,1,-73.98197174072266,40.77721405029297,-73.98149871826173,40.76050567626953,N,725,1.8550652924884967,9
id1859317,2,2016-06-05 09:41:58,2016-06-05 09:51:22,1,-73.94330596923827,40.7769775390625,-73.96673583984375,40.76667022705078,N,564,2.2967844965983595,9
id3325260,2,2016-01-21 09:34:53,2016-01-21 09:40:23,1,-73.99038696289062,40.76143264770508,-73.9932861328125,40.75545120239258,N,330,0.7081979700112346,9
id3742676,1,2016-01-15 09:52:49,2016-01-15 10:28:25,2,-73.77674102783203,40.64537048339844,-73.89983367919923,40.82405090332031,N,2136,22.424106197820905,9
id3560343,1,2016-04-30 09:32:54,2016-04-30 09:39:27,1,-73.97274780273438,40.75648880004882,-73.98350524902342,40.766746520996094,N,393,1.4603157565218319,9
id2083311,2,2016-03-04 09:21:53,2016-03-04 09:39:42,2,-73.95596313476561,40.78451919555664,-73.97496795654298,40.75490188598633,N,1069,3.6629695186508315,9
id0172415,1,2016-04-14 09:22:09,2016-04-14 09:39:21,1,-73.99344635009764,40.74151992797852,-74.00821685791014,40.71184539794922,N,1032,3.5250335213509834,9
id2911915,2,2016-01-08 09:11:00,2016-01-08 09:41:53,5,-73.87093353271484,40.77384185791016,-73.96997833251953,40.68836975097656,N,1853,12.684130244001667,9
id2762888,1,2016-03-06 09:07:05,2016-03-06 09:15:57,1,-73.96646881103516,40.764625549316406,-73.98143768310547,40.74404525756836,N,532,2.6148470246295186,9
id2788965,1,2016-04-23 09:31:36,2016-04-23 09:48:19,1,-73.98595428466798,40.744983673095696,-73.9873504638672,40.78063583374024,N,1003,3.9591688634720623,9
id3580396,1,2016-04-20 09:24:03,2016-04-20 09:37:38,1,-73.96788787841797,40.76586532592773,-73.97096252441406,40.75831985473633,N,815,0.8773748601981636,9
id3457851,2,2016-04-15 09:23:04,2016-04-15 09:43:58,1,-73.98477172851561,40.76691818237305,-73.9926528930664,40.74887847900391,N,1254,2.1114920654455855,9
id2582120,2,2016-04-16 09:50:46,2016-04-16 09:55:21,1,-73.94298553466798,40.790016174316406,-73.95024871826173,40.779949188232415,N,275,1.2766395189362942,9
id3094274,2,2016-06-05 09:37:01,2016-06-05 09:46:27,5,-73.98394012451173,40.746406555175774,-73.95386505126953,40.77079772949219,N,566,3.7236017398983057,9
id3111273,2,2016-03-10 09:35:34,2016-03-10 09:39:11,6,-73.9912109375,40.74973678588867,-73.99303436279298,40.742950439453125,N,217,0.7690641882881617,9
id2928121,1,2016-01-08 09:08:52,2016-01-08 09:36:56,1,-73.94770050048828,40.78350067138672,-74.00999450683594,40.72611618041992,N,1684,8.28309899573115,9
id2111474,2,2016-01-11 09:23:21,2016-01-11 09:46:49,1,-73.99092864990233,40.76576614379882,-73.98284149169923,40.76465606689453,N,1408,0.6983646476415458,9
id3341570,2,2016-06-13 09:11:00,2016-06-13 09:14:54,1,-73.99586486816406,40.74430847167969,-74.00263977050781,40.74901580810546,N,234,0.7775883835182335,9
id0182278,2,2016-03-26 09:17:16,2016-03-26 09:22:24,1,-73.98150634765625,40.76456451416016,-73.97531890869139,40.76522064208984,N,308,0.530951066370077,9
id2627914,1,2016-04-10 09:15:10,2016-04-10 09:24:53,1,-73.97793579101561,40.6849021911621,-73.9890365600586,40.721485137939446,N,583,4.1688916625713945,9
id1621633,2,2016-01-12 09:55:23,2016-01-12 09:57:42,5,-73.95803070068358,40.773193359375,-73.9537811279297,40.779163360595696,N,139,0.7547231505965103,9
id0842837,2,2016-05-13 09:08:52,2016-05-13 09:25:11,1,-73.87071228027344,40.773719787597656,-73.9378890991211,40.79673004150391,N,979,6.255242594591501,9
id0526533,1,2016-06-06 09:49:38,2016-06-06 09:57:16,1,-73.99803161621094,40.745853424072266,-74.0047378540039,40.75133514404297,N,458,0.8337693323573792,9
id2438125,2,2016-03-22 09:57:03,2016-03-22 10:05:02,5,-73.96721649169923,40.803749084472656,-73.97669219970702,40.780418395996094,N,479,2.7120665878053316,9
id3918683,1,2016-02-15 09:48:08,2016-02-15 09:59:42,1,-73.9814224243164,40.78124237060546,-73.96753692626953,40.77106475830078,N,694,1.633795239210591,9
id1483914,2,2016-02-15 09:13:33,2016-02-15 09:16:47,1,-73.97322845458984,40.75577545166016,-73.96480560302734,40.755645751953125,N,194,0.7160871172851849,9
id0515933,2,2016-06-01 09:50:52,2016-06-01 09:58:47,5,-73.97705841064453,40.74319076538086,-73.98158264160156,40.74980163574219,N,475,0.8284674110063661,9
id2219524,1,2016-03-25 09:01:35,2016-03-25 09:10:49,1,-73.77670288085938,40.64507293701172,-73.80260467529298,40.67036056518555,N,554,3.5673675870895294,9
id1152600,2,2016-01-29 09:16:50,2016-01-29 09:19:05,1,-73.98771667480467,40.7753791809082,-73.98468017578125,40.77936172485352,N,135,0.5118945239384113,9
id3681168,2,2016-04-20 09:41:06,2016-04-20 09:57:58,5,-73.99217224121092,40.76914978027344,-73.93811798095702,40.82040023803711,N,1012,7.312517707585807,9
id0904540,2,2016-04-13 09:20:59,2016-04-13 09:51:07,1,-73.95531463623048,40.77695083618164,-74.01376342773438,40.71402359008789,N,1808,8.57156083103545,9
id0393385,2,2016-02-19 09:02:40,2016-02-19 09:13:08,5,-73.96446990966798,40.760292053222656,-73.97467803955078,40.76000595092773,N,628,0.8682720026246803,9
id0800407,1,2016-03-01 09:44:49,2016-03-01 09:50:56,1,-73.96006011962889,40.76210021972656,-73.96062469482422,40.77391815185546,N,367,1.3126679554302036,9
id0993308,1,2016-06-03 09:43:17,2016-06-03 09:54:16,2,-74.00186920166014,40.74049758911133,-73.99347686767578,40.751953125,N,659,1.4579925101591755,9
id3287391,2,2016-04-11 09:14:06,2016-04-11 09:16:29,1,-73.99262237548828,40.74271011352539,-73.99131774902342,40.74312973022461,N,143,0.1202778947796875,9
id3978981,2,2016-04-03 09:48:42,2016-04-03 09:53:18,1,-73.98949432373048,40.75789642333984,-73.99149322509764,40.7497444152832,N,276,0.920686272866894,9
id0803970,2,2016-05-28 09:38:58,2016-05-28 09:46:04,1,-73.99758148193358,40.7652702331543,-73.9850082397461,40.75968170166016,N,426,1.2357103057811298,9
id2795179,1,2016-03-17 09:12:18,2016-03-17 09:39:19,1,-74.01360321044923,40.70975112915039,-74.17733001708984,40.690826416015625,N,1621,14.074424581099871,9
id1337691,1,2016-03-21 09:57:30,2016-03-21 10:08:25,1,-73.99626922607422,40.73797607421875,-73.98052978515625,40.73733901977539,N,655,1.3397199660542245,9
id2402470,1,2016-05-13 09:42:11,2016-05-13 10:19:03,1,-73.98137664794923,40.77364349365234,-73.92685699462889,40.83381652832031,N,2212,8.12941207235128,9
id2016641,1,2016-06-30 09:13:08,2016-06-30 10:40:10,1,-73.94520568847656,40.793758392333984,-74.00791168212889,40.71729278564453,N,5222,10.022462391855052,9
id3135761,1,2016-03-05 09:41:00,2016-03-05 09:42:59,1,-73.94640350341797,40.76559066772461,-73.95222473144531,40.75882339477539,N,119,0.8994907922793361,9
id2807618,2,2016-06-23 09:15:05,2016-06-23 09:24:11,1,-73.97193908691406,40.746429443359375,-73.9693832397461,40.761280059814446,N,546,1.6626724187004367,9
id1101766,1,2016-02-25 09:24:01,2016-02-25 09:33:46,2,-74.00486755371092,40.751567840576165,-73.9915542602539,40.75502395629882,N,585,1.1948880368849586,9
id1085610,2,2016-03-30 09:25:30,2016-03-30 09:37:55,1,-73.96234130859375,40.767189025878906,-73.97622680664062,40.75576019287109,N,745,1.7327371747026807,9
id3821332,2,2016-03-29 09:23:17,2016-03-29 09:35:39,1,-73.95448303222656,40.764896392822266,-73.97086334228516,40.75547790527344,N,742,1.7411326226443662,9
id2860601,2,2016-02-16 09:13:24,2016-02-16 09:17:59,1,-73.98773193359375,40.73270034790039,-73.99394226074217,40.7292594909668,N,275,0.6515592186282073,9
id3888569,1,2016-04-07 09:37:15,2016-04-07 09:48:59,2,-73.9533462524414,40.76744079589844,-73.96784973144531,40.76383972167969,N,704,1.295978682383764,9
id3268885,1,2016-04-17 09:34:11,2016-04-17 09:41:12,1,-73.99072265625,40.756378173828125,-73.97400665283203,40.757518768310554,N,421,1.4264897620666128,9
id1028959,1,2016-04-06 09:23:22,2016-04-06 09:43:02,1,-73.99482727050781,40.7186279296875,-73.99872589111328,40.74541473388672,N,1180,2.9917448308105,9
id2342978,2,2016-03-08 09:57:11,2016-03-08 10:13:05,2,-73.95854187011719,40.76847839355469,-73.97589111328125,40.75413131713867,N,954,2.17044586054988,9
id3215235,1,2016-03-29 09:52:35,2016-03-29 10:09:49,2,-73.95307922363281,40.76807022094727,-73.87297058105469,40.7744255065918,N,1034,6.845678713278929,9
id3131357,1,2016-04-29 09:08:18,2016-04-29 09:22:22,1,-73.99671936035155,40.72359848022461,-73.97747039794923,40.75104904174805,N,844,3.458512625856593,9
id3877061,2,2016-04-14 09:40:30,2016-04-14 09:54:50,1,-73.98973083496092,40.76746368408203,-73.96959686279298,40.767742156982415,N,860,1.7116667588234766,9
id2998658,1,2016-06-08 09:25:12,2016-06-08 09:36:48,1,-73.95417022705078,40.789695739746094,-73.96737670898438,40.77179336547852,N,696,2.282310149166247,9
id3900975,2,2016-02-01 09:04:13,2016-02-01 09:07:13,3,-74.0022735595703,40.73995971679688,-73.99600219726561,40.74856948852539,N,180,1.0942999203508126,9
id0599207,2,2016-02-03 09:23:26,2016-02-03 09:25:23,5,-73.99873352050781,40.75537109375,-74.00084686279298,40.75762939453125,N,117,0.30839025914049684,9
id3956580,2,2016-02-15 09:53:42,2016-02-15 10:08:18,2,-73.98473358154298,40.72836685180664,-73.97588348388672,40.76046752929688,N,876,3.6417180103747455,9
id0867486,1,2016-01-19 09:11:00,2016-01-19 09:37:07,1,-74.00289154052734,40.76039505004882,-73.95443725585938,40.76382446289063,N,1567,4.136168348994506,9
id2241914,1,2016-06-15 09:41:37,2016-06-15 09:49:10,1,-74.00847625732422,40.7054100036621,-74.0147705078125,40.7157096862793,N,453,1.2622564785029873,9
id3611062,1,2016-01-16 09:01:11,2016-01-16 09:08:31,4,-73.99990844726561,40.733360290527344,-74.01113891601561,40.71349334716797,N,440,2.402974046232448,9
id3855520,1,2016-05-11 09:12:32,2016-05-11 09:19:48,1,-73.96642303466798,40.765670776367195,-73.95626068115233,40.7662467956543,N,436,0.8661631545022832,9
id1626767,1,2016-03-07 09:22:47,2016-03-07 09:35:42,4,-73.87080383300781,40.77375411987305,-73.89260864257811,40.74710464477539,N,775,3.4907636625117004,9
id3822178,1,2016-03-01 09:45:27,2016-03-01 09:55:55,1,-73.98616790771484,40.722461700439446,-73.98488616943358,40.73961639404297,N,628,1.9072851837637899,9
id3758578,1,2016-04-08 09:54:01,2016-04-08 10:02:20,2,-73.96431732177734,40.79226303100586,-73.9543228149414,40.784400939941406,N,499,1.2179072097007477,9
id2666286,1,2016-04-07 09:44:31,2016-04-07 10:00:16,1,-73.97821044921875,40.75428771972656,-73.97852325439453,40.76010894775391,N,945,0.6467031184632548,9
id1650453,2,2016-05-05 09:22:16,2016-05-05 09:47:25,1,-74.00409698486328,40.738128662109375,-73.9740219116211,40.75131988525391,N,1509,2.946021397284827,9
id0112361,1,2016-03-15 09:59:25,2016-03-15 10:06:44,2,-73.98422241210938,40.737335205078125,-73.97502899169923,40.749805450439446,N,439,1.5895444654927477,9
id3163358,2,2016-05-26 09:19:54,2016-05-26 09:27:32,1,-73.95918273925781,40.78316879272461,-73.97464752197266,40.79064178466797,N,458,1.5543491122644646,9
id3298038,1,2016-03-02 09:40:41,2016-03-02 09:49:54,1,-73.98920440673827,40.734962463378906,-73.98489379882812,40.74479675292969,N,553,1.1514574029003026,9
id3692031,2,2016-01-28 09:06:47,2016-01-28 09:22:13,2,-73.98726654052734,40.74542617797852,-73.99858856201173,40.75540542602539,N,926,1.4673619667553706,9
id1914258,1,2016-02-06 09:39:40,2016-02-06 09:47:37,1,-74.00682830810547,40.733074188232415,-73.9906997680664,40.72974395751953,N,477,1.419888411726759,9
id0747971,2,2016-02-18 09:46:00,2016-02-18 10:05:18,1,-73.95911407470702,40.77180099487305,-73.97119903564453,40.75836563110352,N,1158,1.8108660258378133,9
id3491338,1,2016-03-26 09:28:07,2016-03-26 09:30:58,1,-73.97370147705078,40.75206756591797,-73.96641540527342,40.761348724365234,N,171,1.2020325149977567,9
id2785347,1,2016-06-17 09:27:20,2016-06-17 09:38:49,1,-73.9776840209961,40.7787971496582,-73.96390533447266,40.77448654174805,N,689,1.2651572466209586,9
id0425704,2,2016-03-17 09:13:04,2016-03-17 09:29:06,1,-73.95942687988281,40.77137756347656,-73.98318481445312,40.76234817504882,N,962,2.2544632201128123,9
id2898090,2,2016-03-14 09:14:06,2016-03-14 09:17:59,1,-73.97016143798828,40.7564811706543,-73.9636993408203,40.75740051269531,N,233,0.558677178251171,9
id0158631,1,2016-06-29 09:31:45,2016-06-29 09:43:36,1,-73.99815368652342,40.74057769775391,-74.01164245605469,40.71358108520508,N,711,3.208476543860216,9
id3079030,2,2016-06-02 09:58:28,2016-06-02 10:04:45,2,-73.96363830566406,40.77703857421875,-73.97936248779298,40.78446960449219,N,377,1.5705886706847494,9
id2300681,1,2016-05-09 09:28:46,2016-05-09 09:53:24,4,-73.9749526977539,40.74690246582031,-73.77655792236328,40.64644241333008,N,1478,20.216967797722674,9
id3974991,2,2016-04-19 09:37:49,2016-04-19 09:53:01,2,-73.9548568725586,40.780609130859375,-73.96656036376953,40.76448822021485,N,912,2.047351554254187,9
id2029711,2,2016-01-02 09:50:35,2016-01-02 09:55:54,1,-74.00121307373048,40.72771072387695,-73.99884796142578,40.717193603515625,N,319,1.1845836776792151,9
id1399647,1,2016-03-29 09:08:07,2016-03-29 09:18:35,1,-73.99478912353516,40.760417938232415,-73.97724914550781,40.76387405395508,N,628,1.5394636507073896,9
id3517657,2,2016-06-05 09:03:37,2016-06-05 09:09:44,2,-74.00167846679686,40.74739837646485,-74.00570678710938,40.724571228027344,N,367,2.556844430702969,9
id3023827,1,2016-01-26 09:27:52,2016-01-26 09:48:15,1,-73.9958724975586,40.72903060913086,-73.98941802978516,40.701690673828125,N,1223,3.083925727815323,9
id2174245,2,2016-06-10 09:12:27,2016-06-10 09:16:18,1,-73.95646667480467,40.81327819824219,-73.96623229980467,40.804080963134766,N,231,1.315770652108581,9
id1898535,2,2016-02-04 09:22:13,2016-02-04 09:47:54,1,-73.95368957519531,40.767311096191406,-74.0136489868164,40.713481903076165,N,1541,7.853402446546314,9
id3831076,2,2016-02-17 09:48:02,2016-02-17 10:02:11,1,-73.98062896728516,40.74517059326172,-73.98097229003906,40.75939178466797,N,849,1.5788219684646445,9
id1900058,1,2016-01-25 09:05:50,2016-01-25 09:12:38,1,-73.98833465576173,40.76897811889648,-73.98213958740233,40.76662063598633,N,408,0.5880170814177847,9
id0857436,1,2016-04-07 09:17:12,2016-04-07 09:33:47,1,-73.9720001220703,40.74946975708008,-73.99395751953125,40.751590728759766,N,995,1.8811687966875785,9
id3283962,1,2016-02-02 09:26:18,2016-02-02 09:32:39,2,-73.9797134399414,40.73971939086913,-73.98045349121092,40.74518203735352,N,381,0.6096079397676504,9
id1119131,2,2016-01-07 09:53:51,2016-01-07 09:59:58,1,-73.96721649169923,40.75653076171875,-73.97525787353516,40.75072860717773,N,367,0.9391392573435517,9
id0389579,1,2016-06-24 09:10:16,2016-06-24 09:27:07,1,-73.9729232788086,40.74905014038086,-73.99228668212889,40.72502136230469,N,1011,3.1341469840762093,9
id0110497,1,2016-02-18 09:19:29,2016-02-18 09:35:33,1,-73.9473876953125,40.78349304199219,-73.96738433837889,40.77012634277344,N,964,2.256192886184531,9
id2053644,1,2016-01-11 10:36:41,2016-01-11 10:45:19,1,-73.97669219970702,40.747753143310554,-73.97691345214844,40.75177001953125,N,518,0.44626970238963704,10
id1299608,1,2016-01-19 10:27:16,2016-01-19 10:38:36,1,-73.96928405761719,40.75481796264648,-73.97712707519531,40.74954605102539,N,680,0.8870564111732502,10
id1832385,2,2016-02-20 10:58:33,2016-02-20 11:06:47,1,-73.95845031738281,40.78138732910156,-73.97942352294923,40.78669738769531,N,494,1.8776344775637048,10
id0225755,2,2016-06-23 10:42:56,2016-06-23 10:48:39,1,-73.96768951416014,40.76301956176758,-73.95870971679686,40.76551055908203,N,343,0.8118209372189027,10
id0208425,2,2016-03-12 10:42:41,2016-03-12 10:46:14,2,-74.00273132324217,40.72858810424805,-73.99842071533203,40.73241424560546,N,213,0.5609115006578687,10
id1346624,1,2016-01-12 10:50:58,2016-01-12 10:56:27,1,-73.99597930908203,40.74873733520508,-73.99112701416014,40.75436782836913,N,329,0.7488102971784527,10
id1662613,2,2016-06-13 10:00:09,2016-06-13 10:15:38,1,-73.97876739501953,40.762310028076165,-73.99446868896483,40.754291534423835,N,929,1.604175112514684,10
id3821427,2,2016-04-03 10:53:19,2016-04-03 10:57:44,1,-73.96633148193358,40.76483154296875,-73.9764633178711,40.75,N,265,1.857951489865302,10
id3054674,1,2016-06-29 10:50:23,2016-06-29 11:09:00,1,-73.9704818725586,40.75214385986328,-73.87021636962889,40.77318954467773,N,1117,8.836933224883577,10
id1585369,2,2016-02-19 10:09:33,2016-02-19 10:15:55,4,-73.98826599121092,40.72365188598633,-73.98777770996092,40.73599243164063,N,382,1.3704291916430023,10
id0259449,1,2016-04-18 10:27:38,2016-04-18 10:46:37,2,-74.00994110107422,40.70772552490234,-73.99542999267578,40.73509979248047,N,1139,3.2793493947212324,10
id3885288,1,2016-04-20 10:55:20,2016-04-20 11:02:25,1,-73.9903564453125,40.74078369140625,-74.0013656616211,40.74017333984375,N,425,0.9382326343299393,10
id0059958,1,2016-01-17 10:44:31,2016-01-17 10:49:33,1,-73.95997619628906,40.813777923583984,-73.96602630615233,40.80055618286133,N,302,1.5551048939727672,10
id2982848,1,2016-06-27 10:26:09,2016-06-27 11:17:04,2,-73.79024505615233,40.6469612121582,-73.9902114868164,40.745235443115234,N,3055,20.196461275637382,10
id0611080,2,2016-03-03 10:57:26,2016-03-03 11:05:35,1,-73.96372985839844,40.76158905029297,-73.97234344482422,40.749549865722656,N,489,1.5237718566179987,10
id1466413,1,2016-03-09 10:58:22,2016-03-09 11:03:42,1,-73.98204803466798,40.77140808105469,-73.985595703125,40.77817535400391,N,320,0.8094354872865671,10
id0491180,2,2016-06-25 10:59:52,2016-06-25 11:11:27,1,-73.95589447021484,40.78478240966797,-73.97570037841797,40.76555252075195,N,695,2.7185189589856926,10
id2290271,1,2016-01-17 10:58:36,2016-01-17 11:08:35,1,-73.97638702392578,40.73355102539063,-73.9733123779297,40.762893676757805,N,599,3.2675026556416835,10
id0532910,1,2016-05-04 10:14:01,2016-05-04 10:15:47,1,-73.9782943725586,40.75236129760742,-73.97337341308594,40.74958801269531,N,106,0.5193472979610759,10
id0889437,1,2016-06-06 10:09:55,2016-06-06 10:16:03,1,-73.96648406982422,40.76144790649414,-73.95490264892578,40.765724182128906,N,368,1.0928827209668928,10
id2161937,1,2016-04-18 10:09:37,2016-04-18 11:03:43,2,-73.79224395751953,40.65650939941406,-73.98642730712889,40.75152206420898,N,3246,19.587266322226235,10
id3373651,1,2016-03-12 10:35:28,2016-03-12 10:48:11,1,-73.9480209350586,40.782936096191406,-73.97868347167967,40.746124267578125,N,763,4.846565828163712,10
id2357915,2,2016-02-04 10:38:19,2016-02-04 10:46:15,5,-73.98043060302734,40.748340606689446,-73.96988677978516,40.75313568115234,N,476,1.0423592208891337,10
id3551364,1,2016-02-03 10:44:31,2016-02-03 11:05:20,1,-73.99207305908203,40.75032806396485,-73.99701690673827,40.725189208984375,N,1249,2.821877910630291,10
id2023824,1,2016-05-05 10:42:47,2016-05-05 11:22:31,2,-73.9803695678711,40.76327896118164,-73.8719024658203,40.774410247802734,N,2384,9.3021274998383,10
id3255740,1,2016-04-21 10:10:48,2016-04-21 10:37:28,1,-73.9635238647461,40.77428817749024,-74.01189422607422,40.70783615112305,N,1600,8.444656902599055,10
id1965714,2,2016-04-09 10:22:53,2016-04-09 10:31:19,1,-74.00814819335938,40.73877334594727,-73.99626922607422,40.72671127319336,N,506,1.67694525863107,10
id3695603,2,2016-03-21 10:03:55,2016-03-21 10:17:54,1,-73.97527313232422,40.75756454467773,-73.96260833740233,40.778621673583984,N,839,2.573331097546533,10
id1556095,2,2016-03-04 10:51:09,2016-03-04 10:56:26,1,-73.95784759521484,40.77351760864258,-73.95173645019531,40.78380584716797,N,317,1.2545823644209362,10
id1942975,2,2016-02-12 10:47:01,2016-02-12 10:53:45,1,-73.96314239501953,40.76458740234375,-73.95272827148438,40.76431274414063,N,404,0.8857253450847189,10
id2520805,1,2016-02-26 10:35:57,2016-02-26 11:03:05,1,-74.00464630126953,40.7468147277832,-73.97216796875,40.752716064453125,N,1628,2.837309010134215,10
id0923158,2,2016-06-03 10:13:33,2016-06-03 10:30:50,1,-73.9796371459961,40.73640823364258,-73.97090911865233,40.76456069946289,N,1037,3.211781055995656,10
id2915199,2,2016-04-04 10:49:44,2016-04-04 10:57:47,1,-73.98059844970702,40.73408889770508,-73.97467041015625,40.745059967041016,N,483,1.3179179606954299,10
id3712179,2,2016-03-21 10:36:33,2016-03-21 10:52:44,1,-73.97300720214845,40.75563049316406,-73.96118927001953,40.77842712402344,N,971,2.72252177228327,10
id0149313,1,2016-05-23 10:48:00,2016-05-23 11:21:04,1,-73.95216369628906,40.77812957763672,-73.99139404296875,40.75042343139648,N,1984,4.536231487027403,10
id1650232,2,2016-02-18 10:43:44,2016-02-18 11:11:56,1,-73.9765625,40.78497695922852,-73.97525787353516,40.75465393066406,N,1692,3.367682448557789,10
id0089752,2,2016-02-14 10:15:09,2016-02-14 10:20:43,3,-73.96414947509764,40.79256057739258,-73.97826385498048,40.778282165527344,N,334,1.9877759847409358,10
id0006652,1,2016-01-18 10:19:29,2016-01-18 10:27:00,3,-73.98136138916014,40.76870346069336,-73.97245025634764,40.78572845458984,N,451,2.035920398942163,10
id0955371,2,2016-05-15 10:26:38,2016-05-15 10:33:38,1,-73.9662857055664,40.764766693115234,-73.95203399658203,40.76787567138672,N,420,1.259591259095151,10
id3314974,2,2016-05-24 10:07:25,2016-05-24 10:21:38,1,-73.99025726318358,40.756126403808594,-73.99369049072266,40.74322509765625,N,853,1.4614767459573432,10
id0333825,1,2016-06-01 10:20:28,2016-06-01 10:34:12,1,-73.96443176269531,40.7561912536621,-73.95949554443358,40.77532196044922,N,824,2.164563307699613,10
id3455764,2,2016-03-06 10:18:06,2016-03-06 10:24:16,2,-73.99122619628906,40.73170852661133,-73.9813003540039,40.74713134765625,N,370,1.908543687007782,10
id3233798,2,2016-05-21 10:02:55,2016-05-21 10:08:18,5,-73.99709320068358,40.72481155395508,-74.00953674316406,40.71318054199219,N,323,1.668988296020803,10
id2642901,1,2016-01-05 10:53:00,2016-01-05 11:23:03,1,-73.95993041992188,40.77633285522461,-73.97283172607422,40.75901412963867,N,1803,2.213164021679471,10
id2752979,2,2016-01-30 10:42:18,2016-01-30 10:53:01,1,-73.9951629638672,40.74491882324219,-74.0081329345703,40.74633026123047,N,643,1.1135240817242262,10
id3246904,1,2016-01-05 10:16:41,2016-01-05 10:25:16,1,-73.96379089355469,40.76820373535156,-73.97724151611328,40.76097106933594,N,515,1.3970222014563374,10
id0567779,1,2016-06-04 10:14:47,2016-06-04 10:19:40,1,-73.96662139892578,40.76417922973633,-73.97933197021484,40.76029586791992,N,293,1.1632144581568555,10
id0947917,1,2016-03-05 10:21:04,2016-03-05 10:22:28,1,-73.95586395263672,40.7763557434082,-73.95168304443358,40.782020568847656,N,84,0.7222720324235353,10
id2811869,1,2016-05-26 10:18:45,2016-05-26 10:30:23,1,-74.00716400146483,40.7436408996582,-73.99475860595702,40.760906219482415,N,698,2.1873878252928134,10
id2567966,1,2016-03-23 10:27:06,2016-03-23 10:31:06,3,-73.97596740722656,40.74468612670898,-73.97673797607422,40.73948669433594,N,240,0.580841754078267,10
id2255889,2,2016-04-25 10:00:06,2016-04-25 10:08:25,4,-73.98023986816406,40.783100128173835,-73.95368194580078,40.78226089477539,N,499,2.259344650020493,10
id0808309,2,2016-02-08 10:01:50,2016-02-08 10:21:50,3,-73.97735595703125,40.781883239746094,-74.00404357910156,40.74285888671875,N,1200,4.889734988517241,10
id0777283,1,2016-02-27 10:34:07,2016-02-27 10:53:59,1,-74.01040649414062,40.71127700805664,-73.99374389648438,40.75675582885742,N,1192,5.243069142809335,10
id1616800,1,2016-06-17 10:25:09,2016-06-17 10:29:46,1,-73.97250366210938,40.76224136352539,-73.96517944335938,40.76570510864258,N,277,0.731710853206433,10
id2161843,1,2016-02-13 10:55:03,2016-02-13 11:05:25,1,-73.99725341796875,40.724803924560554,-73.9786605834961,40.744525909423835,N,622,2.6999945985245883,10
id1955296,2,2016-03-01 10:01:53,2016-03-01 10:22:01,2,-73.99878692626953,40.76055908203125,-73.98019409179686,40.74968338012695,N,1208,1.9887117341190201,10
id0291347,1,2016-05-31 10:40:37,2016-05-31 10:57:47,1,-73.98564910888672,40.72712707519531,-74.00566101074217,40.74840545654297,N,1030,2.9106724011118636,10
id0428980,2,2016-03-09 10:00:43,2016-03-09 10:21:21,1,-73.99410247802734,40.74118041992188,-73.99720764160156,40.76241302490234,N,1238,2.371552289976365,10
id0556973,1,2016-02-26 10:11:06,2016-02-26 10:24:08,1,-73.97186279296875,40.756702423095696,-73.97985076904298,40.73934173583984,N,782,2.043154405321323,10
id3155098,2,2016-01-06 10:14:34,2016-01-06 10:33:42,1,-73.9516372680664,40.76955032348633,-73.8856430053711,40.773250579833984,N,1148,5.624528996614045,10
id1428699,2,2016-03-17 10:10:48,2016-03-17 10:16:04,1,-73.9832992553711,40.73891830444336,-73.98219299316406,40.7475814819336,N,316,0.9661992851565211,10
id2313265,1,2016-03-03 10:52:56,2016-03-03 11:02:21,1,-73.96133422851561,40.771759033203125,-73.96968078613281,40.76460647583008,N,565,1.0647350779510247,10
id3906599,1,2016-02-01 10:04:55,2016-02-01 10:19:36,1,-74.00025177001953,40.761226654052734,-74.0050277709961,40.72153472900391,N,881,4.424467161070414,10
id2787626,2,2016-06-06 10:31:37,2016-06-06 10:58:15,1,-73.98262023925781,40.7482795715332,-74.01467895507811,40.71165084838867,N,1598,4.894508080749731,10
id0174542,2,2016-05-21 10:19:32,2016-05-21 10:47:55,2,-73.98795318603516,40.74972152709961,-73.87251281738281,40.77447891235352,N,1703,10.18998018330919,10
id0298699,2,2016-03-16 10:58:33,2016-03-16 11:05:56,6,-73.97859954833984,40.74492645263672,-73.97161865234375,40.75474548339844,N,443,1.2409691125302922,10
id2201343,1,2016-05-29 10:52:40,2016-05-29 11:18:26,2,-73.86279296875,40.76862335205078,-73.98523712158203,40.76255035400391,N,1546,10.42956072316651,10
id1937387,1,2016-02-14 10:01:01,2016-02-14 10:05:58,1,-73.87537384033203,40.77368927001953,-73.89199829101561,40.76112365722656,N,297,1.985499931445379,10
id3934208,2,2016-03-26 10:41:43,2016-03-26 10:56:09,6,-73.97550201416014,40.757598876953125,-74.01431274414062,40.712188720703125,N,866,6.024096331050923,10
id0221316,1,2016-02-27 10:47:22,2016-02-27 11:05:23,1,-74.0073013305664,40.743614196777344,-74.01319122314453,40.70620727539063,N,1081,4.182241343447689,10
id2305323,2,2016-06-07 10:52:53,2016-06-07 11:02:02,1,-73.98251342773438,40.77331161499024,-73.9798355102539,40.76587677001953,N,549,0.8560836126107338,10
id0433476,2,2016-05-14 10:42:07,2016-05-14 10:59:49,1,-73.9865493774414,40.76129531860352,-74.01437377929686,40.71404266357422,N,1062,5.753613626500736,10
id2421332,2,2016-01-15 10:50:57,2016-01-15 10:57:11,1,-73.95793914794923,40.77616882324219,-73.97246551513672,40.781097412109375,N,374,1.350509209100324,10
id0568637,2,2016-01-12 10:15:45,2016-01-12 10:22:21,1,-73.96517944335938,40.755313873291016,-73.95426177978516,40.76704025268555,N,396,1.5985688441489487,10
id1541991,1,2016-01-13 10:39:48,2016-01-13 10:50:15,1,-73.9912109375,40.75036239624024,-73.99166870117188,40.741035461425774,N,627,1.036020693588661,10
id3255980,2,2016-04-09 10:09:47,2016-04-09 10:15:51,1,-73.98439788818358,40.7401237487793,-73.9973907470703,40.724708557128906,N,364,2.0365412209487284,10
id2198709,2,2016-02-02 10:12:24,2016-02-02 10:19:41,6,-73.97074127197266,40.75593948364258,-73.96015167236328,40.76293182373047,N,437,1.188535732625972,10
id0810213,1,2016-04-22 10:24:40,2016-04-22 10:33:38,1,-73.95496368408203,40.76748275756836,-73.96966552734375,40.76474380493164,N,538,1.2861074010736184,10
id3019222,2,2016-04-12 10:38:52,2016-04-12 11:05:55,6,-73.9973907470703,40.74086380004882,-73.9793472290039,40.74967193603516,N,1623,1.8188282142348815,10
id1796842,1,2016-01-30 10:49:11,2016-01-30 10:55:24,1,-73.98097229003906,40.76966094970703,-73.9736328125,40.764602661132805,N,373,0.8393118578566809,10
id0759699,2,2016-01-20 10:15:15,2016-01-20 10:29:24,6,-73.99140167236328,40.749881744384766,-73.97660064697266,40.7501106262207,N,849,1.258343655988585,10
id1673273,1,2016-05-09 10:27:42,2016-05-09 10:31:28,1,-73.99602508544923,40.738525390625,-73.99030303955078,40.73468399047852,N,226,0.6468173025970934,10
id1023613,1,2016-05-16 10:59:16,2016-05-16 11:09:46,1,-74.00426483154298,40.7423095703125,-74.00057983398438,40.728965759277344,N,630,1.5139199704617976,10
id0080862,1,2016-06-02 10:37:18,2016-06-02 10:47:43,1,-73.99150085449217,40.7498893737793,-73.99492645263672,40.7288932800293,N,625,2.348685407855257,10
id2424563,2,2016-03-01 10:18:52,2016-03-01 11:01:57,1,-73.97427368164062,40.75115966796875,-73.97564697265625,40.75215911865234,N,2585,0.16103819052019686,10
id0223224,2,2016-05-17 10:26:09,2016-05-17 10:48:22,1,-73.95626068115233,40.771499633789055,-73.97727203369139,40.757606506347656,N,1333,2.3596308686309593,10
id2632592,2,2016-04-29 10:41:06,2016-04-29 10:46:35,1,-73.98867797851561,40.74858856201172,-73.97374725341797,40.75112915039063,N,329,1.3000658955137616,10
id2153922,1,2016-03-17 10:35:49,2016-03-17 10:40:32,1,-73.97309875488281,40.74419403076172,-73.9700698852539,40.75682830810546,N,283,1.4258406999226159,10
id3740140,2,2016-03-31 10:20:40,2016-03-31 10:45:56,1,-73.9941864013672,40.75104904174805,-73.97576141357422,40.75484848022461,N,1516,1.6219145873533045,10
id2047403,1,2016-04-30 10:00:34,2016-04-30 10:06:11,1,-73.99378204345702,40.749977111816406,-73.99611663818358,40.7590217590332,N,337,1.023379686816862,10
id3644593,2,2016-01-06 10:48:30,2016-01-06 10:54:47,1,-73.9699935913086,40.794483184814446,-73.95943450927734,40.80904769897461,N,377,1.8490913207312358,10
id1502631,2,2016-03-17 10:59:39,2016-03-17 11:00:59,3,-73.9558334350586,40.776248931884766,-73.95301818847656,40.780216217041016,N,80,0.501185700301784,10
id0819768,1,2016-03-31 10:08:02,2016-03-31 10:18:06,1,-73.98167419433594,40.760601043701165,-73.97267913818358,40.78053665161133,N,604,2.3412172728561895,10
id2345875,1,2016-01-14 10:24:01,2016-01-14 10:31:10,1,-74.00880432128906,40.71920776367188,-74.0016098022461,40.7210693359375,N,429,0.6455012035191333,10
id2092819,2,2016-05-18 10:49:04,2016-05-18 11:00:50,6,-73.78182220458984,40.64476013183594,-73.73496246337889,40.68951034545898,N,706,6.367002317332865,10
id0973259,1,2016-05-04 10:58:36,2016-05-04 11:08:01,1,-73.97119903564453,40.7509651184082,-73.98515319824217,40.732471466064446,N,565,2.370825018780836,10
id0026510,2,2016-04-04 10:06:50,2016-04-04 10:18:11,1,-73.98206329345702,40.75894165039063,-73.99413299560547,40.75640106201172,N,681,1.0639776545150483,10
id1545191,2,2016-02-14 10:35:45,2016-02-14 10:42:05,5,-73.96295928955078,40.762489318847656,-73.97737884521484,40.75852966308594,N,380,1.3020857533516845,10
id3862404,2,2016-05-23 10:30:56,2016-05-23 10:57:27,3,-73.96591949462889,40.76530838012695,-73.9915771484375,40.74998092651367,N,1591,2.766027859857962,10
id2206050,1,2016-04-06 10:59:22,2016-04-06 11:05:56,2,-73.9598388671875,40.77375793457031,-73.9619598388672,40.77965927124024,N,394,0.6794042837454101,10
id2769526,1,2016-06-13 10:02:58,2016-06-13 10:26:59,1,-73.99465179443358,40.7506103515625,-73.95829772949219,40.76482772827149,N,1441,3.4697522791429356,10
id0844766,1,2016-06-28 10:11:12,2016-06-28 10:46:54,1,-73.97866821289062,40.74489974975586,-73.98206329345702,40.77486038208008,N,2142,3.3381275635207213,10
id1878821,2,2016-01-31 10:05:10,2016-01-31 10:16:46,6,-73.97872924804686,40.761505126953125,-73.99691009521484,40.726688385009766,N,696,4.162181982259196,10
id1279869,1,2016-01-07 10:16:19,2016-01-07 10:22:37,2,-74.00680541992188,40.748783111572266,-73.99227905273438,40.74526596069336,N,378,1.29499071197256,10
id0676258,2,2016-01-08 10:50:21,2016-01-08 11:10:53,5,-74.00826263427734,40.72996139526367,-73.97779083251953,40.763721466064446,N,1232,4.555370478283404,10
id2794469,1,2016-02-11 10:25:19,2016-02-11 10:34:19,1,-73.95375061035155,40.78508758544922,-73.9515151977539,40.76994323730469,N,540,1.691727211104223,10
id0861483,2,2016-06-18 10:23:27,2016-06-18 10:32:38,1,-73.98564147949219,40.71807098388672,-73.98472595214844,40.73655319213867,N,551,2.053000542251272,10
id0987081,2,2016-06-21 10:19:38,2016-06-21 10:23:42,2,-73.9609832763672,40.76533889770508,-73.95868682861328,40.772491455078125,N,244,0.817577684183881,10
id2468737,2,2016-05-15 10:40:49,2016-05-15 10:52:31,3,-73.94770812988281,40.77857208251953,-73.97759246826173,40.78872680664063,N,702,2.779024904109486,10
id2314319,2,2016-06-03 10:21:28,2016-06-03 10:38:16,1,-73.96575927734375,40.75455093383789,-74.00456237792967,40.70639419555664,N,1008,6.281068514152211,10
id2950299,1,2016-05-31 10:21:14,2016-05-31 10:35:34,1,-73.99993896484375,40.7463493347168,-73.99855041503906,40.726089477539055,N,860,2.251939232322968,10
id1168288,1,2016-04-18 10:40:06,2016-04-18 10:47:47,1,-73.97592163085938,40.75412368774414,-73.98928833007811,40.73982620239258,N,461,1.9517982058645595,10
id3632466,1,2016-06-01 10:46:44,2016-06-01 11:01:27,2,-73.97037506103516,40.75746154785156,-73.97470092773438,40.74166870117188,N,883,1.79115389692888,10
id3540686,2,2016-04-02 10:01:57,2016-04-02 10:17:07,1,-73.94901275634764,40.77693176269531,-73.97540283203125,40.75244903564453,N,910,3.523777309799551,10
id3729539,2,2016-02-24 10:10:08,2016-02-24 10:17:30,1,-73.9826431274414,40.74253845214844,-73.99080657958984,40.745750427246094,N,442,0.7801289584663591,10
id0910649,1,2016-06-24 10:20:09,2016-06-24 10:38:51,3,-73.91696166992188,40.743194580078125,-73.92473602294923,40.76850509643555,N,1122,2.8861375019082307,10
id0854173,2,2016-05-22 10:30:13,2016-05-22 10:32:48,1,-73.98477172851561,40.69668960571289,-73.99784851074217,40.71696853637695,N,155,2.5104417792742857,10
id0436752,1,2016-05-15 10:02:18,2016-05-15 10:17:11,1,-73.87200927734375,40.77211380004882,-73.83413696289062,40.75796127319336,N,893,3.58200059124929,10
id3879854,2,2016-03-28 10:48:15,2016-03-28 10:56:53,1,-73.99038696289062,40.750858306884766,-73.99897003173827,40.763580322265625,N,518,1.589468114446082,10
id2891653,1,2016-06-13 10:31:35,2016-06-13 10:32:38,1,-73.9728775024414,40.793506622314446,-73.97559356689453,40.78976821899414,N,63,0.474860999089381,10
id2905480,1,2016-02-14 10:43:02,2016-02-14 10:55:09,1,-73.9646759033203,40.8071517944336,-73.95947265625,40.779979705810554,N,727,3.0483566643599693,10
id1717097,2,2016-05-10 10:37:48,2016-05-10 10:39:13,2,-73.99504852294923,40.73411560058594,-73.99691009521484,40.7314338684082,N,85,0.3371152132419639,10
id0384201,1,2016-03-28 10:04:21,2016-03-28 10:08:41,1,-73.99589538574217,40.74372100830078,-74.003662109375,40.74781799316406,N,260,0.8016470028218443,10
id0016237,1,2016-06-16 10:15:45,2016-06-16 10:44:35,1,-73.9901123046875,40.7559700012207,-73.95374298095702,40.76490020751953,N,1730,3.246427267757484,10
id1363508,1,2016-06-22 10:37:20,2016-06-22 10:45:30,1,-73.9583511352539,40.77876663208008,-73.974365234375,40.78729248046875,N,490,1.657852756160555,10
id0191051,1,2016-03-23 10:56:09,2016-03-23 11:17:51,1,-73.97774505615233,40.75261688232422,-73.95572662353516,40.764358520507805,N,1302,2.280659991793745,10
id2979487,2,2016-06-27 10:17:24,2016-06-27 10:20:16,1,-73.98209381103516,40.77244186401367,-73.98182678222656,40.778358459472656,N,172,0.6571341984466185,10
id0580388,1,2016-01-17 10:03:02,2016-01-17 10:04:27,1,-73.95132446289062,40.778484344482415,-73.95623016357422,40.77149200439453,N,85,0.8810701196518197,10
id3376955,1,2016-01-11 10:20:56,2016-01-11 10:35:30,2,-73.97221374511719,40.74298477172852,-74.00267791748048,40.723663330078125,N,874,3.3622801475862634,10
id0027771,2,2016-01-16 10:39:24,2016-01-16 10:59:06,1,-73.98147583007811,40.76297378540039,-73.99656677246092,40.7255859375,N,1182,4.343768040446301,10
id2596514,2,2016-01-26 10:00:32,2016-01-26 10:21:29,1,-73.98017883300781,40.77033996582031,-73.98121643066406,40.75178909301758,N,1257,2.0610347831207947,10
id0965233,1,2016-02-23 10:05:24,2016-02-23 10:29:34,2,-74.00560760498048,40.75088882446289,-73.97345733642578,40.76375961303711,N,1450,3.083684430644612,10
id0856107,2,2016-02-27 10:56:15,2016-02-27 11:02:01,1,-73.9598617553711,40.762401580810554,-73.96320343017578,40.77067947387695,N,346,0.9617475098283489,10
id1568491,1,2016-06-15 10:46:20,2016-06-15 11:20:50,1,-73.8726806640625,40.77420425415039,-73.97702026367188,40.749465942382805,N,2070,9.284236061869345,10
id1501069,2,2016-06-04 10:39:24,2016-06-04 10:50:06,1,-73.99638366699219,40.723880767822266,-74.00637054443358,40.740360260009766,N,642,2.01659716683255,10
id2046233,2,2016-06-23 10:14:28,2016-06-23 10:39:12,1,-73.97962951660156,40.7352409362793,-73.97853088378906,40.75983810424805,N,1484,2.7318821776923494,10
id3305573,1,2016-04-18 10:06:40,2016-04-18 10:15:11,2,-73.98319244384764,40.776561737060554,-73.96973419189453,40.7901725769043,N,511,1.895033303081378,10
id2226626,1,2016-04-10 10:15:03,2016-04-10 10:24:26,1,-73.98905181884764,40.7215576171875,-74.0091094970703,40.71617889404297,N,563,1.8064184833575996,10
id0631575,2,2016-03-13 10:27:17,2016-03-13 10:33:59,1,-73.98155212402342,40.78071975708008,-73.98838043212889,40.7598991394043,N,402,2.3828557836449287,10
id2461860,2,2016-05-06 10:00:04,2016-05-06 10:03:52,1,-73.99427795410156,40.741825103759766,-74.00431060791014,40.74777603149414,N,228,1.0786827228500204,10
id2910042,2,2016-06-09 10:39:52,2016-06-09 10:43:18,1,-73.9613037109375,40.780319213867195,-73.95510101318358,40.785911560058594,N,206,0.8144334455814167,10
id3494359,2,2016-05-04 10:40:48,2016-05-04 10:49:21,1,-73.9824676513672,40.76773071289063,-73.97119140625,40.76395034790039,N,513,1.0463110850457118,10
id3679612,2,2016-02-02 10:15:41,2016-02-02 10:27:23,1,-73.9600067138672,40.776485443115234,-73.9724349975586,40.75925827026367,N,702,2.1846190504499576,10
id3167909,1,2016-06-25 10:54:55,2016-06-25 10:59:55,1,-73.95149993896483,40.766277313232415,-73.96237182617188,40.76531600952149,N,300,0.9302504771393398,10
id0323363,2,2016-03-28 10:14:45,2016-03-28 10:18:58,1,-73.99826049804686,40.74604034423828,-74.00406646728516,40.75096130371094,N,253,0.7361473563111279,10
id1084875,2,2016-01-15 10:17:43,2016-01-15 10:31:48,6,-73.96517944335938,40.763580322265625,-73.95052337646483,40.79817199707031,N,845,4.036711927676325,10
id2637160,1,2016-02-17 10:40:43,2016-02-17 10:45:57,1,-74.00251770019531,40.7395133972168,-74.00563049316406,40.74568557739258,N,314,0.734428311922926,10
id2412943,1,2016-03-18 10:44:31,2016-03-18 10:50:49,1,-73.96134948730467,40.771438598632805,-73.97121429443358,40.758316040039055,N,378,1.6807117261623787,10
id2582958,1,2016-03-05 10:20:46,2016-03-05 10:27:01,1,-73.94405364990233,40.746440887451165,-73.9384765625,40.75894165039063,N,375,1.4663277148133453,10
id0821676,2,2016-02-24 10:13:32,2016-02-24 10:22:57,1,-73.97972106933594,40.75486373901367,-73.96994018554686,40.76529312133789,N,565,1.4252594846569275,10
id0442678,1,2016-01-11 10:38:15,2016-01-11 10:54:10,1,-73.9885025024414,40.74542617797852,-74.01300811767578,40.702415466308594,N,955,5.208807442649113,10
id0652112,2,2016-03-27 10:17:25,2016-03-27 10:19:29,1,-73.96282196044923,40.76675033569336,-73.95661926269531,40.77539825439453,N,124,1.0951781519529395,10
id2208826,2,2016-04-03 10:57:39,2016-04-03 11:01:24,2,-73.98587799072266,40.76782989501953,-73.97965240478516,40.759521484375,N,225,1.0632688995929607,10
id1975795,2,2016-02-29 10:47:31,2016-02-29 11:09:52,1,-74.0119400024414,40.71480941772461,-73.95791625976561,40.70858001708984,N,1341,4.643786409143066,10
id3965780,2,2016-06-22 10:46:05,2016-06-22 11:02:40,5,-73.9773712158203,40.75545883178711,-73.95272064208984,40.7889404296875,N,995,4.26641914064602,10
id1975202,2,2016-04-28 10:03:02,2016-04-28 10:19:30,3,-74.00630187988281,40.716983795166016,-73.99153900146483,40.73367691040039,N,988,2.2378574977491668,10
id3688461,2,2016-02-02 10:58:41,2016-02-02 11:08:31,2,-74.00076293945312,40.75796127319336,-73.9903564453125,40.75674819946289,N,590,0.8947419658951816,10
id3852588,1,2016-04-01 10:28:44,2016-04-01 10:32:55,1,-74.00894927978516,40.7312126159668,-73.99862670898438,40.7305908203125,N,251,0.8801289235399202,10
id2006089,2,2016-01-13 10:35:34,2016-01-13 10:54:46,1,-73.95785522460938,40.76932144165039,-73.95179748535155,40.76555633544922,N,1152,0.6631688178138782,10
id0582304,1,2016-03-22 10:27:16,2016-03-22 10:47:28,1,-73.97415161132812,40.75413513183594,-73.995361328125,40.72517776489258,N,1212,3.6853355845042803,10
id1228192,2,2016-01-10 10:53:13,2016-01-10 11:00:39,1,-73.97545623779298,40.77703857421875,-73.97994995117188,40.76149368286133,N,446,1.7672546863885952,10
id1107691,1,2016-02-24 10:38:10,2016-02-24 11:11:21,1,-73.99993133544923,40.72157287597656,-73.97748565673827,40.75848007202149,N,1991,4.519176595213316,10
id1957891,2,2016-02-10 10:44:11,2016-02-10 10:56:09,3,-74.00643157958984,40.74974822998047,-74.00547027587889,40.7387809753418,N,718,1.220104440417032,10
id1035214,1,2016-03-08 10:38:05,2016-03-08 10:51:11,1,-73.98609924316406,40.74069213867188,-73.9788818359375,40.72418975830078,N,786,1.9317653582021195,10
id2206443,2,2016-05-29 10:08:09,2016-05-29 10:22:03,5,-73.97865295410156,40.74760055541992,-73.87056732177734,40.77378082275391,N,834,9.635921492579108,10
id1407834,2,2016-05-20 10:52:48,2016-05-20 10:59:45,2,-73.96685028076173,40.76993942260742,-73.95568084716798,40.78705978393555,N,417,2.1243192841585716,10
id1031451,1,2016-04-01 10:06:40,2016-04-01 10:21:04,1,-74.00768280029298,40.70614242553711,-74.01058197021484,40.72150802612305,N,864,1.723292281266076,10
id2913546,1,2016-04-29 10:31:15,2016-04-29 10:35:30,1,-73.9869613647461,40.74518585205078,-73.99228668212889,40.739383697509766,N,255,0.7871977164104912,10
id3704397,1,2016-01-10 10:44:48,2016-01-10 10:51:10,1,-73.97694396972656,40.7646598815918,-73.98086547851561,40.77972412109375,N,382,1.705030326017546,10
id2137826,1,2016-03-25 10:44:38,2016-03-25 10:54:39,1,-73.977294921875,40.749778747558594,-73.99221038818358,40.72559356689453,N,601,2.968870119800135,10
id2252799,2,2016-06-13 10:14:45,2016-06-13 10:18:07,1,-73.95372009277344,40.78377151489258,-73.95301818847656,40.77867889404297,N,202,0.568420663103125,10
id0947040,2,2016-02-02 10:29:20,2016-02-02 10:42:47,3,-73.99128723144531,40.749778747558594,-73.98265075683594,40.75601959228516,N,807,1.0093479977249562,10
id3230703,2,2016-03-04 10:32:42,2016-03-04 11:08:02,5,-73.98897552490233,40.736698150634766,-73.99175262451173,40.77428817749024,N,2120,4.1791648585967796,10
id2055677,2,2016-06-06 10:32:20,2016-06-06 10:41:30,1,-73.954833984375,40.76559829711913,-73.9706802368164,40.75182723999024,N,550,2.037352107825189,10
id3984198,1,2016-06-03 10:52:49,2016-06-03 10:58:38,1,-73.9739990234375,40.784004211425774,-73.97856903076173,40.77273941040039,N,349,1.3093419435320524,10
id2727517,1,2016-04-06 10:31:59,2016-04-06 10:42:51,1,-74.0028305053711,40.760498046875,-73.98495483398438,40.76775360107422,N,652,1.719677014485997,10
id1954403,1,2016-04-29 10:40:10,2016-04-29 10:43:51,1,-73.98292541503906,40.74492645263672,-73.99049377441406,40.73866271972656,N,221,0.9472353908602671,10
id1262016,2,2016-01-02 10:12:12,2016-01-02 10:22:15,3,-73.98199462890625,40.76262664794922,-74.00902557373048,40.74049377441406,N,603,3.3637360933893867,10
id0205038,2,2016-04-10 10:18:21,2016-04-10 10:24:05,2,-73.99867248535155,40.76100158691406,-73.9845199584961,40.75503158569336,N,344,1.3734103454285849,10
id1928305,1,2016-04-19 10:55:30,2016-04-19 11:17:12,1,-73.98783874511719,40.77497863769531,-73.98692321777342,40.75104141235352,N,1302,2.658171371981595,10
id0661279,1,2016-01-11 10:16:06,2016-01-11 10:23:21,1,-73.97062683105469,40.78929901123047,-73.95162963867188,40.79080581665039,N,435,1.6234003187821386,10
id2426871,1,2016-06-17 10:00:45,2016-06-17 10:09:54,1,-73.98215484619139,40.731719970703125,-73.96956634521484,40.74902725219727,N,549,2.1990009596220097,10
id0589530,2,2016-05-04 10:04:21,2016-05-04 10:32:56,2,-73.97425079345702,40.75680923461913,-74.00570678710938,40.7274284362793,N,1715,4.217210290730186,10
id0967969,1,2016-05-06 10:28:47,2016-05-06 10:34:49,1,-73.99032592773438,40.75626373291016,-73.98527526855469,40.765357971191406,N,362,1.0969567293947677,10
id2552008,1,2016-06-26 10:09:06,2016-06-26 10:34:51,1,-73.98502349853516,40.742164611816406,-74.0010223388672,40.75735855102539,N,1545,2.1664962651454918,10
id2472943,1,2016-02-12 10:10:50,2016-02-12 10:19:53,1,-73.99144744873048,40.75017547607422,-74.00734710693358,40.74113845825195,N,543,1.6830630836618623,10
id2147211,1,2016-06-11 10:47:04,2016-06-11 10:50:01,1,-73.97969055175781,40.77113723754882,-73.97832489013672,40.777225494384766,N,177,0.6856936451944842,10
id2729963,1,2016-06-05 10:05:47,2016-06-05 10:30:14,1,-73.94611358642578,40.78050994873047,-73.99442291259764,40.75025177001953,N,1467,5.30492435437436,10
id1189859,2,2016-05-30 10:58:28,2016-05-30 11:05:21,6,-73.97058868408203,40.79605484008789,-73.9731216430664,40.782581329345696,N,413,1.5109776753056057,10
id2390933,2,2016-06-24 10:13:46,2016-06-24 10:29:46,1,-74.00585174560547,40.706199645996094,-73.97171783447266,40.75703811645508,N,960,6.345255047527729,10
id3145004,1,2016-02-24 10:29:42,2016-02-24 10:42:04,1,-73.9529571533203,40.783016204833984,-73.9767837524414,40.79039764404297,N,742,2.184719534643772,10
id3042141,2,2016-03-04 10:56:23,2016-03-04 11:08:54,2,-73.9768829345703,40.765018463134766,-73.96479034423827,40.75567626953125,N,751,1.4600862514905761,10
id3642004,2,2016-04-07 10:36:22,2016-04-07 11:15:21,1,-73.99873352050781,40.72185897827149,-73.97283172607422,40.762691497802734,N,2339,5.03885019099581,10
id2097834,2,2016-05-21 10:53:38,2016-05-21 11:11:19,1,-73.95243835449219,40.78374862670898,-73.99395751953125,40.74586868286133,N,1061,5.489447439057955,10
id2142772,2,2016-01-09 10:49:03,2016-01-09 10:55:39,1,-73.96103668212889,40.79676818847656,-73.97750854492188,40.79133987426758,N,396,1.524257614489131,10
id3617750,1,2016-03-06 10:52:31,2016-03-06 10:59:16,1,-73.99266815185547,40.72379302978516,-73.98747253417967,40.73864364624024,N,405,1.7065515403243792,10
id1195891,2,2016-03-04 10:05:36,2016-03-04 10:19:38,5,-73.98389434814453,40.721641540527344,-74.00785064697266,40.7119369506836,N,842,2.3036576307738668,10
id0578833,2,2016-04-27 10:16:33,2016-04-27 10:29:59,2,-73.97237396240233,40.79372024536133,-73.95558929443358,40.77940368652344,N,806,2.1356084322909528,10
id2512013,1,2016-01-05 10:38:42,2016-01-05 10:49:55,1,-73.9910659790039,40.75552749633789,-73.984619140625,40.74821853637695,N,673,0.9790211028267776,10
id2316220,2,2016-01-15 10:09:45,2016-01-15 10:29:59,2,-73.78183746337889,40.64450073242188,-73.84864044189453,40.66976165771485,N,1214,6.33283238142801,10
id1828507,1,2016-03-31 10:15:50,2016-03-31 10:24:27,1,-73.9876937866211,40.769546508789055,-73.99423980712889,40.75634765625,N,517,1.5671732018133464,10
id2738822,2,2016-05-03 10:02:08,2016-05-03 10:23:02,5,-73.9584732055664,40.76438522338867,-73.98815155029298,40.749881744384766,N,1254,2.992581399274693,10
id1881495,2,2016-03-14 10:37:05,2016-03-14 10:41:41,3,-74.00841522216798,40.735313415527344,-73.9991455078125,40.73482894897461,N,276,0.7897586820564078,10
id2010645,2,2016-03-15 10:31:13,2016-03-15 10:37:42,2,-73.97992706298828,40.743560791015625,-73.98114776611328,40.75017166137695,N,389,0.7411060855234565,10
id3308911,2,2016-04-16 10:39:44,2016-04-16 10:50:19,1,-73.96609497070312,40.76799392700195,-73.98861694335938,40.73685836791992,N,635,3.9508309082920228,10
id2283107,1,2016-03-21 10:07:50,2016-03-21 10:14:08,2,-73.9901123046875,40.76217651367188,-73.9978790283203,40.751121520996094,N,378,1.3934170613276051,10
id2954129,2,2016-01-16 10:16:55,2016-01-16 10:20:49,1,-73.97119903564453,40.74797058105469,-73.97141265869139,40.75429916381836,N,234,0.702707326793235,10
id3351282,2,2016-03-31 10:50:14,2016-03-31 11:09:22,6,-73.95616912841797,40.778785705566406,-73.97605895996092,40.75725555419922,N,1148,2.927390773752867,10
id3868091,1,2016-03-29 11:44:02,2016-03-29 11:51:37,1,-73.97588348388672,40.76040649414063,-73.98368835449217,40.755725860595696,N,455,0.8426450474395375,11
id3674203,1,2016-03-28 11:02:21,2016-03-28 11:13:49,1,-73.99433898925781,40.75096893310546,-73.98293304443358,40.76660919189453,N,688,1.9884353563026564,11
id1157371,1,2016-02-16 11:43:45,2016-02-16 11:58:50,1,-73.98836517333984,40.73751449584961,-73.9893798828125,40.74761581420898,N,905,1.124558786980158,11
id2265690,2,2016-06-15 11:18:28,2016-06-15 11:31:24,1,-73.97846221923827,40.757671356201165,-73.96044158935547,40.761428833007805,N,776,1.5875215185012579,11
id1964298,2,2016-06-03 11:54:29,2016-06-03 11:59:44,1,-73.96376037597656,40.774192810058594,-73.9574203491211,40.782669067382805,N,315,1.084270167532481,11
id0787397,2,2016-02-21 11:55:48,2016-02-21 11:59:37,1,-73.96587371826173,40.757850646972656,-73.9747314453125,40.76140975952149,N,229,0.8502600964668382,11
id1072969,2,2016-04-22 11:01:18,2016-04-22 11:08:03,1,-73.98332214355469,40.74444580078125,-73.99263000488281,40.74593353271485,N,405,0.8082188941913708,11
id0113096,2,2016-02-04 11:01:24,2016-02-04 11:28:22,1,-73.96597290039062,40.76800155639648,-73.96180725097656,40.81219100952149,N,1618,4.917792715374234,11
id0348303,1,2016-01-20 11:39:42,2016-01-20 11:51:45,1,-73.981689453125,40.773529052734375,-73.99295043945312,40.758010864257805,N,723,1.9706020228282677,11
id1675370,2,2016-02-09 11:52:14,2016-02-09 12:00:35,2,-73.97368621826173,40.792213439941406,-73.96147155761719,40.81124877929688,N,501,2.3542296576187263,11
id0483388,2,2016-06-23 11:16:36,2016-06-23 11:47:21,1,-73.86341094970702,40.769878387451165,-73.97174072265625,40.75724029541016,N,1845,9.314277019173627,11
id2105651,2,2016-04-13 11:50:03,2016-04-13 12:20:03,1,-73.98005676269531,40.765331268310554,-74.0017852783203,40.72452545166016,N,1800,4.891523843019597,11
id0024656,2,2016-04-21 11:37:54,2016-04-21 11:59:24,1,-73.99150848388672,40.735107421875,-73.99307250976561,40.69747161865234,N,1290,4.179688920443255,11
id2339158,1,2016-06-04 11:51:05,2016-06-04 11:59:10,1,-73.95986938476561,40.766334533691406,-73.97161102294923,40.766216278076165,N,485,0.9981255619657033,11
id3831713,1,2016-03-16 11:34:25,2016-03-16 11:42:18,1,-73.9812774658203,40.77845764160156,-73.96543121337889,40.77480316162109,N,473,1.4066890435589756,11
id0745282,2,2016-02-21 11:17:29,2016-02-21 11:25:39,1,-73.9775390625,40.75468063354492,-73.99515533447266,40.7546501159668,N,490,1.497386949297303,11
id0862270,2,2016-03-22 11:51:57,2016-03-22 11:57:02,1,-73.9947967529297,40.740081787109375,-73.99136352539062,40.744850158691406,N,305,0.6044076036992926,11
id3358596,2,2016-04-25 11:37:16,2016-04-25 11:47:39,5,-73.99333190917967,40.72945022583008,-73.99706268310547,40.74745941162109,N,623,2.024016272813589,11
id2454542,2,2016-03-21 11:51:59,2016-03-21 12:20:54,1,-73.96934509277344,40.761512756347656,-73.83401489257811,40.759143829345696,N,1735,11.50607204752352,11
id3532179,1,2016-03-17 11:10:24,2016-03-17 11:27:41,1,-74.00647735595702,40.732460021972656,-73.98615264892578,40.74021530151367,N,1037,1.9301918988362248,11
id0816825,1,2016-03-06 11:00:11,2016-03-06 11:10:14,2,-73.98391723632812,40.744388580322266,-73.99235534667967,40.753849029541016,N,603,1.2716772597689692,11
id0347148,2,2016-06-28 11:23:30,2016-06-28 11:47:29,5,-73.98251342773438,40.723388671875,-73.93580627441406,40.71308135986328,N,1439,4.131676320454453,11
id3092006,2,2016-06-20 11:19:45,2016-06-20 11:42:06,1,-73.98612213134764,40.759868621826165,-73.99465179443358,40.75041961669922,N,1341,1.275037418074135,11
id1653982,2,2016-01-24 11:44:54,2016-01-24 11:58:28,2,-73.95092010498048,40.785980224609375,-73.98107147216798,40.77938079833984,N,814,2.6655004538181877,11
id2043454,2,2016-06-17 11:42:05,2016-06-17 12:00:20,6,-73.93870544433594,40.80487823486328,-73.95951080322266,40.775215148925774,N,1095,3.7374679068486123,11
id2535354,2,2016-03-14 11:41:06,2016-03-14 12:05:29,1,-73.9768295288086,40.75532150268555,-74.00808715820312,40.73962020874024,N,1463,3.177516883185789,11
id2100415,2,2016-05-18 11:43:05,2016-05-18 11:58:56,5,-73.96858978271484,40.78654098510742,-73.97299194335938,40.76436996459961,N,951,2.4892673809913135,11
id3365333,2,2016-03-27 11:11:33,2016-03-27 11:22:35,6,-73.9620361328125,40.65593338012695,-73.95298767089844,40.6789665222168,N,662,2.6698596935615533,11
id0814482,2,2016-02-22 11:17:55,2016-02-22 11:51:20,1,-73.96443939208984,40.760356903076165,-74.03189849853516,40.621631622314446,N,2005,16.43146444724415,11
id2314286,2,2016-04-23 11:15:56,2016-04-23 11:22:43,2,-73.98997497558594,40.772552490234375,-73.97693634033203,40.78834915161133,N,407,2.074321123379543,11
id3212422,1,2016-02-02 11:54:07,2016-02-02 12:11:15,2,-73.97610473632812,40.759220123291016,-73.959716796875,40.77082443237305,N,1028,1.8972413316019456,11
id3070341,1,2016-03-18 11:24:26,2016-03-18 11:48:10,2,-73.96510314941406,40.766311645507805,-74.00816345214845,40.70884704589844,N,1424,7.354092923208017,11
id0386081,1,2016-06-09 11:04:18,2016-06-09 11:08:19,1,-73.97124481201173,40.75528335571289,-73.96162414550781,40.75618362426758,N,241,0.8238397356851523,11
id2393842,2,2016-06-10 11:37:01,2016-06-10 11:45:48,1,-73.99077606201173,40.74876022338867,-73.98511505126953,40.74540710449219,N,527,0.6083337015111346,11
id0960502,2,2016-03-16 11:49:58,2016-03-16 12:13:48,2,-73.97463989257811,40.75333404541016,-73.98904418945312,40.751277923583984,N,1430,1.2454553152095238,11
id3718277,2,2016-04-19 11:20:39,2016-04-19 11:39:24,3,-73.97907257080078,40.762088775634766,-73.96193695068358,40.779579162597656,N,1125,2.427063015337522,11
id3801929,2,2016-05-11 11:42:49,2016-05-11 12:11:47,6,-73.97575378417967,40.7542724609375,-73.98925018310547,40.6909294128418,N,1738,7.124051969770831,11
id2895498,1,2016-04-22 11:30:58,2016-04-22 11:39:42,1,-73.95533752441406,40.82000350952149,-73.9612808227539,40.80655288696289,N,524,1.5761704349238048,11
id0200927,2,2016-01-12 11:49:51,2016-01-12 12:09:26,1,-73.9695587158203,40.75285339355469,-73.95352935791014,40.77935028076172,N,1175,3.241416889428152,11
id2010912,2,2016-05-13 11:39:02,2016-05-13 11:48:36,5,-73.99131011962889,40.75556182861328,-73.97953033447266,40.75857925415039,N,574,1.0558153536168207,11
id2365791,1,2016-03-21 11:32:31,2016-03-21 11:55:02,1,-73.99747467041014,40.7417106628418,-73.96028900146483,40.772979736328125,N,1351,4.694407394991058,11
id2453891,2,2016-03-15 11:08:32,2016-03-15 11:17:48,5,-73.97085571289062,40.760860443115234,-73.98168182373048,40.74607849121094,N,556,1.8812276490327497,11
id0603576,2,2016-03-28 11:38:04,2016-03-28 11:52:19,5,-73.97479248046875,40.75273895263672,-73.98799896240233,40.7501220703125,N,855,1.1595239437903389,11
id2176743,1,2016-02-16 11:58:23,2016-02-16 12:05:22,1,-73.99512481689453,40.73396301269531,-74.00152587890625,40.72618103027344,N,419,1.0208745012723521,11
id2889009,1,2016-03-01 11:37:33,2016-03-01 11:43:17,2,-73.97328186035155,40.753128051757805,-73.96602630615233,40.76236343383789,N,344,1.1963412413427617,11
id1749348,1,2016-03-20 11:49:33,2016-03-20 12:02:47,2,-73.986083984375,40.74676132202149,-73.99847412109375,40.741458892822266,N,794,1.2064674146391028,11
id0730641,2,2016-01-14 11:03:26,2016-01-14 11:12:00,6,-73.97779846191406,40.788421630859375,-73.9539566040039,40.78744888305664,N,514,2.0294323380286503,11
id1492142,2,2016-06-01 11:18:56,2016-06-01 11:38:29,1,-73.97463226318358,40.74216079711913,-74.0035629272461,40.722938537597656,N,1173,3.255726588878793,11
id0885931,1,2016-01-20 11:58:31,2016-01-20 12:24:10,1,-74.00106048583984,40.741802215576165,-73.97227478027344,40.7593879699707,N,1539,3.1300373572057922,11
id1713200,2,2016-06-22 11:32:32,2016-06-22 12:07:45,1,-73.95484161376953,40.76533889770508,-73.99166870117188,40.74956893920898,N,2113,3.5864916548873245,11
id0474162,1,2016-02-11 11:36:28,2016-02-11 11:47:42,1,-74.00809478759764,40.71134948730469,-73.99673461914062,40.720806121826165,N,674,1.4262722804719319,11
id2651054,1,2016-02-11 11:29:03,2016-02-11 11:50:56,1,-74.01012420654298,40.705760955810554,-73.9949951171875,40.727924346923835,N,1313,2.775967703169568,11
id1545232,1,2016-01-13 11:16:01,2016-01-13 11:25:32,1,-73.9810791015625,40.78091430664063,-73.9534454345703,40.78823471069336,N,571,2.4854401812034324,11
id0363418,1,2016-02-09 11:16:33,2016-02-09 11:53:45,1,-73.79003143310547,40.646934509277344,-73.99185943603516,40.7544174194336,N,2232,20.896084802772652,11
id1502842,2,2016-04-03 11:02:53,2016-04-03 11:20:45,1,-73.96865844726561,40.79631042480469,-73.96505737304686,40.759590148925774,N,1072,4.087427720062931,11
id1337558,1,2016-01-12 11:41:41,2016-01-12 11:52:31,1,-74.0087661743164,40.71942138671875,-73.99658966064453,40.72360610961913,N,650,1.1344588010864296,11
id2316049,2,2016-04-23 11:31:14,2016-04-23 11:39:40,3,-73.98538208007811,40.74003219604492,-73.9929428100586,40.72988128662109,N,506,1.2971438635682704,11
id2526443,1,2016-01-08 11:51:56,2016-01-08 12:08:51,1,-73.95479583740233,40.78924560546875,-73.97101593017578,40.766971588134766,N,1015,2.83084367915594,11
id1049670,2,2016-03-21 11:33:10,2016-03-21 11:35:23,1,-73.96546936035155,40.76905059814453,-73.96882629394531,40.764358520507805,N,133,0.5938624955130732,11
id0300468,1,2016-05-07 11:48:51,2016-05-07 12:03:23,3,-73.99053192138672,40.746192932128906,-73.958740234375,40.783504486083984,N,872,4.945209309154546,11
id2887482,2,2016-06-08 11:10:31,2016-06-08 11:29:54,3,-74.00736236572266,40.705322265625,-73.98749542236328,40.7356071472168,N,1163,3.761937805192237,11
id3134601,1,2016-04-18 11:33:04,2016-04-18 11:46:19,1,-73.96742248535155,40.76331329345703,-73.94752502441406,40.77620697021485,N,795,2.2155744707606564,11
id0119893,2,2016-02-28 11:11:33,2016-02-28 11:20:25,4,-74.00267028808594,40.724876403808594,-73.99513244628906,40.72015380859375,N,532,0.8278356119380286,11
id1014196,1,2016-05-10 11:33:46,2016-05-10 11:44:31,1,-73.9491195678711,40.773262023925774,-73.95244598388672,40.7894401550293,N,645,1.817895486443788,11
id0212558,1,2016-01-05 11:02:22,2016-01-05 11:08:26,1,-73.96082305908203,40.77920913696289,-73.97821807861328,40.78142929077149,N,364,1.4989730387124092,11
id2088478,1,2016-05-11 11:07:07,2016-05-11 11:34:19,1,-73.96643829345702,40.800968170166016,-73.97684478759764,40.76436614990234,N,1632,4.1580010972343855,11
id0286511,1,2016-02-23 11:40:45,2016-02-23 11:51:45,2,-73.97886657714845,40.73710632324219,-73.99485778808595,40.74405288696289,N,660,1.5627268702909336,11
id0971006,2,2016-04-05 11:43:48,2016-04-05 12:06:34,1,-73.97238159179686,40.757190704345696,-74.01387023925781,40.71495056152344,N,1366,5.866851204668038,11
id2494754,1,2016-06-10 11:12:37,2016-06-10 11:19:47,2,-73.98173522949219,40.78367614746094,-73.9822540283203,40.770706176757805,N,430,1.4403419629563288,11
id3000274,1,2016-03-18 11:37:45,2016-03-18 11:46:49,2,-74.0159454345703,40.70499420166016,-74.01133728027342,40.728565216064446,N,544,2.645539907130466,11
id0144752,1,2016-06-09 11:33:34,2016-06-09 12:11:49,1,-73.87295532226561,40.77417755126953,-74.0041732788086,40.7219123840332,N,2295,12.572103262806065,11
id3259542,1,2016-01-04 11:41:06,2016-01-04 11:56:59,2,-74.01461791992188,40.71407699584961,-73.98944854736328,40.7574577331543,N,953,5.269133201626882,11
id0612513,1,2016-01-13 11:03:29,2016-01-13 11:28:45,3,-73.99373626708984,40.7496452331543,-73.9537811279297,40.77694320678711,N,1516,4.551421747577539,11
id1117058,1,2016-03-09 11:53:01,2016-03-09 11:57:45,1,-73.98787689208984,40.733734130859375,-73.9830322265625,40.73636245727539,N,284,0.5046693094769766,11
id1884196,2,2016-06-26 11:40:26,2016-06-26 11:52:39,5,-74.00289916992188,40.760398864746094,-73.98779296875,40.7559700012207,N,733,1.374918157259663,11
id1408757,2,2016-05-20 11:19:27,2016-05-20 11:40:54,1,-74.00718688964845,40.70523834228516,-73.97357177734375,40.757720947265625,N,1287,6.488553839697707,11
id2535759,2,2016-06-22 11:46:11,2016-06-22 11:54:53,4,-74.00753784179686,40.740970611572266,-74.00972747802734,40.722618103027344,N,522,2.04561301995762,11
id2985211,2,2016-03-29 11:51:28,2016-03-29 12:14:46,1,-73.9822998046875,40.776679992675774,-73.99121856689453,40.75088882446289,N,1398,2.961493572381146,11
id0634220,1,2016-05-07 11:47:18,2016-05-07 11:52:06,1,-73.95825958251953,40.772857666015625,-73.94560241699219,40.7786521911621,N,288,1.2534628281915685,11
id1477798,1,2016-02-07 11:53:32,2016-02-07 12:03:03,1,-73.97712707519531,40.77967071533203,-73.97966003417967,40.75922393798828,Y,571,2.2797815427425605,11
id2673068,1,2016-04-01 11:26:14,2016-04-01 11:56:06,1,-73.99415588378906,40.73561096191406,-73.9787368774414,40.758445739746094,N,1792,2.8534568734104893,11
id3839188,2,2016-02-03 11:37:08,2016-02-03 11:40:36,1,-73.94595336914062,40.7730712890625,-73.95626068115233,40.7800407409668,N,208,1.1687857177929344,11
id0364352,1,2016-05-29 11:11:53,2016-05-29 11:49:04,1,-73.7804183959961,40.64542007446289,-74.00609588623048,40.73980331420898,N,2231,21.857024353444192,11
id1251699,1,2016-02-12 11:58:13,2016-02-12 12:16:13,3,-73.97480773925781,40.76190948486328,-73.98494720458984,40.74195861816406,N,1080,2.376343442949403,11
id2959516,1,2016-03-14 11:13:31,2016-03-14 11:22:35,1,-73.95916748046875,40.767520904541016,-73.975341796875,40.75202560424805,N,544,2.2019189262607326,11
id3646394,2,2016-02-18 11:03:21,2016-02-18 11:07:08,6,-73.95500183105469,40.769168853759766,-73.9491195678711,40.7772216796875,N,227,1.0241995144858036,11
id2932854,1,2016-06-09 11:44:08,2016-06-09 11:50:05,2,-73.99642181396483,40.686199188232415,-73.98873901367188,40.69353866577149,N,357,1.0441098765128014,11
id0955627,2,2016-06-29 11:42:38,2016-06-29 11:48:38,5,-73.98646545410156,40.73031997680664,-73.99608612060547,40.72639846801758,N,360,0.9263914559477681,11
id3141076,1,2016-05-11 11:29:23,2016-05-11 12:40:20,2,-73.9925765991211,40.72385025024414,-74.00667572021484,40.751174926757805,N,4257,3.261218993351312,11
id3765975,2,2016-01-08 11:04:56,2016-01-08 11:09:00,1,-73.95571899414062,40.77614212036133,-73.95571899414062,40.77096176147461,N,244,0.5750198364257812,11
id1494804,1,2016-06-20 11:35:26,2016-06-20 11:41:48,1,-73.99398803710938,40.73289489746094,-73.9932861328125,40.742012023925774,N,382,1.0137581754345468,11
id2324714,1,2016-04-10 11:33:30,2016-04-10 11:38:42,1,-73.97324371337889,40.744434356689446,-73.9603271484375,40.76195907592773,N,312,2.2336910260315195,11
id0657377,2,2016-05-03 11:30:50,2016-05-03 11:54:15,1,-73.77680969238281,40.645610809326165,-73.745361328125,40.59706115722656,N,1405,6.015560314834411,11
id3397637,1,2016-02-15 11:38:21,2016-02-15 11:43:19,1,-73.96247100830078,40.76333236694336,-73.95272064208984,40.77225875854492,N,298,1.2917512114260232,11
id1845943,2,2016-06-01 11:50:28,2016-06-01 11:58:13,1,-73.95592498779298,40.78773880004882,-73.96929931640625,40.79542922973633,N,465,1.4216371990303571,11
id1765854,2,2016-04-29 11:49:10,2016-04-29 12:11:17,5,-73.97132110595702,40.76129913330078,-74.00523376464844,40.72792053222656,N,1327,4.694300001193395,11
id3239837,1,2016-05-21 11:28:46,2016-05-21 11:39:05,3,-73.98578643798828,40.762744903564446,-73.9695587158203,40.78492736816406,N,619,2.822289262384848,11
id0005595,2,2016-05-12 11:16:46,2016-05-12 11:29:02,1,-73.97762298583984,40.74544143676758,-74.00832366943358,40.70451354980469,N,736,5.239141264626056,11
id1391472,2,2016-04-02 11:42:29,2016-04-02 12:05:53,1,-73.9857177734375,40.7276611328125,-73.9857177734375,40.7276611328125,N,1404,0.0,11
id1586020,1,2016-03-25 11:16:58,2016-03-25 11:21:46,1,-73.990478515625,40.76160430908203,-73.99483489990233,40.75431060791016,N,288,0.8902640960736915,11
id3717520,2,2016-01-17 11:00:09,2016-01-17 11:07:58,1,-73.9742889404297,40.736980438232415,-73.9925079345703,40.74348068237305,N,469,1.7084519984839779,11
id1877293,1,2016-03-22 11:03:32,2016-03-22 11:12:34,1,-73.95994567871092,40.76993560791016,-73.9674530029297,40.76519393920898,N,542,0.8271750982325691,11
id2656163,2,2016-01-20 11:03:27,2016-01-20 11:07:33,1,-73.9666290283203,40.764930725097656,-73.96393585205078,40.77386093139648,N,246,1.0173429454644314,11
id0778069,1,2016-06-14 11:00:58,2016-06-14 11:21:43,1,-73.9605941772461,40.761192321777344,-73.86134338378906,40.76810836791992,N,1245,8.471173845352045,11
id3454053,1,2016-03-21 11:06:32,2016-03-21 11:11:21,1,-73.94772338867188,40.777168273925774,-73.951904296875,40.78470993041992,N,289,0.9094335201013458,11
id1824165,2,2016-06-15 11:53:00,2016-06-15 12:04:34,1,-73.96602630615233,40.75809860229492,-73.98978424072266,40.74716567993164,N,694,2.3560113118530595,11
id3663718,1,2016-03-26 11:25:42,2016-03-26 11:35:33,1,-73.98990631103516,40.72552108764648,-73.99208068847656,40.71385955810546,N,591,1.3075578974123352,11
id0279218,2,2016-03-08 11:22:06,2016-03-08 11:33:01,2,-73.955322265625,40.78292846679688,-73.9819107055664,40.779571533203125,N,655,2.2905291994728394,11
id1711991,1,2016-02-10 11:44:11,2016-02-10 11:59:49,1,-73.99137115478516,40.74909591674805,-73.98410797119139,40.755008697509766,N,938,0.9010553001542487,11
id0159522,2,2016-03-31 11:28:19,2016-03-31 12:06:53,1,-73.87186431884764,40.77191162109375,-74.03578186035155,40.724956512451165,N,2314,14.875932266865265,11
id0720776,2,2016-05-02 11:18:32,2016-05-02 11:26:44,1,-73.97483825683594,40.76507568359375,-73.9708251953125,40.75627136230469,N,492,1.0350998640448061,11
id3530662,2,2016-05-04 11:33:11,2016-05-04 12:00:19,1,-73.97708892822266,40.75040817260742,-73.7835922241211,40.643680572509766,N,1628,20.269604061263266,11
id0117687,1,2016-02-17 11:41:43,2016-02-17 12:13:35,1,-73.95597076416014,40.78482437133789,-73.99222564697266,40.749698638916016,N,1912,4.969760520705101,11
id1162476,2,2016-06-22 11:34:21,2016-06-22 12:05:46,2,-73.9547348022461,40.76968383789063,-73.98760223388672,40.74919509887695,N,1885,3.602381150567969,11
id3730205,1,2016-01-08 11:06:41,2016-01-08 11:10:37,1,-73.97394561767578,40.76263046264648,-73.97978973388672,40.75455093383789,N,236,1.0252123490674099,11
id0285585,1,2016-06-16 11:33:29,2016-06-16 12:21:33,1,-73.86387634277344,40.76961898803711,-73.99021911621094,40.757415771484375,N,2884,10.824225665449376,11
id1625896,1,2016-02-27 11:43:47,2016-02-27 11:49:31,1,-73.98297119140625,40.76688003540039,-73.96841430664062,40.762161254882805,N,344,1.3436326715871445,11
id3884539,2,2016-04-26 11:32:04,2016-04-26 11:45:46,1,-73.96134185791014,40.768951416015625,-73.97525024414062,40.755268096923835,N,822,1.9247149645912731,11
id1899161,2,2016-03-02 11:32:33,2016-03-02 11:47:46,1,-73.9950180053711,40.750125885009766,-73.97506713867188,40.77740859985352,N,913,3.4708661029559007,11
id2882793,2,2016-05-13 11:39:46,2016-05-13 12:02:27,5,-73.9757080078125,40.76118850708008,-73.9610595703125,40.76081848144531,N,1361,1.2457944410062232,11
id0032943,2,2016-06-25 11:45:05,2016-06-25 11:49:50,1,-73.94951629638672,40.78510665893555,-73.93826293945312,40.80477523803711,N,285,2.3835636589301794,11
id1144444,2,2016-05-21 11:50:08,2016-05-21 11:57:01,1,-73.97271728515625,40.758670806884766,-73.95406341552734,40.767139434814446,N,413,1.8432834245808132,11
id2980371,2,2016-01-31 11:12:34,2016-01-31 11:18:46,1,-73.95848083496092,40.76885986328125,-73.96983337402342,40.76303863525391,N,372,1.161325541207511,11
id0571139,2,2016-05-30 11:40:08,2016-05-30 11:45:12,1,-73.98432159423827,40.748008728027344,-73.97725677490233,40.75038146972656,N,304,0.6557269774644585,11
id0802694,1,2016-02-23 11:43:56,2016-02-23 11:47:58,1,-73.98672485351561,40.75700378417969,-73.99666595458984,40.74281311035156,N,242,1.7875005735707916,11
id3610248,2,2016-01-30 11:01:42,2016-01-30 11:15:35,1,-73.9822540283203,40.731792449951165,-73.96796417236328,40.75994491577149,N,833,3.352684453958463,11
id0090909,2,2016-05-23 11:26:25,2016-05-23 11:31:03,1,-73.9598617553711,40.775428771972656,-73.95256805419923,40.78327178955078,N,278,1.0687641696722563,11
id0524430,2,2016-06-18 11:49:44,2016-06-18 12:04:03,1,-73.98882293701173,40.693321228027344,-73.97915649414062,40.74625015258789,N,859,5.9322870565486605,11
id1082012,1,2016-03-12 11:30:20,2016-03-12 11:36:53,1,-73.98379516601561,40.76306915283203,-73.99211120605469,40.74929428100586,N,393,1.684496902343089,11
id0001395,2,2016-01-31 11:39:08,2016-01-31 11:51:26,2,-73.95024871826173,40.77156066894531,-73.93910217285155,40.80245971679688,N,738,3.5582527416154544,11
id2514803,2,2016-02-02 11:22:09,2016-02-02 11:25:42,5,-73.96508026123048,40.77229690551758,-73.9593734741211,40.78019714355469,N,213,1.0021474706319868,11
id3057631,2,2016-01-17 11:45:30,2016-01-17 11:55:26,1,-73.97709655761719,40.7471809387207,-73.95018005371094,40.78211975097656,N,596,4.502776688246131,11
id3391330,2,2016-02-16 11:28:54,2016-02-16 11:46:30,3,-73.99417114257811,40.75095748901367,-73.97327423095702,40.749954223632805,N,1056,1.7797250377324205,11
id1823191,1,2016-05-11 11:19:44,2016-05-11 11:28:56,1,-73.98062133789062,40.74545669555664,-73.99810791015625,40.74533462524414,N,552,1.486420402030918,11
id2240708,2,2016-02-04 11:08:01,2016-02-04 11:35:21,1,-74.00704956054686,40.728900909423835,-73.9739990234375,40.75056076049805,N,1640,3.697638264164797,11
id1557441,2,2016-04-02 11:04:59,2016-04-02 11:15:06,1,-73.96868133544923,40.76446533203125,-73.98136901855469,40.77999114990234,N,607,2.0329905645546242,11
id1538348,2,2016-06-13 11:20:39,2016-06-13 11:31:19,1,-73.96250152587889,40.77866363525391,-73.97010803222656,40.76824569702149,N,640,1.324866525507486,11
id3787093,2,2016-02-16 11:32:10,2016-02-16 11:47:52,3,-73.99726867675781,40.73651123046875,-74.00594329833984,40.71205139160156,N,942,2.8133837523064114,11
id3471637,1,2016-01-25 11:50:50,2016-01-25 12:30:42,1,-73.78977966308595,40.64718627929688,-74.0155258178711,40.71142959594727,N,2392,20.470634099890596,11
id2812898,1,2016-03-26 11:09:40,2016-03-26 11:16:11,1,-73.98949432373048,40.77317810058594,-73.9925079345703,40.7586326599121,N,391,1.634738028302071,11
id1023133,2,2016-05-21 11:16:43,2016-05-21 11:30:48,1,-73.99404907226561,40.75115203857422,-73.98152923583984,40.778751373291016,N,845,3.2430979850904826,11
id3990308,2,2016-06-20 11:19:37,2016-06-20 11:43:23,1,-73.95537567138672,40.77701187133789,-73.90835571289062,40.8464469909668,N,1426,8.681936964132243,11
id0031731,1,2016-03-18 11:35:41,2016-03-18 11:39:33,1,-74.00763702392578,40.71538543701172,-74.00487518310547,40.72649383544922,N,232,1.2551808920710015,11
id1599597,1,2016-04-03 11:30:38,2016-04-03 11:40:05,1,-73.97158813476561,40.78623962402344,-73.9635467529297,40.76900100708008,N,567,2.0319022182672013,11
id0183892,2,2016-04-27 11:23:35,2016-04-27 11:48:05,2,-73.98707580566406,40.75078582763672,-73.94583129882812,40.77776336669922,N,1470,4.61059499434571,11
id0858556,2,2016-05-01 11:27:22,2016-05-01 11:36:17,1,-74.00917053222656,40.706928253173835,-74.00221252441406,40.72817993164063,N,535,2.431947932040166,11
id0103654,2,2016-01-21 11:45:57,2016-01-21 11:51:00,1,-73.98606872558594,40.76228332519531,-73.98238372802734,40.77141952514648,N,303,1.0613884695064246,11
id3090579,1,2016-02-14 11:22:52,2016-02-14 11:27:32,1,-73.95690155029298,40.770854949951165,-73.95982360839844,40.78132629394531,N,280,1.1885604714483509,11
id2011547,1,2016-05-15 11:36:22,2016-05-15 11:51:14,2,-74.0046615600586,40.747825622558594,-74.0045394897461,40.741676330566406,N,892,0.682650270772278,11
id3987550,2,2016-06-23 11:52:48,2016-06-23 12:00:52,1,-73.95039367675781,40.775482177734375,-73.95709228515625,40.781856536865234,N,484,0.9082004216449379,11
id0092596,2,2016-04-16 11:44:28,2016-04-16 11:50:14,1,-73.97827911376953,40.73733901977539,-73.961181640625,40.76047134399414,N,346,2.9504337864021584,11
id2943546,1,2016-04-05 11:52:57,2016-04-05 12:13:36,1,-74.0173568725586,40.70823669433594,-73.96559143066406,40.764354705810554,N,1239,7.6264164784264326,11
id1901657,2,2016-06-25 11:25:00,2016-06-25 11:52:10,1,-73.9770278930664,40.7506217956543,-73.88638305664062,40.75069046020508,N,1630,7.704814865997626,11
id3719556,2,2016-05-04 11:41:25,2016-05-04 11:54:12,1,-73.97379302978516,40.763008117675774,-73.98303985595702,40.74468612670898,N,767,2.1803365239413597,11
id3796907,1,2016-01-06 11:03:48,2016-01-06 11:11:18,1,-73.9985122680664,40.71993255615234,-73.9969711303711,40.73713684082031,N,450,1.914163270632147,11
id1919646,1,2016-01-13 11:24:25,2016-01-13 11:36:21,1,-74.00664520263672,40.736343383789055,-73.99246978759764,40.72487258911133,N,716,1.7529960770551205,11
id0955277,2,2016-03-05 11:44:13,2016-03-05 11:56:06,1,-73.95011901855469,40.771766662597656,-73.97205352783203,40.76082611083984,N,713,2.225057723226022,11
id3775552,1,2016-06-25 11:45:45,2016-06-25 11:55:35,1,-73.97721099853516,40.74942398071289,-73.95315551757811,40.7714729309082,N,590,3.1891681726961894,11
id3373014,1,2016-06-10 11:15:03,2016-06-10 11:33:04,1,-73.99030303955078,40.751502990722656,-73.97370147705078,40.77962112426758,N,1081,3.425294304354731,11
id2563864,1,2016-03-15 11:38:09,2016-03-15 12:09:53,1,-73.87100219726561,40.77367782592773,-73.96539306640625,40.77172088623047,N,1904,8.026163843408678,11
id3652705,2,2016-04-30 11:27:29,2016-04-30 11:35:28,1,-73.96917724609375,40.764381408691406,-73.981689453125,40.76887130737305,N,479,1.1745184561045539,11
id0570600,2,2016-01-09 11:12:22,2016-01-09 11:31:09,1,-73.9676513671875,40.80249786376953,-73.93560791015625,40.79696273803711,N,1127,2.792130772951295,11
id0580525,2,2016-06-20 11:53:29,2016-06-20 12:22:28,1,-74.01444244384764,40.708171844482415,-73.97714996337889,40.74874114990234,N,1739,5.506974128602528,11
id1713347,1,2016-02-18 11:03:06,2016-02-18 11:05:49,1,-73.98733520507811,40.756397247314446,-73.99199676513672,40.7579231262207,N,163,0.43091454008355984,11
id1364162,1,2016-04-21 11:35:19,2016-04-21 11:53:12,1,-73.98617553710938,40.7344970703125,-73.97979736328125,40.74636459350586,N,1073,1.4244954442494873,11
id0047697,2,2016-06-14 11:18:51,2016-06-14 11:27:12,2,-73.96458435058595,40.77023696899414,-73.96751403808595,40.76108169555664,N,501,1.0463015636945567,11
id3145788,2,2016-04-12 11:20:24,2016-04-12 12:03:03,1,-73.86257934570312,40.7688865661621,-73.9887466430664,40.7370491027832,N,2559,11.291490722942141,11
id3044078,2,2016-01-28 11:33:04,2016-01-28 11:43:25,1,-73.965087890625,40.759521484375,-73.97203063964845,40.76009368896485,N,621,0.5935417956964513,11
id1653781,1,2016-03-12 11:01:29,2016-03-12 11:06:42,3,-73.98816680908203,40.74368667602539,-73.99193572998048,40.74607849121094,N,313,0.4160710926771321,11
id1031192,1,2016-01-12 11:24:13,2016-01-12 11:29:45,1,-73.98050689697266,40.73055267333984,-73.9903793334961,40.73050308227539,N,332,0.8391751585519175,11
id1746028,1,2016-03-30 11:13:43,2016-03-30 11:38:34,1,-74.00348663330078,40.713645935058594,-73.99278259277344,40.7431869506836,N,1491,3.402940188852419,11
id1082340,2,2016-02-25 11:23:21,2016-02-25 11:40:49,1,-73.97354888916014,40.763671875,-73.98747253417967,40.75244903564453,N,1048,1.7182990483998475,11
id1218364,1,2016-03-15 11:15:04,2016-03-15 11:26:37,1,-74.00700378417967,40.71607971191406,-73.99118041992188,40.71402359008789,N,693,1.3642125760953951,11
id3771281,2,2016-02-04 11:08:54,2016-02-04 11:10:56,1,-73.96244812011719,40.758888244628906,-73.95774078369139,40.765228271484375,N,122,0.8095388041819852,11
id1567351,2,2016-03-14 11:43:59,2016-03-14 12:13:05,1,-73.98313140869139,40.71495056152344,-73.98233032226561,40.754024505615234,N,1746,4.337742271918375,11
id2239435,2,2016-04-06 11:10:27,2016-04-06 11:31:47,1,-73.96903991699219,40.76448822021485,-73.98056030273438,40.7476806640625,N,1280,2.107013226109441,11
id3858529,2,2016-01-19 11:35:24,2016-01-19 12:10:48,1,-73.97902679443358,40.763938903808594,-74.00533294677734,40.710086822509766,N,2124,6.382105728515836,11
id0475539,1,2016-04-15 11:24:53,2016-04-15 11:50:12,1,-73.96403503417967,40.76540756225586,-73.96932220458984,40.79805755615234,N,1519,3.6519073368485735,11
id3780762,1,2016-04-07 11:34:03,2016-04-07 11:58:27,1,-73.9527816772461,40.76723098754882,-73.99504852294923,40.725444793701165,N,1464,5.8669317948330155,11
id3035870,2,2016-05-22 11:34:47,2016-05-22 11:43:52,1,-73.99729919433594,40.74686813354492,-73.98616790771484,40.7650260925293,N,545,2.2265652060622996,11
id2855122,1,2016-06-14 11:21:30,2016-06-14 11:28:10,1,-74.00369262695312,40.748210906982415,-74.00279235839844,40.75531005859375,N,400,0.7917126558223666,11
id2365360,2,2016-01-28 11:13:23,2016-01-28 11:28:17,1,-73.98139190673827,40.76884078979492,-73.96434783935547,40.77334213256836,N,894,1.5324860045292945,11
id1706367,2,2016-01-26 11:50:33,2016-01-26 12:01:06,1,-73.94686889648438,40.77239990234375,-73.95783233642578,40.7805290222168,N,633,1.2971611411774766,11
id2521182,1,2016-02-18 11:11:33,2016-02-18 11:42:00,1,-74.00514221191406,40.72306060791016,-73.95347595214845,40.78837203979492,N,1827,8.476006260680377,11
id0795578,2,2016-05-18 11:16:28,2016-05-18 12:22:55,6,-73.97804260253906,40.77359008789063,-73.77635192871092,40.645389556884766,N,3987,22.280192294743916,11
id3890623,2,2016-02-14 11:44:58,2016-02-14 11:49:32,1,-73.96234130859375,40.75910949707031,-73.9659652709961,40.76535415649414,N,274,0.758520646502207,11
id0391185,1,2016-06-12 11:58:30,2016-06-12 12:01:03,1,-73.96720886230467,40.79342269897461,-73.97045135498048,40.788623809814446,N,153,0.5997552586502022,11
id0125452,1,2016-05-25 11:06:42,2016-05-25 11:43:16,1,-73.87297821044923,40.77409744262695,-73.97266387939453,40.755905151367195,N,2194,8.710583046350678,11
id0677896,2,2016-02-15 11:05:14,2016-02-15 11:20:13,5,-73.96932983398438,40.7576904296875,-73.99481964111328,40.7519760131836,N,899,2.257573468725299,11
id3475275,1,2016-02-08 11:00:39,2016-02-08 11:13:42,1,-73.95645141601561,40.78679656982422,-73.97421264648438,40.762012481689446,N,783,3.1380558987348985,11
id0135088,2,2016-04-17 11:25:39,2016-04-17 11:46:09,1,-73.98592376708984,40.75606918334961,-73.8709716796875,40.7741813659668,N,1230,9.975617332208953,11
id1756427,1,2016-01-22 11:17:37,2016-01-22 11:28:20,1,-73.9620590209961,40.77059173583984,-73.97593688964845,40.76042175292969,N,643,1.6327411892214252,11
id2432599,2,2016-04-16 11:53:54,2016-04-16 12:14:48,1,-73.9972915649414,40.73680877685546,-73.99700927734375,40.746429443359375,N,1254,1.0681635128017422,11
id1956300,2,2016-02-15 11:33:24,2016-02-15 11:48:00,1,-73.99291229248048,40.768253326416016,-73.96160125732422,40.78051376342773,N,876,2.9892012534180914,11
id3578906,2,2016-06-29 11:42:53,2016-06-29 12:18:33,1,-73.96546173095702,40.763301849365234,-73.98233032226561,40.71467971801758,N,2140,5.584271567654483,11
id3464086,1,2016-02-07 11:10:03,2016-02-07 11:18:45,1,-73.98197937011719,40.76858901977539,-73.97347259521484,40.78467559814453,N,522,1.926458536196658,11
id1786505,2,2016-05-09 11:47:44,2016-05-09 12:11:21,1,-73.96161651611328,40.76234817504882,-73.96161651611328,40.76234817504882,N,1417,0.0,11
id1885669,1,2016-02-14 11:14:33,2016-02-14 11:36:19,1,-73.9859619140625,40.758464813232415,-74.01701354980467,40.70467376708984,N,1306,6.528162087356496,11
id3654632,2,2016-04-25 11:40:22,2016-04-25 11:44:25,1,-73.95462036132812,40.766109466552734,-73.94982147216798,40.77220153808594,N,243,0.7897217032394355,11
id0742754,2,2016-04-27 11:11:58,2016-04-27 11:53:19,1,-73.97428131103516,40.778633117675774,-73.98770141601561,40.732723236083984,N,2481,5.222106932184091,11
id0973663,2,2016-05-12 11:43:31,2016-05-12 12:17:00,1,-73.98743438720702,40.776145935058594,-73.98821258544923,40.743045806884766,N,2009,3.674709615881739,11
id2767917,2,2016-05-03 11:09:12,2016-05-03 11:26:19,5,-73.99021911621094,40.740989685058594,-74.00469970703125,40.74959182739258,N,1027,1.5577892944612552,11
id0481643,2,2016-02-11 11:04:06,2016-02-11 11:12:49,5,-73.99640655517578,40.76354598999024,-73.9960708618164,40.75371551513672,N,523,1.0915557197565269,11
id1259171,2,2016-06-30 11:18:18,2016-06-30 11:31:44,2,-73.95570373535155,40.78178024291992,-73.96820068359375,40.761322021484375,N,806,2.507024520783225,11
id2363126,1,2016-04-30 11:31:53,2016-04-30 11:42:16,1,-74.00774383544923,40.7251205444336,-73.99645233154298,40.72211837768555,N,623,1.015983623745895,11
id0885867,1,2016-02-25 11:05:17,2016-02-25 11:21:15,1,-73.9905776977539,40.740047454833984,-73.98726654052734,40.74601364135742,N,958,0.7195720108764521,11
id2842673,1,2016-02-14 11:48:06,2016-02-14 11:58:05,2,-73.97066497802734,40.76013946533203,-73.98812866210938,40.748359680175774,N,599,1.9781773131949822,11
id3587158,2,2016-04-03 11:27:54,2016-04-03 11:32:10,1,-73.9811248779297,40.77947998046875,-73.97329711914062,40.78499221801758,N,256,0.9039214140271803,11
id1773012,2,2016-05-07 12:25:14,2016-05-07 12:31:00,1,-73.99358367919923,40.7364387512207,-73.99275207519531,40.728340148925774,N,346,0.9017196962294006,12
id2602684,2,2016-05-17 12:26:25,2016-05-17 13:03:27,5,-73.98153686523438,40.780303955078125,-73.99336242675781,40.72797393798828,N,2222,5.894961978727507,12
id0813121,1,2016-06-09 12:17:10,2016-06-09 12:23:02,1,-74.00996398925781,40.72098922729492,-74.01570129394531,40.71456146240234,N,352,0.864221806714665,12
id3138688,2,2016-02-11 12:59:23,2016-02-11 13:11:22,4,-73.97122192382812,40.75128555297852,-73.98672485351561,40.729785919189446,N,719,2.7261054126306057,12
id2724229,1,2016-01-03 12:50:36,2016-01-03 12:54:34,1,-73.95553588867188,40.77678298950195,-73.96356964111328,40.768508911132805,N,238,1.1444694260385753,12
id2833175,1,2016-01-16 12:48:04,2016-01-16 12:52:03,1,-73.9923095703125,40.71510314941406,-73.99188995361328,40.72476577758789,N,239,1.0731446186476323,12
id1992143,2,2016-02-11 12:51:00,2016-02-11 13:01:50,1,-73.97815704345702,40.77310943603516,-73.95562744140625,40.78778076171875,N,650,2.5138327427641243,12
id1109264,1,2016-06-03 12:52:02,2016-06-03 13:35:18,2,-73.97809600830078,40.766796112060554,-73.8751449584961,40.770034790039055,N,2596,8.758220292366312,12
id3024884,1,2016-06-01 12:26:22,2016-06-01 12:46:58,1,-73.9944076538086,40.74123764038086,-73.9814224243164,40.736419677734375,N,1236,1.2264813094335063,12
id1408412,2,2016-02-07 12:35:35,2016-02-07 12:53:41,6,-73.98243713378906,40.77780532836913,-73.97095489501953,40.75103378295898,N,1086,3.127812414791291,12
id0364407,1,2016-03-30 12:24:01,2016-03-30 12:54:35,1,-74.00648498535155,40.73311614990234,-73.98273468017578,40.7673225402832,N,1834,4.300229851206488,12
id2048074,1,2016-02-10 12:07:13,2016-02-10 12:21:46,1,-73.97477722167967,40.7830467224121,-73.98216247558594,40.761322021484375,N,873,2.49181005303412,12
id0824453,2,2016-05-18 12:23:03,2016-05-18 12:29:03,1,-73.98063659667967,40.782840728759766,-73.97138214111328,40.786128997802734,N,360,0.8671840569512429,12
id0743542,1,2016-05-07 12:29:28,2016-05-07 12:35:44,1,-73.9788360595703,40.766448974609375,-73.97059631347656,40.763835906982415,N,376,0.7580628105436465,12
id1452412,2,2016-01-19 12:23:25,2016-01-19 12:35:49,1,-73.98551177978516,40.758548736572266,-73.97359466552734,40.779483795166016,N,744,2.534972229042317,12
id3670703,2,2016-04-11 12:02:11,2016-04-11 12:19:54,6,-73.96131134033203,40.77857971191406,-73.96507263183594,40.755348205566406,N,1063,2.5984406121750947,12
id1665671,2,2016-05-27 12:52:57,2016-05-27 13:01:57,1,-73.9738998413086,40.791988372802734,-73.97041320800781,40.78601837158203,N,540,0.7259223295566775,12
id3780721,1,2016-03-24 12:56:13,2016-03-24 13:12:39,1,-73.99137878417967,40.73026657104492,-73.97234344482422,40.760120391845696,N,986,3.687686983442175,12
id1749246,1,2016-02-09 12:44:52,2016-02-09 12:58:07,1,-73.95536804199219,40.77693939208984,-73.94102478027344,40.824264526367195,N,795,5.3927123699642125,12
id0534458,1,2016-03-14 12:38:35,2016-03-14 12:54:13,1,-73.97171783447266,40.75854110717773,-73.99063873291014,40.75722885131836,N,938,1.6148590729508456,12
id0664622,1,2016-06-08 12:22:54,2016-06-08 12:28:52,1,-73.97603607177734,40.757301330566406,-73.96965026855469,40.762222290039055,N,358,0.770057094714885,12
id0745571,2,2016-02-12 12:45:16,2016-02-12 13:11:50,5,-73.96553039550781,40.76583099365234,-73.99159240722656,40.750118255615234,N,1594,2.819460756857817,12
id2341552,2,2016-02-19 12:05:05,2016-02-19 12:16:24,2,-73.97403717041014,40.743350982666016,-73.968505859375,40.75990295410156,N,679,1.8964726544444037,12
id2103703,2,2016-05-27 12:05:00,2016-05-27 12:10:58,1,-73.94479370117188,40.77500915527344,-73.95552825927734,40.78248977661133,N,358,1.2337023504571383,12
id3894507,2,2016-03-07 12:25:36,2016-03-07 12:37:24,1,-73.98008728027342,40.766460418701165,-73.9906234741211,40.75252914428711,N,708,1.7869868265961375,12
id2508860,2,2016-06-05 12:26:19,2016-06-05 12:52:56,1,-74.0023422241211,40.70890045166016,-73.99234008789062,40.742839813232415,N,1597,3.862010545063316,12
id2118801,1,2016-03-31 12:25:31,2016-03-31 13:28:14,1,-73.98494720458984,40.77927780151367,-73.98573303222656,40.77952575683594,N,3763,0.07224359097883763,12
id3536695,1,2016-05-18 12:49:47,2016-05-18 13:14:09,2,-73.98560333251953,40.741477966308594,-73.9685287475586,40.76744842529297,N,1462,3.227455196827571,12
id1635291,1,2016-01-09 12:46:18,2016-01-09 13:00:54,1,-73.96546936035155,40.75904846191406,-73.99665832519531,40.71515274047852,N,876,5.546950147947426,12
id3111504,1,2016-01-27 12:30:02,2016-01-27 12:41:57,1,-73.97817993164062,40.75669860839844,-73.98680114746092,40.76649475097656,N,715,1.311250635993373,12
id2924350,1,2016-01-30 12:44:04,2016-01-30 12:58:24,1,-73.9791717529297,40.723480224609375,-74.01760101318358,40.708023071289055,N,860,3.6896769035586807,12
id2348501,1,2016-05-07 12:32:25,2016-05-07 12:59:51,1,-73.95484161376953,40.77337265014648,-73.99478912353516,40.73229217529297,N,1646,5.685302706036118,12
id2519539,2,2016-04-29 12:36:52,2016-04-29 12:54:17,6,-73.96537780761719,40.75926971435546,-73.97781372070312,40.78705978393555,N,1045,3.26078522289713,12
id3955996,1,2016-02-22 12:32:23,2016-02-22 12:41:00,1,-73.9822006225586,40.767822265625,-73.97962188720702,40.78421401977539,N,517,1.8326401628918396,12
id1575394,2,2016-05-10 12:49:46,2016-05-10 12:55:19,1,-73.97377014160156,40.751651763916016,-73.96676635742188,40.761226654052734,N,333,1.218186739413592,12
id2218301,2,2016-01-30 12:21:37,2016-01-30 12:36:34,1,-73.97567749023438,40.78171157836913,-73.98983001708984,40.756160736083984,N,897,3.08071975113515,12
id1744233,1,2016-05-31 12:49:33,2016-05-31 13:05:58,1,-74.01688385009764,40.709232330322266,-73.99490356445312,40.741329193115234,N,985,4.022913843125094,12
id0096694,1,2016-04-27 12:53:42,2016-04-27 13:11:12,2,-73.97517395019531,40.754104614257805,-73.99822235107422,40.72460174560546,N,1050,3.816092719572319,12
id3220999,2,2016-05-12 12:03:02,2016-05-12 12:12:58,1,-73.97058868408203,40.75340270996094,-73.96048736572266,40.7701416015625,N,596,2.0468125764345277,12
id3090983,2,2016-06-05 12:42:15,2016-06-05 12:53:53,1,-74.00272369384764,40.73925018310546,-74.00296020507811,40.72636032104492,N,698,1.4309159160370024,12
id1279241,2,2016-04-01 12:27:47,2016-04-01 12:51:41,6,-73.98905944824217,40.6933479309082,-73.9780044555664,40.7583236694336,N,1434,7.273263356725059,12
id2250534,1,2016-03-05 12:17:44,2016-03-05 12:28:12,1,-73.9949722290039,40.71826553344727,-73.97750854492188,40.73837661743164,N,628,2.680817237076838,12
id1222835,2,2016-01-08 12:20:54,2016-01-08 12:34:32,1,-73.99077606201173,40.73455810546875,-73.99353790283203,40.74981689453125,N,818,1.7099172379203735,12
id2427925,2,2016-06-12 12:55:01,2016-06-12 13:05:47,1,-74.00538635253906,40.74589157104492,-73.98451232910156,40.75358963012695,N,646,1.9693288028110962,12
id3190313,1,2016-05-06 12:40:16,2016-05-06 12:51:58,1,-73.99312591552734,40.75293731689453,-73.99313354492188,40.7473258972168,N,702,0.622867921820523,12
id1583797,1,2016-03-16 12:21:12,2016-03-16 12:26:07,1,-73.96765899658203,40.79284286499024,-73.96868133544923,40.786407470703125,N,295,0.7195950165446244,12
id2427472,1,2016-02-23 12:37:43,2016-02-23 12:52:12,1,-74.0045394897461,40.70738983154297,-73.98517608642578,40.73242568969727,N,869,3.229811571553071,12
id1459893,1,2016-06-19 12:51:52,2016-06-19 12:59:57,1,-73.99874114990233,40.7348747253418,-73.97893524169923,40.74503326416016,N,485,2.0262419566004066,12
id1942013,1,2016-02-22 12:56:29,2016-02-22 13:03:34,1,-73.99419403076173,40.7352294921875,-74.00708770751953,40.72748565673828,N,425,1.3928341995616167,12
id1335263,2,2016-02-10 12:52:17,2016-02-10 13:09:29,1,-73.97612762451173,40.74463272094727,-73.99740600585938,40.7449607849121,N,1032,1.8090289630957543,12
id0368149,2,2016-04-09 12:30:55,2016-04-09 12:35:32,1,-73.99147033691406,40.756301879882805,-73.9852294921875,40.759868621826165,N,277,0.6619242846303984,12
id0102638,1,2016-04-30 12:24:04,2016-04-30 12:55:00,1,-73.95989227294923,40.80078506469727,-73.9799575805664,40.76450347900391,N,1856,4.373522116383138,12
id3552792,2,2016-01-02 12:21:26,2016-01-02 12:29:46,1,-74.00068664550781,40.735721588134766,-74.01571655273438,40.715370178222656,N,500,2.5952310536535284,12
id2784001,1,2016-01-23 12:32:00,2016-01-23 13:28:46,1,-73.95578002929686,40.76385116577149,-74.14320373535155,40.6167106628418,N,3406,22.815585151079667,12
id1577225,1,2016-06-29 12:24:32,2016-06-29 12:50:20,1,-73.98822784423827,40.73754501342773,-73.98206329345702,40.76277160644531,N,1548,2.8487562946923615,12
id1810858,1,2016-04-14 12:45:34,2016-04-14 12:53:55,1,-73.98500061035155,40.753433227539055,-73.98184967041014,40.768646240234375,N,501,1.709752260803492,12
id2752793,2,2016-06-10 12:02:29,2016-06-10 12:16:24,1,-74.0091781616211,40.726947784423835,-73.98973846435547,40.722461700439446,N,835,1.725775252785999,12
id1330273,2,2016-03-22 12:00:02,2016-03-22 12:22:38,1,-73.9779281616211,40.75300979614258,-73.98216247558594,40.765090942382805,N,1356,1.3884669314211058,12
id2087666,1,2016-03-05 12:03:49,2016-03-05 12:10:34,1,-73.95912170410156,40.772003173828125,-73.97022247314453,40.76639175415039,N,405,1.130610292011664,12
id1635016,1,2016-03-27 12:57:35,2016-03-27 13:12:48,4,-73.97950744628906,40.760833740234375,-73.98326873779298,40.74158477783203,N,913,2.160421885775844,12
id0154543,1,2016-04-08 12:12:58,2016-04-08 12:32:13,1,-73.9886016845703,40.76408386230469,-73.99292755126953,40.743061065673835,N,1155,2.3623222812915863,12
id3781765,2,2016-02-10 12:47:53,2016-02-10 12:56:31,1,-73.98270416259764,40.782241821289055,-73.98204803466798,40.76891326904297,N,518,1.4805201106389987,12
id1415404,2,2016-05-10 12:22:19,2016-05-10 12:43:15,2,-73.97940063476561,40.75399017333984,-73.95628356933594,40.78314971923828,N,1256,3.7864653319192847,12
id0991305,2,2016-06-02 12:32:20,2016-06-02 12:49:17,1,-74.00143432617188,40.72444152832031,-73.98834991455078,40.73936462402344,N,1017,1.9951954635949505,12
id0482152,1,2016-01-18 12:55:37,2016-01-18 13:01:18,1,-73.95854949951173,40.77243423461913,-73.9565200805664,40.783809661865234,N,341,1.274401079606864,12
id2163062,2,2016-05-21 12:00:49,2016-05-21 12:16:55,1,-73.98440551757811,40.73458862304688,-74.0084457397461,40.73486328125,N,966,2.0436462995065807,12
id1394850,2,2016-06-17 12:08:06,2016-06-17 12:33:56,6,-73.9856719970703,40.7523307800293,-73.94667053222656,40.790821075439446,N,1550,5.407739548942902,12
id1410780,2,2016-01-21 12:06:44,2016-01-21 12:33:03,1,-74.00384521484375,40.70744705200195,-74.00770568847656,40.72461700439453,N,1579,1.9339070152198103,12
id1115635,2,2016-05-25 12:08:23,2016-05-25 13:16:07,1,-73.87297821044923,40.774147033691406,-74.17528533935547,40.606422424316406,N,4064,31.731665922990235,12
id3345435,1,2016-04-10 12:21:25,2016-04-10 12:40:01,1,-73.99248504638672,40.75838851928711,-74.01486206054686,40.71126174926758,N,1116,5.566137665168251,12
id2682839,2,2016-04-06 12:21:45,2016-04-06 12:44:30,1,-73.98200225830078,40.73202133178711,-73.96878814697266,40.76163864135742,N,1365,3.4741004218426754,12
id0373501,2,2016-04-15 12:31:14,2016-04-15 12:56:37,1,-73.98077392578125,40.68851852416992,-73.91154479980467,40.67829132080078,N,1523,5.992977376837272,12
id1444540,2,2016-06-10 12:26:49,2016-06-10 12:31:23,1,-73.99588012695312,40.7252082824707,-74.00550842285155,40.72872161865234,N,274,0.906571364414107,12
id3759315,2,2016-05-29 12:11:20,2016-05-29 12:21:01,1,-73.9871597290039,40.74863052368164,-73.97382354736328,40.76459884643555,N,581,2.103970577085453,12
id2874736,2,2016-02-28 12:04:05,2016-02-28 12:07:33,1,-73.9840087890625,40.73775100708008,-73.98146057128906,40.729129791259766,N,208,0.9811614050569674,12
id1297138,1,2016-06-11 12:46:50,2016-06-11 12:56:22,1,-73.98045349121092,40.77823257446289,-73.9637222290039,40.80790710449219,N,572,3.5877750197439826,12
id3094901,2,2016-04-12 12:52:32,2016-04-12 13:10:38,1,-73.98686218261719,40.75106048583984,-73.99916076660156,40.73848342895508,N,1086,1.7440709403752552,12
id2204410,1,2016-04-07 12:10:52,2016-04-07 12:10:58,1,-73.95594787597656,40.77365493774414,-73.95594024658203,40.773681640625,Y,6,0.003034133085249639,12
id1510699,2,2016-03-07 12:45:23,2016-03-07 12:54:16,1,-73.98790740966798,40.75007629394531,-73.97631072998048,40.76596450805664,N,533,2.020370126297227,12
id1391792,2,2016-06-18 12:56:39,2016-06-18 13:12:42,1,-73.96853637695312,40.76166915893555,-74.00164031982422,40.7353401184082,N,963,4.056946119600491,12
id2405752,2,2016-04-30 12:50:22,2016-04-30 12:55:58,1,-73.97325134277344,40.73046875,-74.00428009033203,40.70738220214844,N,336,3.677371630694706,12
id3544789,2,2016-04-04 12:10:25,2016-04-04 12:21:00,3,-73.95113372802734,40.77167510986328,-73.96673583984375,40.76409149169922,N,635,1.5707795412682273,12
id3906397,1,2016-06-30 12:21:35,2016-06-30 12:31:34,2,-73.96862030029298,40.75239944458008,-73.98150634765625,40.75754165649414,N,599,1.235114945231988,12
id1767284,1,2016-02-11 12:08:35,2016-02-11 12:19:55,1,-73.94959259033203,40.809364318847656,-73.9635467529297,40.79822540283203,N,680,1.713352238510766,12
id1703417,2,2016-03-05 12:27:27,2016-03-05 12:30:08,1,-73.99999237060547,40.73876190185546,-73.99128723144531,40.73503112792969,N,161,0.8479377888397684,12
id1441688,1,2016-03-17 12:09:06,2016-03-17 12:18:43,1,-73.95835876464845,40.768718719482415,-73.9568099975586,40.779075622558594,N,577,1.157129189847311,12
id0858251,1,2016-03-01 12:16:03,2016-03-01 12:36:17,1,-74.00724029541014,40.73938751220703,-73.9957504272461,40.72124481201172,N,1214,2.2381630321429933,12
id2913296,1,2016-03-31 12:13:37,2016-03-31 12:43:35,1,-73.98995208740233,40.7559814453125,-73.98291015625,40.74291610717773,N,1798,1.5689204723519181,12
id2629014,1,2016-04-02 12:04:03,2016-04-02 12:07:52,1,-73.98120880126953,40.75368881225586,-73.98613739013672,40.74665069580078,N,229,0.8864672303270207,12
id1832818,1,2016-01-17 12:35:49,2016-01-17 12:40:02,1,-73.97952270507811,40.76699447631836,-73.97744750976561,40.75818634033203,N,253,0.9934874624585291,12
id2918827,1,2016-03-13 12:32:44,2016-03-13 13:23:14,2,-73.7951889038086,40.644805908203125,-73.98039245605469,40.782188415527344,N,3030,21.917254600852658,12
id1269108,2,2016-04-27 12:44:44,2016-04-27 13:02:00,5,-73.98645782470702,40.76657104492188,-73.99392700195312,40.754291534423835,N,1036,1.5036328216430555,12
id1135091,1,2016-05-21 12:27:58,2016-05-21 12:34:11,1,-73.98091888427734,40.68987274169922,-73.96601867675781,40.693462371826165,N,373,1.327715515971345,12
id0341543,1,2016-06-24 12:19:00,2016-06-24 12:23:42,1,-73.91753387451173,40.76510620117188,-73.9168930053711,40.76964569091797,N,282,0.5068193421575822,12
id2185681,1,2016-04-14 12:15:20,2016-04-14 12:41:59,1,-73.95210266113281,40.766143798828125,-73.98593139648438,40.769725799560554,N,1599,2.9028015801877554,12
id1744952,2,2016-02-28 12:04:03,2016-02-28 12:13:57,5,-73.98603820800781,40.73495864868164,-73.9900665283203,40.750770568847656,N,594,1.788211380079496,12
id3560943,1,2016-04-15 12:06:16,2016-04-15 12:26:25,1,-73.95568084716798,40.767860412597656,-73.98206329345702,40.77003860473633,N,1209,2.2555041741824335,12
id0345288,2,2016-04-01 12:42:03,2016-04-01 12:56:18,1,-73.97863006591797,40.782611846923835,-73.96520233154298,40.765090942382805,N,855,2.2549995939007097,12
id0003652,1,2016-03-17 12:29:55,2016-03-17 12:32:38,1,-73.96794128417967,40.76274871826172,-73.96968841552734,40.75861740112305,N,163,0.4820230433399852,12
id0675368,1,2016-02-03 12:51:00,2016-02-03 13:21:02,1,-73.86266326904298,40.768829345703125,-73.95430755615233,40.76406478881836,N,1802,7.807696748968414,12
id1422687,2,2016-04-22 12:28:05,2016-04-22 12:58:21,3,-73.97272491455078,40.780548095703125,-74.01717376708984,40.70483016967773,N,1816,9.214838387148466,12
id0322237,1,2016-06-21 12:47:23,2016-06-21 12:52:36,1,-73.96814727783203,40.7680778503418,-73.96314239501953,40.77684783935546,N,313,1.0623650135906177,12
id3384550,2,2016-03-25 12:20:25,2016-03-25 12:37:44,5,-73.98226928710938,40.74016189575195,-73.97488403320312,40.759010314941406,N,1039,2.184321413014858,12
id2386263,2,2016-04-05 12:00:13,2016-04-05 12:03:01,1,-73.95922088623048,40.78057861328125,-73.9531021118164,40.78718185424805,N,168,0.8987378141427658,12
id1229761,1,2016-03-20 12:26:56,2016-03-20 12:48:16,2,-73.86334991455078,40.77006149291992,-73.95156860351561,40.759395599365234,N,1280,7.591474377137925,12
id0717152,2,2016-03-18 12:42:40,2016-03-18 12:45:03,1,-73.98755645751953,40.756153106689446,-73.99134063720702,40.750503540039055,N,143,0.7047828783725455,12
id3346838,2,2016-06-01 12:38:52,2016-06-01 12:55:00,1,-73.97987365722656,40.77785873413086,-73.96566772460938,40.774311065673835,N,968,1.2700937273321116,12
id0414710,2,2016-06-12 12:19:10,2016-06-12 12:26:49,5,-73.976318359375,40.78820037841797,-73.982177734375,40.776329040527344,N,459,1.4086989566197348,12
id0529908,1,2016-05-17 12:45:13,2016-05-17 12:52:17,1,-73.96062469482422,40.76995086669922,-73.95848083496092,40.78156661987305,N,424,1.3021623917294414,12
id1398673,2,2016-04-26 12:58:44,2016-04-26 13:17:30,5,-73.96366882324217,40.75762939453125,-74.00286102294923,40.76047134399414,N,1126,3.346239497690059,12
id0630466,1,2016-05-19 12:32:20,2016-05-19 13:11:34,1,-73.98110961914062,40.76447677612305,-74.0157699584961,40.709922790527344,N,2354,6.734141622557838,12
id3866469,1,2016-04-20 12:30:30,2016-04-20 12:38:26,1,-73.96363067626953,40.7613525390625,-73.92989349365233,40.74053955078125,N,476,3.682484702058788,12
id1124944,1,2016-03-03 12:23:32,2016-03-03 12:33:13,1,-73.98126220703125,40.75294876098633,-73.99427795410156,40.748531341552734,N,581,1.2101288675136024,12
id3621195,1,2016-04-20 12:11:56,2016-04-20 12:22:10,1,-73.97588348388672,40.74069595336913,-73.96056365966798,40.76155853271485,N,614,2.6567587182393644,12
id0616658,1,2016-06-10 12:17:31,2016-06-10 12:29:17,1,-73.98181915283203,40.76751327514648,-73.98407745361328,40.75810241699219,N,706,1.062095607048416,12
id0721519,2,2016-06-26 12:24:30,2016-06-26 12:40:08,2,-73.96562957763672,40.7929916381836,-73.89691925048828,40.8968162536621,N,938,12.919940328304675,12
id3412899,2,2016-05-16 12:04:45,2016-05-16 12:20:39,1,-73.98483276367188,40.7480697631836,-73.969482421875,40.75563049316406,N,954,1.5513780581307877,12
id2858694,2,2016-04-28 12:57:58,2016-04-28 13:07:25,2,-73.9922332763672,40.75894165039063,-73.99324035644531,40.74732971191406,N,567,1.2917645936770104,12
id0948191,2,2016-05-26 12:35:56,2016-05-26 12:45:29,2,-73.98212432861328,40.76259994506836,-73.98601531982422,40.75421524047852,N,573,0.9877204810961321,12
id0355829,1,2016-03-25 12:11:25,2016-03-25 12:27:08,1,-73.9696044921875,40.75798034667969,-73.97770690917967,40.782909393310554,N,943,2.8515419328154477,12
id1451165,2,2016-06-23 12:18:49,2016-06-23 12:45:42,1,-74.0080795288086,40.739940643310554,-73.98092651367188,40.759960174560554,N,1613,3.2038919302031696,12
id3448429,2,2016-03-25 12:57:39,2016-03-25 13:02:14,3,-73.95555877685547,40.77995681762695,-73.96092224121092,40.76982116699219,N,275,1.2139166022747474,12
id3470295,1,2016-02-08 12:16:16,2016-02-08 12:21:42,1,-73.96276092529298,40.76973342895508,-73.96356201171875,40.774375915527344,N,326,0.5197953032481464,12
id3418482,2,2016-04-06 12:22:53,2016-04-06 12:46:51,1,-73.96974945068358,40.76800155639648,-73.96103668212889,40.768341064453125,N,1438,0.741543535964135,12
id0122959,2,2016-01-15 12:34:04,2016-01-15 12:44:35,1,-73.97083282470702,40.7587776184082,-73.98419189453125,40.74430084228516,N,631,1.967639852467593,12
id0540239,1,2016-04-14 12:48:38,2016-04-14 13:08:17,1,-73.98954772949219,40.772499084472656,-73.96437835693358,40.773242950439446,N,1179,2.140989435002273,12
id2093721,2,2016-06-16 12:54:13,2016-06-16 13:03:53,1,-73.97852325439453,40.741397857666016,-73.98015594482422,40.732318878173835,N,580,1.0172773924024825,12
id0452352,1,2016-05-07 12:05:57,2016-05-07 12:14:23,1,-73.9805145263672,40.74212646484375,-73.97566986083984,40.75176239013672,N,506,1.1461214067440124,12
id3300108,2,2016-04-13 12:25:17,2016-04-13 12:41:38,6,-73.98444366455078,40.754150390625,-73.9742431640625,40.7604866027832,N,981,1.1164323345244007,12
id2758658,2,2016-02-21 12:31:03,2016-02-21 12:34:24,2,-73.97861480712889,40.787796020507805,-73.98116302490233,40.781856536865234,N,201,0.6939514195583264,12
id3803416,2,2016-05-21 12:30:59,2016-05-21 12:39:58,3,-73.96803283691406,40.75981903076172,-73.92449188232422,40.74362182617188,N,539,4.114567876104673,12
id1652846,2,2016-01-06 12:47:54,2016-01-06 12:55:02,5,-74.00053405761719,40.76226043701172,-73.98182678222656,40.76678085327149,N,428,1.667406931861785,12
id2951175,1,2016-02-03 12:59:39,2016-02-03 13:07:48,1,-73.99485015869139,40.74350357055664,-73.99551391601561,40.74596786499024,N,489,0.279294579378883,12
id0080817,2,2016-06-12 12:55:06,2016-06-12 13:01:01,5,-73.98216247558594,40.776100158691406,-73.97952270507811,40.76552963256836,N,355,1.1945903645842662,12
id3550721,2,2016-03-27 12:38:07,2016-03-27 12:50:24,1,-73.99626159667967,40.732418060302734,-74.01677703857422,40.70475769042969,N,737,3.5309532455045662,12
id0351963,1,2016-06-17 12:52:53,2016-06-17 12:57:43,1,-73.96051788330078,40.77560043334961,-73.95597076416014,40.787017822265625,N,290,1.324957347289859,12
id1625085,2,2016-01-26 12:28:57,2016-01-26 12:59:12,1,-74.00164794921875,40.71501922607422,-73.98947143554686,40.7277717590332,N,1815,1.7535566831777567,12
id0666864,1,2016-03-21 12:53:35,2016-03-21 12:56:03,1,-73.96721649169923,40.75334167480469,-73.97119903564453,40.75485229492188,N,148,0.37776902021592906,12
id3745230,1,2016-02-23 12:40:50,2016-02-23 13:04:55,1,-74.01531219482422,40.71466445922852,-73.98333740234375,40.7542381286621,N,1445,5.165497319563985,12
id3507999,1,2016-03-25 12:26:41,2016-03-25 12:41:11,1,-73.9875259399414,40.775184631347656,-73.96963500976561,40.762840270996094,N,870,2.046980873496628,12
id2530550,2,2016-04-08 12:24:37,2016-04-08 12:37:59,1,-74.01714324951173,40.705360412597656,-74.00283813476561,40.725830078125,N,802,2.577030290775531,12
id3699353,2,2016-06-30 12:51:10,2016-06-30 13:16:46,5,-73.99408721923827,40.7510871887207,-73.97702026367188,40.757709503173835,N,1536,1.6262973529268587,12
id0227678,1,2016-01-22 12:26:10,2016-01-22 12:32:01,1,-74.0092544555664,40.72917938232422,-74.01559448242188,40.712005615234375,N,351,1.9809972664301465,12
id0633204,2,2016-01-31 12:06:57,2016-01-31 12:20:18,2,-73.79891204833984,40.70892333984375,-73.78269958496092,40.64408493041992,N,801,7.3278079888237215,12
id3781050,2,2016-04-25 12:04:57,2016-04-25 12:16:47,2,-73.94497680664062,40.78327560424805,-73.97689819335938,40.73905944824219,N,710,5.608073846329203,12
id0564555,2,2016-05-27 12:32:28,2016-05-27 12:39:08,1,-73.9994125366211,40.73830032348633,-73.98582458496092,40.73271179199219,N,400,1.31102055317051,12
id2996587,2,2016-05-31 12:38:04,2016-05-31 12:46:54,1,-73.99381256103516,40.76205825805664,-74.0035400390625,40.750770568847656,N,530,1.501166054708571,12
id1813336,2,2016-03-21 12:09:30,2016-03-21 12:18:52,1,-73.9678192138672,40.762508392333984,-73.98238372802734,40.751731872558594,N,562,1.721476984025741,12
id0628446,2,2016-01-06 12:11:24,2016-01-06 12:18:56,1,-73.97618103027344,40.78110122680664,-73.97516632080078,40.765090942382805,N,452,1.7792333401444937,12
id1188616,1,2016-04-21 12:48:58,2016-04-21 13:04:08,1,-73.98329162597656,40.76735305786133,-73.99993896484375,40.752487182617195,N,910,2.173743885459548,12
id2910000,2,2016-01-13 12:41:38,2016-01-13 12:46:49,1,-73.97120666503906,40.75521087646485,-73.96206665039062,40.764591217041016,N,311,1.2991189552677727,12
id0012980,2,2016-06-16 12:12:59,2016-06-16 12:26:37,2,-73.98861694335938,40.74887847900391,-73.97193908691406,40.755001068115234,N,818,1.5721025498268495,12
id0999151,2,2016-06-02 12:13:32,2016-06-02 12:35:01,1,-73.95458221435547,40.780738830566406,-73.96803283691406,40.76272964477539,N,1289,2.3028723398116835,12
id3081676,1,2016-05-17 12:43:05,2016-05-17 13:09:52,1,-73.976806640625,40.757637023925774,-73.99208068847656,40.74937438964844,N,1607,1.589571017288361,12
id0402596,2,2016-02-24 12:44:17,2016-02-24 12:48:36,1,-73.97271728515625,40.780811309814446,-73.98140716552734,40.77864074707031,N,259,0.7769409586574049,12
id2989198,1,2016-04-17 12:44:54,2016-04-17 13:31:06,2,-73.98568725585938,40.75822830200195,-73.7893295288086,40.64188766479492,N,2772,21.102989994226554,12
id2626700,1,2016-01-01 12:14:00,2016-01-01 12:23:17,1,-74.00140380859375,40.73126220703125,-73.98097229003906,40.7446403503418,N,557,2.284994906531294,12
id2246540,2,2016-01-04 12:54:24,2016-01-04 13:11:18,1,-73.98865509033203,40.69580078125,-74.00452423095702,40.74148178100586,N,1014,5.246938330981932,12
id3154075,1,2016-05-18 12:17:17,2016-05-18 13:09:09,1,-73.9942855834961,40.75089645385742,-73.94721984863281,40.77999114990234,N,3112,5.141443672450071,12
id0209968,2,2016-06-02 12:29:45,2016-06-02 12:45:12,1,-73.95092010498048,40.77501678466797,-73.96697235107422,40.761043548583984,N,927,2.0657663503859114,12
id3023626,1,2016-01-22 12:12:11,2016-01-22 12:26:16,1,-74.00763702392578,40.70523452758789,-73.98102569580078,40.753582000732415,N,845,5.82379124980259,12
id1697078,1,2016-04-09 12:56:09,2016-04-09 13:14:30,1,-73.96617889404298,40.7946891784668,-73.93800354003906,40.81797790527344,N,1101,3.5239249490589644,12
id3521724,2,2016-03-02 12:51:53,2016-03-02 13:18:59,1,-73.9729766845703,40.78255081176758,-73.97709655761719,40.7590217590332,N,1626,2.6350975679395936,12
id0311788,2,2016-01-25 12:07:08,2016-01-25 12:33:20,3,-74.0159912109375,40.7109260559082,-73.9955062866211,40.74931335449219,N,1572,4.603029338916574,12
id1100078,1,2016-03-01 12:40:11,2016-03-01 12:52:33,1,-74.00667572021484,40.74437713623047,-73.98968505859375,40.76765060424805,N,742,2.959637554620049,12
id2817046,1,2016-01-28 12:03:37,2016-01-28 12:22:27,1,-73.99435424804686,40.690185546875,-73.95679473876953,40.67868423461913,N,1130,3.4383502683928806,12
id0867243,2,2016-06-13 12:48:41,2016-06-13 13:00:29,2,-73.97323608398438,40.76431274414063,-73.97872924804686,40.7480583190918,N,708,1.8636790331536512,12
id1273047,2,2016-01-16 12:27:05,2016-01-16 12:32:25,3,-74.0035400390625,40.732467651367195,-74.01306915283203,40.71442794799805,N,320,2.160021540775174,12
id2123628,2,2016-05-11 12:45:14,2016-05-11 12:48:41,1,-73.96269226074217,40.77251815795898,-73.96479797363281,40.76977157592773,N,207,0.3535278341920437,12
id2285180,2,2016-04-03 12:04:24,2016-04-03 12:24:30,2,-73.978759765625,40.75757598876953,-73.9913558959961,40.750164031982415,N,1206,1.3502653872544077,12
id1519132,2,2016-06-09 12:57:53,2016-06-09 13:17:56,2,-73.9552993774414,40.76853942871094,-73.98335266113281,40.73445892333984,N,1203,4.471754085623264,12
id1124493,1,2016-05-11 12:39:13,2016-05-11 12:58:27,1,-74.0049285888672,40.70670318603516,-73.9872817993164,40.7406005859375,N,1154,4.050577218349071,12
id1155771,2,2016-04-22 12:37:56,2016-04-22 12:45:31,1,-73.97525024414062,40.76031875610352,-73.97750854492188,40.753314971923835,N,455,0.8007676718014257,12
id1021401,2,2016-04-21 12:33:50,2016-04-21 13:01:03,1,-73.97072601318358,40.75916290283203,-73.99214935302734,40.74812316894531,N,1633,2.1949061744560905,12
id2677008,1,2016-01-15 12:43:34,2016-01-15 12:53:24,2,-73.9598617553711,40.80865097045898,-73.94123077392578,40.841323852539055,N,590,3.957369647596019,12
id2542159,2,2016-02-26 12:58:06,2016-02-26 13:02:47,2,-73.9992446899414,40.7249755859375,-73.99342346191406,40.72764587402344,N,281,0.5767889640555881,12
id2026933,2,2016-06-11 12:58:38,2016-06-11 13:05:24,1,-73.9740982055664,40.76398849487305,-73.98529052734375,40.753231048583984,N,406,1.5267221624130667,12
id0125449,2,2016-05-12 12:40:46,2016-05-12 12:50:09,1,-73.96486663818358,40.75933074951172,-73.96932983398438,40.76166915893555,N,563,0.45966947482570164,12
id1943503,1,2016-03-24 12:49:33,2016-03-24 12:56:08,1,-73.97095489501953,40.75198745727539,-73.96976470947266,40.757518768310554,N,395,0.6222543358628414,12
id2977530,2,2016-03-25 12:30:44,2016-03-26 00:00:00,1,-73.7893829345703,40.64311981201172,-73.95774841308594,40.7653694152832,N,41356,19.7216510628951,12
id1029858,1,2016-02-13 12:15:24,2016-02-13 12:16:49,1,-73.9808349609375,40.7822265625,-73.98157501220702,40.779518127441406,N,85,0.3071467694981648,12
id1892374,1,2016-04-15 12:46:04,2016-04-15 12:57:57,1,-73.98919677734375,40.75372695922852,-73.99298858642578,40.744911193847656,N,713,1.0302619765443226,12
id0316119,1,2016-01-10 12:28:17,2016-01-10 12:30:55,1,-73.99376678466798,40.741798400878906,-73.9912567138672,40.74506378173828,N,158,0.4205901412643288,12
id3601518,2,2016-06-03 12:24:16,2016-06-03 12:56:45,1,-73.87262725830078,40.7744255065918,-73.95808410644531,40.810901641845696,N,1949,8.31603578586956,12
id0302271,2,2016-05-30 12:01:29,2016-05-30 12:13:49,1,-73.96542358398438,40.795806884765625,-73.93723297119139,40.80515670776367,N,740,2.611297816189346,12
id3418008,1,2016-02-02 12:42:55,2016-02-02 13:05:16,2,-73.95566558837889,40.78517532348633,-74.00850677490233,40.74553298950195,N,1341,6.287782745235857,12
id1056035,2,2016-05-21 12:10:40,2016-05-21 12:19:07,1,-73.9558334350586,40.779598236083984,-73.9533920288086,40.7672004699707,N,507,1.391710741900844,12
id0958054,2,2016-06-01 12:27:14,2016-06-01 12:49:35,1,-73.98330688476561,40.75534439086913,-73.96710968017578,40.755958557128906,N,1341,1.3784491874892755,12
id0504020,2,2016-04-28 12:10:07,2016-04-28 12:16:51,5,-73.99347686767578,40.7421989440918,-73.99103546142578,40.73601531982422,N,404,0.7170669487270359,12
id3287338,2,2016-04-29 12:46:11,2016-04-29 12:51:20,5,-73.98541259765625,40.76358413696289,-73.97694396972656,40.7757682800293,N,309,1.532074970873209,12
id3553907,1,2016-05-04 12:32:06,2016-05-04 12:43:12,1,-73.96540069580078,40.8061752319336,-73.94216918945312,40.84171295166016,N,666,4.411338574316007,12
id3736854,1,2016-01-15 12:06:18,2016-01-15 12:13:31,1,-73.99440002441406,40.7508544921875,-73.98591613769531,40.75547790527344,N,433,0.8851000363581621,12
id3410989,2,2016-04-02 12:04:41,2016-04-02 13:08:01,5,-73.77684020996092,40.645286560058594,-73.97694396972656,40.775775909423835,N,3800,22.34044325984695,12
id0446722,2,2016-01-22 12:29:47,2016-01-22 12:33:22,2,-73.9615707397461,40.777202606201165,-73.95750427246092,40.7828254699707,N,215,0.7134576509418098,12
id2787479,2,2016-03-04 12:57:22,2016-03-04 13:04:20,1,-74.00809478759764,40.73963928222656,-74.00496673583984,40.75210189819336,N,418,1.4086705670360513,12
id3459850,2,2016-04-27 12:11:40,2016-04-27 12:20:02,1,-73.98766326904298,40.74987030029297,-73.98133087158203,40.75748062133789,N,502,1.0016547936804376,12
id1398250,1,2016-01-05 12:15:02,2016-01-05 12:25:49,1,-74.00558471679686,40.70645523071289,-73.99353790283203,40.72751998901367,N,647,2.552578559073839,12
id1626546,1,2016-06-26 12:03:31,2016-06-26 12:13:25,1,-73.99164581298828,40.749824523925774,-73.98878479003906,40.74398040771485,N,594,0.6927824768931129,12
id3881539,1,2016-04-11 12:48:02,2016-04-11 13:02:22,1,-73.97830200195312,40.745410919189446,-73.96704864501953,40.7606315612793,N,860,1.9414789758095066,12
id0522621,1,2016-06-29 12:49:01,2016-06-29 13:15:50,2,-73.9909896850586,40.7561149597168,-74.0167465209961,40.704681396484375,N,1609,6.114514261690709,12
id0907515,1,2016-01-18 12:29:03,2016-01-18 12:36:14,1,-73.95211791992188,40.77745056152344,-73.96304321289062,40.76003646850586,N,431,2.1444677014720916,12
id3202436,1,2016-03-27 12:18:30,2016-03-27 12:26:39,1,-73.98692321777342,40.7591667175293,-73.98351287841797,40.75273132324219,N,489,0.7709055264106754,12
id3976310,1,2016-06-30 12:10:55,2016-06-30 12:47:53,1,-73.97325134277344,40.7581443786621,-73.87070465087889,40.77399063110352,N,2218,8.892169444179116,12
id3464182,2,2016-03-05 12:27:45,2016-03-05 12:53:23,2,-73.98944854736328,40.7208251953125,-73.97769927978516,40.77702331542969,N,1538,6.317429309535428,12
id1799698,1,2016-03-08 12:57:32,2016-03-08 13:07:47,1,-73.96217346191406,40.77355194091797,-73.98052978515625,40.783302307128906,N,615,1.8989075955083887,12
id1877991,2,2016-02-01 12:04:58,2016-02-01 12:53:56,1,-73.86347961425781,40.76992034912109,-73.97911071777342,40.762001037597656,N,2938,9.867874975807968,12
id3128276,2,2016-06-27 12:13:41,2016-06-27 12:36:19,6,-73.99192047119139,40.72589111328125,-73.99462127685547,40.75056838989258,N,1358,2.7487808535755045,12
id2001516,2,2016-02-24 12:59:00,2016-02-24 13:21:14,1,-74.00484466552734,40.7408332824707,-73.96176147460938,40.779693603515625,N,1334,5.658357560354311,12
id1593464,2,2016-04-17 13:31:30,2016-04-17 13:45:24,1,-73.9778594970703,40.754707336425774,-74.0031967163086,40.75635528564453,N,834,2.1614179708721215,13
id3149490,2,2016-04-29 13:48:28,2016-04-29 13:53:03,1,-73.98359680175781,40.75488662719727,-73.98674774169923,40.76165008544922,N,275,0.797087953084481,13
id3786224,2,2016-04-08 13:59:24,2016-04-08 14:04:21,2,-73.9742660522461,40.75497055053711,-73.97003936767578,40.760547637939446,N,297,0.7157547283257065,13
id0088170,2,2016-03-06 13:42:53,2016-03-06 13:50:27,5,-73.99777984619139,40.75083160400391,-73.99043273925781,40.75642013549805,N,454,0.8802334573276668,13
id1355832,2,2016-03-03 13:00:43,2016-03-03 13:09:53,1,-74.00679779052734,40.71895599365234,-74.00839996337889,40.71207427978516,N,550,0.7759149520794467,13
id1882934,2,2016-05-18 13:53:44,2016-05-18 14:35:01,1,-73.86522674560547,40.77040100097656,-74.01612854003906,40.703800201416016,N,2477,14.804555448142064,13
id0072166,1,2016-03-22 13:03:55,2016-03-22 13:15:50,1,-74.00238037109375,40.715293884277344,-73.99761962890625,40.72981643676758,N,715,1.6620189341571172,13
id2076190,1,2016-03-15 13:56:02,2016-03-15 14:10:13,1,-73.9822540283203,40.74913024902344,-73.96906280517578,40.758575439453125,N,851,1.535052721221636,13
id0415590,2,2016-02-12 13:01:21,2016-02-12 13:10:40,1,-73.96758270263672,40.762001037597656,-73.95140075683594,40.770118713378906,N,559,1.6443289806136618,13
id0184311,2,2016-05-02 13:47:58,2016-05-02 13:58:29,1,-73.9914779663086,40.74993896484375,-73.98345184326173,40.74702835083008,N,631,0.7548537932790982,13
id2997900,2,2016-01-27 13:38:44,2016-01-27 13:47:41,1,-73.97422790527344,40.74723052978516,-73.98066711425781,40.74761581420898,N,537,0.5490010325923786,13
id2570717,2,2016-02-13 13:21:50,2016-02-13 13:33:54,1,-74.0130157470703,40.70235061645508,-74.00521087646483,40.723724365234375,N,724,2.463495179789108,13
id0758449,1,2016-01-06 13:55:15,2016-01-06 14:06:37,1,-73.97347259521484,40.75212478637695,-73.97007751464845,40.765331268310554,N,682,1.494054700408655,13
id0166802,2,2016-06-20 13:20:43,2016-06-20 13:25:27,1,-73.97425079345702,40.747291564941406,-73.97747802734375,40.736419677734375,N,284,1.2375642879849114,13
id3459063,1,2016-01-18 13:00:54,2016-01-18 13:23:05,1,-73.98236846923827,40.762256622314446,-73.99439239501953,40.72280883789063,N,1331,4.496398804392634,13
id1966270,1,2016-05-27 13:05:00,2016-05-27 13:29:36,1,-73.98895263671875,40.736572265625,-73.95323944091797,40.78105163574219,N,1476,5.795777960171283,13
id3144434,2,2016-05-28 13:00:18,2016-05-28 13:50:35,1,-74.00263977050781,40.726680755615234,-73.78370666503906,40.6436882019043,N,3017,20.764650397599336,13
id2995803,2,2016-02-08 13:00:00,2016-02-08 13:03:29,4,-73.99475860595702,40.72789001464844,-74.00142669677734,40.72127914428711,N,209,0.9272111195793283,13
id2684887,2,2016-06-10 13:17:34,2016-06-10 13:46:33,1,-73.93826293945312,40.81781005859375,-73.9910430908203,40.73926162719727,N,1739,9.805396464789684,13
id3626955,1,2016-03-07 13:04:05,2016-03-07 13:05:19,1,-73.96221160888672,40.776485443115234,-73.95904541015625,40.78068542480469,N,74,0.538302729859682,13
id3687970,2,2016-02-28 13:09:45,2016-02-28 13:31:27,1,-73.96025848388672,40.81334686279297,-73.99510955810547,40.75293731689453,N,1302,7.330665345322445,13
id0752072,1,2016-05-18 13:48:48,2016-05-18 13:54:54,1,-73.94013977050781,40.79358673095703,-73.9519805908203,40.77718353271485,N,366,2.0804158474418766,13
id1502487,2,2016-01-27 13:39:32,2016-01-27 13:56:43,1,-73.97602081298828,40.74053955078125,-73.97614288330078,40.756694793701165,N,1031,1.793261982532772,13
id2326334,1,2016-01-20 13:46:57,2016-01-20 13:55:08,1,-73.98236083984375,40.7745361328125,-73.97571563720702,40.75968933105469,Y,491,1.7421062660132784,13
id2457865,2,2016-04-22 13:54:53,2016-04-22 14:23:24,6,-73.95114135742188,40.779075622558594,-73.98674774169923,40.756256103515625,N,1711,3.94662898698539,13
id3584865,1,2016-05-05 13:45:36,2016-05-05 14:02:52,1,-73.96719360351561,40.76097106933594,-73.98304748535155,40.7765007019043,N,1036,2.1880175949963654,13
id3616429,2,2016-04-06 13:45:03,2016-04-06 13:58:56,1,-74.00254821777344,40.7500114440918,-74.00347137451173,40.72272109985352,N,833,3.030244351311062,13
id3706158,1,2016-05-05 13:38:52,2016-05-05 13:46:33,1,-73.97657775878906,40.72728729248047,-73.98870849609375,40.73630142211913,N,461,1.4367777987350574,13
id0914166,2,2016-06-01 13:26:03,2016-06-01 13:51:37,6,-73.99505615234375,40.75012969970703,-73.99120330810547,40.732330322265625,N,1534,2.0026890488609883,13
id1813628,1,2016-03-18 13:18:32,2016-03-18 14:23:22,2,-73.78723907470702,40.59440612792969,-73.7872314453125,40.594337463378906,N,3890,0.007649304161022394,13
id0391408,2,2016-05-04 13:50:32,2016-05-04 13:59:16,1,-73.9527587890625,40.77838897705078,-73.96050262451173,40.77822113037109,N,524,0.6584896338613112,13
id2680831,1,2016-06-21 13:42:45,2016-06-21 13:50:48,2,-73.98812866210938,40.72214889526367,-73.99973297119139,40.7301139831543,N,483,1.324611266148017,13
id3388067,1,2016-03-25 13:29:36,2016-03-25 13:33:48,1,-73.98847961425781,40.77414321899414,-73.98049926757811,40.78296661376953,N,252,1.191364343100568,13
id3831723,1,2016-04-03 13:18:16,2016-04-03 13:21:01,1,-73.99536895751953,40.759559631347656,-73.9869613647461,40.77169799804688,N,165,1.5251535999915509,13
id1341668,1,2016-04-22 13:14:25,2016-04-22 13:42:31,2,-73.9832763671875,40.756343841552734,-73.95479583740233,40.800491333007805,N,1686,5.465723374867644,13
id0569672,1,2016-02-25 13:43:02,2016-02-25 13:47:18,1,-73.97755432128906,40.74961853027344,-73.98727416992188,40.74058532714844,N,256,1.2992164892544291,13
id2270997,2,2016-05-04 13:16:29,2016-05-04 13:25:15,2,-73.97215270996092,40.79140853881836,-73.95336151123048,40.783550262451165,N,526,1.8199083084680583,13
id0368389,1,2016-04-13 13:59:46,2016-04-13 14:17:00,1,-73.99413299560547,40.73512649536133,-73.98401641845702,40.7216682434082,N,1034,1.7236818482910699,13
id1200357,1,2016-06-29 13:51:36,2016-06-29 13:55:38,1,-73.96742248535155,40.76053237915039,-73.95845794677734,40.77280426025391,N,242,1.56081818834244,13
id0067278,1,2016-03-01 13:34:05,2016-03-01 13:50:16,1,-73.96126556396483,40.76516342163086,-73.9813003540039,40.78100204467773,N,971,2.4476383560250285,13
id0017567,2,2016-06-04 13:07:02,2016-06-04 13:09:20,1,-73.9925308227539,40.737319946289055,-73.99893188476561,40.73421096801758,N,138,0.6443026293078432,13
id0033436,1,2016-06-08 13:10:43,2016-06-08 13:26:17,2,-73.98693084716798,40.74181365966797,-74.00274658203125,40.74895477294922,N,934,1.5606276805612633,13
id3807211,1,2016-02-01 13:41:27,2016-02-01 14:01:23,1,-73.98143768310547,40.76780700683594,-73.93495178222656,40.797550201416016,N,1196,5.149043670184964,13
id3689411,2,2016-02-01 13:48:44,2016-02-01 13:51:27,1,-74.01329803466798,40.708309173583984,-74.00640106201173,40.71690368652344,N,163,1.119722814543943,13
id0953283,2,2016-04-12 13:55:01,2016-04-12 13:58:12,6,-73.96746826171875,40.76348876953125,-73.96954345703125,40.7587890625,N,191,0.550682265267729,13
id3427515,2,2016-05-10 13:34:15,2016-05-10 13:46:36,2,-73.97769165039062,40.76364135742188,-73.97734069824217,40.75519180297852,N,741,0.9383748256959574,13
id0899464,2,2016-06-04 13:22:52,2016-06-04 13:33:46,5,-73.98889923095702,40.7452392578125,-74.00186920166014,40.74066162109375,N,654,1.2139085979717614,13
id1142625,2,2016-01-04 13:46:37,2016-01-04 14:02:12,1,-73.98895263671875,40.75670623779297,-73.98892974853516,40.75675582885742,N,935,0.005838292908312314,13
id0149294,2,2016-03-26 13:39:29,2016-03-26 13:44:34,1,-73.9496078491211,40.78076934814453,-73.95992279052734,40.76696014404297,N,305,1.7658617992425198,13
id3252022,1,2016-02-21 13:45:48,2016-02-21 13:59:04,2,-73.96122741699219,40.76065826416016,-73.95088195800781,40.79464721679688,N,796,3.8739002028917744,13
id1213288,1,2016-06-06 13:10:41,2016-06-06 13:29:41,2,-73.98342895507811,40.7642707824707,-73.97865295410156,40.752586364746094,N,1140,1.3590201334014498,13
id2046319,1,2016-03-07 13:07:46,2016-03-07 13:16:39,1,-73.98193359375,40.75786590576172,-73.98097991943358,40.74733352661133,N,533,1.1719010540244843,13
id2905011,1,2016-02-08 13:32:08,2016-02-08 14:13:54,1,-73.7835235595703,40.64857482910156,-73.98912048339844,40.67138671875,N,2506,17.658229453746202,13
id3192935,1,2016-05-17 13:58:45,2016-05-17 14:06:22,1,-73.98130798339844,40.78117752075195,-73.96947479248048,40.79108047485352,N,457,1.4899591707431339,13
id1830431,2,2016-05-13 13:30:44,2016-05-13 13:35:58,1,-73.9876937866211,40.74134826660156,-73.98151397705078,40.748836517333984,N,314,0.9832647632601456,13
id3839613,1,2016-01-18 13:03:54,2016-01-18 13:48:20,1,-73.99185943603516,40.72604751586913,-73.79035186767578,40.64677047729492,N,2666,19.25639934897156,13
id1081215,2,2016-05-13 13:45:35,2016-05-13 14:02:30,1,-73.98982238769531,40.732471466064446,-73.98776245117188,40.74944686889648,N,1015,1.892387507081865,13
id2086590,2,2016-01-19 13:32:47,2016-01-19 13:43:22,1,-73.97637176513672,40.78089904785156,-73.96112060546875,40.81121826171875,N,635,3.6064743368028425,13
id1689514,2,2016-06-13 13:21:27,2016-06-13 13:25:23,1,-73.97547912597656,40.765331268310554,-73.96687316894531,40.76226043701172,N,236,0.8070245514321204,13
id0623726,2,2016-02-06 13:18:37,2016-02-06 13:28:03,1,-73.99420928955078,40.7512321472168,-73.98680877685547,40.759292602539055,N,566,1.0937105541115961,13
id2576258,2,2016-05-10 13:14:17,2016-05-10 13:36:58,2,-73.98210906982422,40.74601745605469,-73.98859405517578,40.6932029724121,N,1361,5.888265575294893,13
id2654743,1,2016-04-20 13:37:31,2016-04-20 14:51:38,1,-73.78211212158203,40.644649505615234,-73.98342132568358,40.76446914672852,N,4447,21.672227757341428,13
id3367248,1,2016-03-19 13:48:23,2016-03-19 13:52:34,1,-73.98014068603516,40.783809661865234,-73.9775161743164,40.791351318359375,N,251,0.8663386297376122,13
id2864219,2,2016-03-06 13:08:58,2016-03-06 13:23:33,5,-73.9612808227539,40.769092559814446,-73.9227523803711,40.79544448852539,N,875,4.391023253864549,13
id1111496,2,2016-05-21 13:12:15,2016-05-21 13:44:06,1,-73.96827697753906,40.76255035400391,-73.98976135253906,40.716991424560554,N,1911,5.3766689589411225,13
id3025870,1,2016-04-20 13:02:57,2016-04-20 13:14:46,1,-73.95547485351561,40.782085418701165,-73.9671173095703,40.76666259765625,N,709,1.9773822516535062,13
id1939925,2,2016-02-16 13:26:15,2016-02-16 13:48:26,2,-73.99573516845702,40.76944732666016,-73.95523834228516,40.76879119873047,N,1331,3.4430006037273064,13
id3621961,1,2016-04-27 13:00:32,2016-04-27 13:18:00,1,-73.97808837890625,40.752685546875,-73.87071990966798,40.77383041381836,N,1048,9.423295615513826,13
id2974354,2,2016-04-28 13:46:32,2016-04-28 14:03:37,1,-73.9746551513672,40.75394821166992,-74.01127624511719,40.70210647583008,N,1025,6.542398299896506,13
id2092814,2,2016-04-09 13:48:09,2016-04-09 13:52:56,1,-73.96733856201173,40.762962341308594,-73.95523834228516,40.76872634887695,N,287,1.2112806866461703,13
id1532756,1,2016-06-06 13:06:51,2016-06-06 13:11:22,1,-73.97875213623048,40.7668571472168,-73.97763824462889,40.77702713012695,N,271,1.1328316932782814,13
id0177981,2,2016-02-10 13:25:17,2016-02-10 13:30:30,1,-74.00038146972656,40.73789978027344,-74.00839233398438,40.73696899414063,N,313,0.6887170807756534,13
id2425730,1,2016-03-17 13:50:08,2016-03-17 13:51:20,2,-73.96977233886719,40.79485321044922,-73.96522521972656,40.79858016967773,N,72,0.566151637378917,13
id2754772,1,2016-03-03 13:31:45,2016-03-03 13:53:36,2,-73.97303771972656,40.764122009277344,-74.00628662109375,40.746131896972656,N,1311,3.4604596049299725,13
id1008533,1,2016-05-20 13:57:24,2016-05-20 14:35:17,3,-73.87315368652342,40.77425003051758,-73.99394989013672,40.74581146240234,N,2273,10.741965956142124,13
id3762524,2,2016-04-25 13:54:37,2016-04-25 13:59:44,2,-73.9884262084961,40.755279541015625,-73.98287200927734,40.750606536865234,N,307,0.7013830885347614,13
id1577734,2,2016-06-10 13:10:32,2016-06-10 13:32:29,1,-73.94014739990233,40.8413200378418,-73.87271118164062,40.77433013916016,N,1317,9.388770812425749,13
id1308572,1,2016-02-24 13:19:07,2016-02-24 13:55:26,1,-73.97309875488281,40.75338745117188,-73.86563110351561,40.77093124389648,N,2179,9.340014940451173,13
id1012151,1,2016-02-06 13:32:32,2016-02-06 13:37:50,1,-73.99192047119139,40.73537063598633,-74.00503540039062,40.74185180664063,N,318,1.3267481104699586,13
id1624027,1,2016-04-28 13:57:22,2016-04-28 14:01:43,1,-73.95551300048828,40.7796745300293,-73.94635772705078,40.78067398071289,N,261,0.7860661369164019,13
id1919085,1,2016-05-01 13:19:46,2016-05-01 13:49:01,1,-74.01145172119139,40.703079223632805,-73.9368667602539,40.688526153564446,N,1755,6.542289992059385,13
id0885142,2,2016-01-12 13:52:13,2016-01-12 13:58:51,1,-73.9490737915039,40.78174209594727,-73.9573974609375,40.77413558959961,N,398,1.101568461981337,13
id2350359,1,2016-04-15 13:52:15,2016-04-15 15:08:24,1,-73.95287322998048,40.81096649169922,-73.866455078125,40.769981384277344,N,4569,8.640229050345946,13
id1521577,1,2016-01-09 13:00:44,2016-01-09 13:05:34,1,-73.97378540039062,40.784374237060554,-73.9802474975586,40.78228759765625,N,290,0.5961149458812717,13
id2224520,1,2016-06-26 13:48:19,2016-06-26 13:58:06,1,-73.96129608154298,40.77010726928711,-73.97679901123048,40.754348754882805,N,587,2.1900104983100874,13
id1911478,1,2016-04-13 13:18:08,2016-04-13 13:28:52,1,-73.99778747558594,40.72036743164063,-74.01087188720702,40.71714019775391,N,644,1.1684420796780044,13
id0444035,1,2016-03-28 13:50:06,2016-03-28 14:07:21,1,-73.98216247558594,40.76897430419922,-73.990234375,40.737422943115234,N,1035,3.5687758866451054,13
id0903809,1,2016-01-03 13:57:09,2016-01-03 14:32:11,1,-74.005126953125,40.71904754638672,-73.9516372680664,40.826961517333984,N,2102,12.812301345504071,13
id1342583,1,2016-02-10 13:12:19,2016-02-10 13:30:54,1,-74.01419830322266,40.71429443359375,-73.98583984375,40.7401237487793,N,1115,3.7457121649000515,13
id3418777,2,2016-04-10 13:04:31,2016-04-10 13:21:29,1,-73.97286224365233,40.75886917114258,-74.00473022460938,40.74182891845703,N,1018,3.3038056383858208,13
id3542324,1,2016-04-16 13:44:38,2016-04-16 14:11:22,2,-73.98838043212889,40.76910400390625,-73.9918670654297,40.73530197143555,N,1604,3.763711951651235,13
id1137948,2,2016-05-15 13:15:04,2016-05-15 13:27:35,1,-73.95124816894531,40.78556060791016,-73.95967864990233,40.77190017700195,N,751,1.6771082043233398,13
id0695316,2,2016-04-29 13:27:48,2016-04-29 13:46:39,1,-73.95709228515625,40.76994705200195,-73.93228149414062,40.79486083984375,N,1131,3.477806418692624,13
id2062676,1,2016-04-18 13:35:38,2016-04-18 13:58:51,1,-74.00605773925781,40.739967346191406,-73.97930908203125,40.759376525878906,N,1393,3.1322421737727746,13
id0373057,2,2016-01-22 13:02:56,2016-01-22 13:11:34,1,-73.99932861328125,40.7442512512207,-73.98916625976561,40.758159637451165,N,518,1.7690574565018675,13
id3783903,1,2016-05-01 13:58:40,2016-05-01 14:40:19,1,-73.98143005371094,40.75362396240234,-73.78302001953125,40.64896011352539,N,2499,20.479109355202965,13
id2243360,2,2016-01-11 13:58:13,2016-01-11 14:01:20,6,-73.95719909667967,40.779518127441406,-73.95133209228516,40.78533935546875,N,187,0.8162199788505092,13
id2841279,2,2016-02-28 13:28:11,2016-02-28 13:34:54,2,-73.99883270263672,40.7356071472168,-74.009033203125,40.72459030151367,N,403,1.4990575356480595,13
id2668120,1,2016-01-19 13:29:51,2016-01-19 13:43:19,1,-73.97755432128906,40.75794982910156,-73.98795318603516,40.74119567871094,N,808,2.0590797134520478,13
id3259921,2,2016-06-30 13:19:17,2016-06-30 13:59:51,6,-73.95658874511719,40.771308898925774,-73.99120330810547,40.7507209777832,N,2434,3.7254762668327963,13
id0742245,1,2016-04-14 13:51:52,2016-04-14 14:13:54,1,-73.9687271118164,40.75869369506836,-73.87216186523438,40.77444839477539,N,1322,8.392271493332291,13
id2882305,1,2016-06-22 13:53:31,2016-06-22 13:55:22,1,-73.94730377197266,40.77933883666992,-73.94891357421875,40.773529052734375,N,111,0.6592429725525406,13
id1504448,2,2016-03-07 13:31:32,2016-03-07 13:42:34,2,-73.99832916259764,40.75567626953125,-74.00215148925781,40.73965072631836,N,662,1.8082625835220898,13
id2000964,1,2016-05-08 13:11:13,2016-05-08 13:23:01,3,-73.96974945068358,40.75640487670898,-73.9700927734375,40.789794921875,N,708,3.7064098992184014,13
id3426608,2,2016-03-16 13:38:13,2016-03-16 13:43:06,1,-73.98907470703125,40.768333435058594,-73.97913360595702,40.78189849853516,N,293,1.726618964584134,13
id2858766,1,2016-06-24 13:05:12,2016-06-24 13:29:35,1,-73.97838592529298,40.752174377441406,-73.99517059326173,40.72021865844727,N,1463,3.8232544163450632,13
id2720291,2,2016-01-16 13:04:07,2016-01-16 13:13:44,1,-73.9803466796875,40.76477813720703,-73.99822235107422,40.7452507019043,N,577,2.647059976100852,13
id2623589,2,2016-02-14 13:19:51,2016-02-14 13:31:55,2,-73.97087097167967,40.7646713256836,-73.98381805419923,40.760013580322266,N,724,1.2158962741009367,13
id0326637,1,2016-02-25 13:05:12,2016-02-25 13:11:46,1,-73.97025299072266,40.76548004150391,-73.95803070068358,40.769546508789055,N,394,1.1327153574520612,13
id2928702,1,2016-06-27 13:18:40,2016-06-27 13:42:44,1,-73.99200439453125,40.750186920166016,-73.97766876220702,40.765003204345696,N,1444,2.0468381182274524,13
id3414517,1,2016-02-07 13:41:44,2016-02-07 13:54:19,1,-73.96959686279298,40.75760269165039,-73.99138641357422,40.7499885559082,N,755,2.035836175365768,13
id1198426,1,2016-01-25 13:39:46,2016-01-25 13:54:06,1,-73.96333312988281,40.77090072631836,-73.96295928955078,40.758316040039055,N,860,1.3972615524306398,13
id1176998,1,2016-02-19 13:13:28,2016-02-19 13:35:49,1,-73.99763488769531,40.736186981201165,-73.96160888671875,40.77345657348633,N,1341,5.146967741022305,13
id1396321,2,2016-05-01 13:28:19,2016-05-01 13:45:36,1,-73.98687744140625,40.76097869873047,-74.00411224365233,40.7220115661621,N,1037,4.566702306955719,13
id3395419,2,2016-04-05 13:56:29,2016-04-05 14:02:05,1,-74.00309753417967,40.723445892333984,-74.01090240478516,40.71294403076172,N,336,1.341264364362449,13
id2882397,2,2016-02-18 13:21:36,2016-02-18 14:30:28,2,-73.98566436767578,40.74143981933594,-73.7769775390625,40.64471054077149,N,4132,20.734807304471268,13
id0302122,1,2016-04-04 13:42:21,2016-04-04 13:48:02,1,-73.98776245117188,40.76531600952149,-73.99597930908203,40.75369644165039,N,341,1.4667380290752041,13
id1077732,2,2016-06-21 13:16:15,2016-06-21 13:26:26,1,-73.98661041259764,40.75489044189453,-74.0041275024414,40.74924850463867,N,611,1.6152941910870786,13
id3926997,1,2016-06-23 13:59:15,2016-06-23 14:20:37,1,-74.01593017578125,40.7109260559082,-73.99488067626953,40.75006484985352,Y,1282,4.698417598930296,13
id3129564,1,2016-05-08 13:02:43,2016-05-08 13:11:07,1,-73.9874267578125,40.733352661132805,-73.99749755859375,40.72262954711913,N,504,1.4661170692405792,13
id0574543,1,2016-01-29 13:28:09,2016-01-29 13:41:17,2,-73.97132873535155,40.76383209228516,-73.97122192382812,40.7481575012207,N,788,1.7399032958019511,13
id3483178,1,2016-06-03 13:40:13,2016-06-03 13:49:33,1,-73.96133422851561,40.78017807006836,-73.94520568847656,40.779273986816406,N,560,1.3745939783673733,13
id0401290,2,2016-03-27 13:05:35,2016-03-27 13:12:51,5,-73.96973419189453,40.7947998046875,-73.95649719238281,40.80411148071289,N,436,1.5278324348861625,13
id0908000,2,2016-01-10 13:45:05,2016-01-10 14:01:54,1,-73.98091125488281,40.7535285949707,-73.95309448242188,40.72601318359375,N,1009,3.8624747857822745,13
id0243422,2,2016-04-10 13:58:16,2016-04-10 14:08:23,1,-73.97434234619139,40.7506217956543,-73.9921875,40.71169662475586,N,607,4.579213264519737,13
id0328566,1,2016-03-25 13:46:45,2016-03-25 13:51:32,1,-73.955322265625,40.773529052734375,-73.96773529052734,40.76613998413086,N,287,1.3363970634203286,13
id1919745,2,2016-06-26 13:09:14,2016-06-26 13:26:01,3,-73.99378204345702,40.751628875732415,-73.98312377929686,40.77579879760742,N,1007,2.8316946788382387,13
id3696101,2,2016-04-23 13:05:18,2016-04-23 13:32:21,1,-73.97911834716798,40.777191162109375,-73.87113189697266,40.77415466308594,N,1623,9.185034520452126,13
id2852891,1,2016-04-26 13:21:31,2016-04-26 13:35:45,1,-73.96607208251953,40.773792266845696,-73.9791488647461,40.76439666748047,N,854,1.524190143902569,13
id1289265,2,2016-03-10 13:00:54,2016-03-10 13:10:31,1,-73.99520874023438,40.75944900512695,-73.97579956054686,40.78644943237305,N,577,3.421120900264868,13
id0280434,2,2016-03-06 13:29:06,2016-03-06 13:45:54,2,-73.96925354003906,40.760860443115234,-74.00341796875,40.74742889404297,N,1008,3.2643326702716946,13
id1217450,1,2016-03-18 13:42:57,2016-03-18 13:50:48,1,-73.9823226928711,40.74616241455078,-73.97120666503906,40.76138305664063,N,471,1.9357545423512412,13
id0980133,2,2016-06-04 13:12:15,2016-06-04 13:19:43,1,-73.99337005615233,40.74720001220703,-74.00785064697266,40.739479064941406,N,448,1.499828111854977,13
id0238233,1,2016-05-03 13:56:11,2016-05-03 13:57:41,1,-73.9653091430664,40.763763427734375,-73.9613265991211,40.76896286010742,N,90,0.6690891949186257,13
id3776991,2,2016-05-08 13:10:03,2016-05-08 13:31:19,6,-73.96440124511719,40.760608673095696,-74.01739501953125,40.705127716064446,N,1276,7.6299396051779365,13
id2251070,1,2016-05-11 13:20:19,2016-05-11 13:50:42,1,-73.96224975585938,40.776493072509766,-73.97655487060547,40.7639274597168,N,1823,1.850382932666755,13
id2472356,2,2016-06-25 13:08:50,2016-06-25 13:44:03,1,-73.8709716796875,40.77383041381836,-74.01626586914062,40.714893341064446,N,2113,13.975715080358318,13
id0781077,1,2016-06-30 13:38:35,2016-06-30 13:42:28,1,-73.97798919677734,40.74600982666016,-73.9762191772461,40.74842071533203,N,233,0.3070017713725057,13
id1736755,2,2016-06-15 13:13:50,2016-06-15 13:17:22,1,-73.96015930175781,40.778953552246094,-73.95525360107422,40.78288650512695,N,212,0.6037042388866224,13
id2069578,1,2016-02-20 13:57:57,2016-02-20 14:10:40,1,-74.0081329345703,40.71518707275391,-73.99742126464844,40.7409553527832,N,763,3.0016981881935187,13
id1218625,2,2016-06-16 13:52:18,2016-06-16 13:58:46,1,-73.96389007568358,40.771308898925774,-73.96463012695312,40.7648811340332,N,388,0.7162495265340924,13
id0510559,1,2016-05-11 13:28:09,2016-05-11 13:52:06,1,-73.95274353027344,40.76642990112305,-73.97869110107422,40.75961685180664,N,1437,2.331594725653501,13
id1040206,1,2016-01-21 13:14:00,2016-01-21 13:18:41,1,-73.95538330078125,40.77688217163086,-73.96305847167967,40.77511215209961,N,281,0.681332082686826,13
id3913051,2,2016-03-12 13:29:41,2016-03-12 13:42:42,1,-74.00086975097656,40.7373046875,-73.97470092773438,40.741992950439446,N,781,2.284413720273924,13
id3829102,2,2016-06-22 13:24:30,2016-06-22 13:30:50,3,-73.96241760253906,40.76727294921875,-73.94879913330078,40.78749847412109,N,380,2.5258943755487495,13
id0277603,1,2016-01-30 13:17:26,2016-01-30 13:17:40,1,-73.98876953125,40.71902084350586,-73.98869323730467,40.71897506713867,N,14,0.008238530953378816,13
id2819700,1,2016-02-02 13:09:26,2016-02-02 13:12:50,1,-73.9959487915039,40.738582611083984,-73.9973373413086,40.74164581298828,N,204,0.35991775417523447,13
id0060186,2,2016-02-16 13:59:55,2016-02-16 14:09:11,4,-73.98954772949219,40.75882339477539,-73.98104095458984,40.765438079833984,N,556,1.0305010736770992,13
id2395883,1,2016-04-23 13:59:29,2016-04-23 14:48:35,4,-73.7819061279297,40.64462661743164,-73.97863006591797,40.6894416809082,N,2946,17.44577587350784,13
id0727662,1,2016-05-15 13:40:36,2016-05-15 13:45:25,1,-73.9900665283203,40.72550201416016,-73.97816467285155,40.72966384887695,N,289,1.1121428636720947,13
id3648544,2,2016-03-25 13:08:28,2016-03-25 13:16:43,6,-73.99275207519531,40.7554931640625,-73.98551177978516,40.76320266723633,N,495,1.0540704118210202,13
id2805076,2,2016-03-26 13:51:24,2016-03-26 13:57:39,1,-74.01322937011719,40.70928955078125,-74.00792694091797,40.702911376953125,N,375,0.8392664552940576,13
id2223205,2,2016-01-25 13:39:33,2016-01-25 13:52:20,1,-73.99085998535155,40.75105285644531,-73.99382019042967,40.77128219604492,N,767,2.2595103680942854,13
id2604762,1,2016-01-30 13:55:32,2016-01-30 13:58:33,1,-73.98419189453125,40.737449645996094,-73.9875717163086,40.740909576416016,N,181,0.4796131116088051,13
id1923867,1,2016-06-18 13:39:45,2016-06-18 13:46:00,1,-73.9780044555664,40.76450347900391,-73.98573303222656,40.76042556762695,N,375,0.7977757150580178,13
id0828351,2,2016-03-22 13:26:45,2016-03-22 13:32:15,4,-73.99343872070312,40.74739837646485,-73.99445343017578,40.734729766845696,N,330,1.4088582679962953,13
id3910189,2,2016-01-12 13:17:27,2016-01-12 13:20:42,1,-73.98074340820312,40.764251708984375,-73.98784637451173,40.7545051574707,N,195,1.238932330446424,13
id1975977,2,2016-05-27 13:51:32,2016-05-27 14:07:55,1,-73.99510192871094,40.7395896911621,-73.99102020263672,40.74911880493164,N,983,1.113179330438143,13
id3225097,1,2016-03-23 13:38:32,2016-03-23 13:50:17,1,-73.98797607421875,40.76043319702149,-73.97996520996092,40.7905158996582,N,705,3.4078996147873313,13
id0383031,1,2016-02-22 13:11:03,2016-02-22 13:18:17,1,-73.97948455810547,40.782085418701165,-73.9872817993164,40.76860809326172,N,434,1.6362223621817864,13
id3193785,2,2016-02-29 13:35:51,2016-02-29 13:56:05,6,-73.97967529296875,40.76136016845703,-74.0140380859375,40.71247863769531,N,1214,6.162072575535029,13
id3131875,2,2016-04-22 13:16:34,2016-04-22 13:34:36,2,-73.99661254882812,40.72412109375,-73.99183654785155,40.74406051635742,N,1082,2.250198622395935,13
id3792961,2,2016-01-04 13:55:32,2016-01-04 14:09:13,1,-73.99407196044923,40.751243591308594,-74.0048828125,40.72294616699219,N,821,3.272672912587938,13
id2602794,2,2016-06-22 13:17:46,2016-06-22 13:27:27,1,-73.95369720458984,40.766845703125,-73.9569320678711,40.78321075439453,N,581,1.8372131831316247,13
id2416947,2,2016-05-15 13:22:36,2016-05-15 13:49:10,1,-73.95214080810547,40.77737045288086,-73.91995239257811,40.76594924926758,N,1594,3.0154566857038554,13
id0432419,2,2016-04-18 13:19:58,2016-04-18 13:53:17,2,-74.00139617919923,40.714786529541016,-73.97924041748048,40.76496887207031,N,1999,5.879980087555907,13
id0047327,2,2016-02-01 13:53:05,2016-02-01 13:57:38,1,-73.95607757568358,40.77555084228516,-73.94541168212889,40.77856063842773,N,273,0.9661985605708168,13
id3906979,1,2016-04-11 13:05:53,2016-04-11 13:13:40,2,-73.98921966552734,40.75897216796875,-73.99102020263672,40.75011444091797,N,467,0.9950479178528705,13
id2702651,1,2016-04-25 13:57:08,2016-04-25 14:16:22,1,-73.97422790527344,40.764404296875,-73.95352935791014,40.76495361328125,N,1154,1.76043278862362,13
id3253712,1,2016-06-22 13:01:13,2016-06-22 13:51:34,4,-73.87082672119139,40.773738861083984,-73.98475646972656,40.75912857055664,N,3021,9.818882743977733,13
id3777237,1,2016-02-10 13:54:05,2016-02-10 14:15:46,1,-73.9669418334961,40.793994903564446,-74.0051498413086,40.741302490234375,N,1301,6.690034991831328,13
id3966356,2,2016-03-20 13:44:10,2016-03-20 13:46:48,1,-73.9597930908203,40.77359390258789,-73.9662094116211,40.76493835449219,N,158,1.104770686086168,13
id2295558,1,2016-06-23 13:01:53,2016-06-23 13:45:49,1,-73.9884033203125,40.75886535644531,-73.8727035522461,40.774280548095696,N,2636,9.982225138867536,13
id3450377,2,2016-05-03 13:39:37,2016-05-03 13:47:31,6,-73.96250152587889,40.79899978637695,-73.95201873779298,40.79312133789063,N,474,1.1044063193803715,13
id0007567,1,2016-03-03 13:28:31,2016-03-03 13:45:53,2,-73.98013305664062,40.743106842041016,-73.9670639038086,40.76145935058594,N,1042,2.320332352466844,13
id1841582,2,2016-05-09 13:08:45,2016-05-09 13:26:33,1,-74.01740264892578,40.70835876464844,-73.99758148193358,40.68888092041016,N,1068,2.7409794524723177,13
id0800933,2,2016-02-09 13:37:58,2016-02-09 14:12:36,1,-73.9871368408203,40.6938362121582,-73.99913024902342,40.64014053344727,N,2078,6.046774657692778,13
id1849029,2,2016-01-31 13:16:00,2016-01-31 13:39:09,2,-73.98584747314453,40.760078430175774,-73.87030029296875,40.772846221923835,N,1389,9.923234918030905,13
id0376869,2,2016-02-14 13:06:06,2016-02-14 13:11:07,2,-73.99617004394531,40.72518157958984,-73.98822784423827,40.731739044189446,N,301,0.9927485267799258,13
id2283920,2,2016-01-27 13:40:56,2016-01-27 13:53:32,1,-73.97422790527344,40.78382110595703,-73.96697998046875,40.77259826660156,N,756,1.3897491863267053,13
id2245964,2,2016-03-01 13:02:05,2016-03-01 13:09:18,5,-73.97119140625,40.76105880737305,-73.96209716796875,40.764591217041016,N,433,0.8667671435227177,13
id0411266,1,2016-05-09 13:54:54,2016-05-09 14:05:11,3,-73.97035217285155,40.76308822631836,-73.98331451416014,40.75550842285156,N,617,1.3863061192617994,13
id1384818,1,2016-02-15 13:58:35,2016-02-15 14:13:48,1,-73.96836853027344,40.76222610473633,-73.97341918945312,40.78987121582031,N,913,3.0984923132608673,13
id3227644,2,2016-04-07 13:19:32,2016-04-07 13:29:37,1,-73.98583984375,40.735050201416016,-73.97399139404298,40.74302673339844,N,605,1.340974091462019,13
id3425521,2,2016-02-20 13:42:02,2016-02-20 14:10:59,1,-74.01367950439453,40.70568084716797,-73.99423217773438,40.70307159423828,N,1737,1.678203833857793,13
id0561260,2,2016-02-15 13:23:09,2016-02-15 13:34:23,3,-73.97593688964845,40.765491485595696,-73.99002838134764,40.737735748291016,N,674,3.3055306646910316,13
id0155813,2,2016-01-19 13:27:41,2016-01-19 13:31:21,2,-74.006591796875,40.738178253173835,-74.00685882568358,40.73093032836913,N,220,0.8048397646488344,13
id1370664,2,2016-03-06 13:29:23,2016-03-06 13:38:47,1,-73.98075866699219,40.72985076904297,-74.00110626220702,40.741458892822266,N,564,2.1567486390088235,13
id3590244,1,2016-04-19 13:41:14,2016-04-19 14:17:16,1,-73.86386871337889,40.769439697265625,-73.97635650634764,40.753536224365234,N,2162,9.72305487691491,13
id1341718,2,2016-05-17 13:08:16,2016-05-17 13:52:12,1,-73.78182983398438,40.64473724365234,-74.00351715087889,40.656551361083984,N,2636,18.88899769071037,13
id3004102,2,2016-03-05 13:42:44,2016-03-05 13:56:57,1,-73.99871063232422,40.76118087768555,-73.9854736328125,40.747501373291016,N,853,1.8898586246550968,13
id0036019,2,2016-01-18 13:39:53,2016-01-18 13:52:09,2,-73.970458984375,40.7592887878418,-73.99136352539062,40.75016021728516,N,736,2.0454932413061884,13
id2787772,1,2016-03-10 13:57:23,2016-03-10 14:22:08,1,-74.01174926757811,40.703914642333984,-74.00724792480467,40.751564025878906,N,1485,5.302902739807921,13
id2070182,2,2016-06-11 13:37:11,2016-06-11 13:40:07,3,-73.94949340820312,40.7813835144043,-73.95668029785155,40.77113342285156,N,176,1.2913866299072416,13
id1888594,1,2016-05-25 13:11:22,2016-05-25 13:30:13,1,-73.96612548828125,40.768829345703125,-73.98291015625,40.76071548461913,N,1131,1.6871910226318088,13
id3771126,2,2016-06-16 13:27:23,2016-06-16 13:37:50,5,-73.99578094482422,40.71683883666992,-73.9850311279297,40.732208251953125,N,627,1.9352942951030307,13
id0401486,1,2016-01-18 13:13:52,2016-01-18 13:34:02,1,-73.95854949951173,40.71038818359375,-74.0065155029297,40.70783615112305,N,1210,4.086939366945154,13
id1223510,2,2016-06-05 13:32:36,2016-06-05 14:15:51,6,-73.78803253173827,40.64175033569336,-73.98275756835938,40.7393684387207,N,2595,19.78299332847617,13
id3260064,2,2016-02-16 13:01:49,2016-02-16 13:06:28,1,-73.98774719238281,40.7598991394043,-73.99579620361328,40.76448822021485,N,279,0.852970783421982,13
id2965347,2,2016-05-04 13:42:39,2016-05-04 14:01:50,1,-73.98595428466798,40.73491668701172,-73.94815826416014,40.7826042175293,N,1151,6.1919616084362525,13
id3127376,2,2016-04-10 13:39:58,2016-04-10 13:44:17,1,-73.958251953125,40.77552032470703,-73.94727325439453,40.77151870727539,N,259,1.033507571691543,13
id1720411,1,2016-01-16 13:22:55,2016-01-16 13:28:58,1,-73.99094390869139,40.75603866577149,-74.00062561035155,40.75848388671875,N,363,0.8665485796926692,13
id2317761,2,2016-04-20 13:30:18,2016-04-20 13:41:16,1,-73.98481750488281,40.724422454833984,-73.99700164794923,40.733360290527344,N,658,1.4341678198652388,13
id1128241,2,2016-03-10 13:14:11,2016-03-10 13:22:24,6,-74.00102996826173,40.74184799194336,-73.99372100830078,40.75174331665039,N,493,1.2619060527594663,13
id2219943,2,2016-06-26 13:58:09,2016-06-26 14:02:17,2,-73.98209381103516,40.772708892822266,-73.98937225341797,40.776588439941406,N,248,0.7537848280409677,13
id2207937,2,2016-01-02 13:01:17,2016-01-02 13:12:01,1,-73.98072052001953,40.77471160888672,-74.0056381225586,40.739421844482415,N,644,4.453097864316913,13
id2300673,2,2016-06-15 13:44:27,2016-06-15 14:09:07,1,-73.98851013183594,40.758804321289055,-73.99222564697266,40.74875259399414,N,1480,1.159577989380651,13
id3629399,2,2016-01-26 13:17:12,2016-01-26 13:40:59,1,-73.97416687011719,40.76284408569336,-74.01124572753906,40.701759338378906,N,1427,7.4771083637091555,13
id1329498,1,2016-04-13 14:43:15,2016-04-13 14:51:04,1,-73.98226165771484,40.76842880249024,-73.9766845703125,40.77817153930664,N,469,1.1807821006643622,14
id0579233,2,2016-06-01 14:46:01,2016-06-01 14:56:22,1,-73.9739990234375,40.77864837646485,-73.95630645751953,40.771610260009766,N,621,1.694680215216341,14
id3318994,2,2016-02-03 14:48:15,2016-02-03 15:05:36,5,-74.00642395019531,40.73240280151367,-73.98870086669923,40.72431182861328,N,1041,1.7538551973674366,14
id0948945,1,2016-04-24 14:27:21,2016-04-24 15:12:50,1,-74.01181030273438,40.709522247314446,-73.86736297607422,40.77159881591797,N,2729,14.079375735411286,14
id2489371,2,2016-03-22 14:40:45,2016-03-22 14:46:18,2,-73.98782348632812,40.73831558227539,-73.97897338867188,40.749881744384766,N,333,1.4880013280858477,14
id1293945,1,2016-03-23 14:32:59,2016-03-23 15:33:33,1,-73.9793472290039,40.749557495117195,-73.78260040283203,40.64879608154297,N,3634,20.118852086041908,14
id0877497,2,2016-02-17 14:19:56,2016-02-17 14:25:05,3,-74.00274658203125,40.72824096679688,-73.98993682861328,40.73437881469727,N,309,1.2844142211311602,14
id1762354,1,2016-02-02 14:13:41,2016-02-02 14:45:45,1,-73.87088012695312,40.77372360229492,-73.978271484375,40.766597747802734,N,1924,9.162470309083789,14
id3991223,2,2016-04-26 14:04:29,2016-04-26 14:34:53,1,-73.86355590820312,40.76971435546875,-73.9752655029297,40.7520866394043,N,1824,9.6948233757612,14
id3807336,2,2016-04-09 14:59:59,2016-04-09 15:21:01,5,-74.0084228515625,40.74518966674805,-73.96749877929686,40.752418518066406,N,1262,3.5698925799220955,14
id2232437,2,2016-05-10 14:10:00,2016-05-10 14:17:44,5,-73.95535278320312,40.78258895874024,-73.94560241699219,40.77368927001953,N,464,1.2894790813977346,14
id2379129,1,2016-04-06 14:57:17,2016-04-06 15:15:42,1,-73.91077423095702,40.77017974853516,-73.94094085693358,40.71237564086913,N,1105,6.9096507426306815,14
id1966726,2,2016-03-02 14:12:38,2016-03-02 15:12:20,1,-73.98950958251953,40.77301025390625,-73.78289794921875,40.64395904541016,N,3582,22.663186613614926,14
id2092520,2,2016-05-19 14:05:18,2016-05-19 14:22:50,2,-73.97508239746092,40.74045944213867,-73.99082183837889,40.75611114501953,N,1052,2.1927599327327236,14
id0752534,2,2016-02-03 14:47:25,2016-02-03 14:58:30,5,-74.00832366943358,40.714111328125,-73.99391174316406,40.72747039794922,N,665,1.9234143568883386,14
id0194825,1,2016-04-08 14:15:34,2016-04-08 14:19:47,1,-73.97886657714845,40.77210235595703,-73.9710693359375,40.78289413452149,N,253,1.369011462493626,14
id3239113,2,2016-03-06 14:54:41,2016-03-06 15:00:35,2,-73.95465850830078,40.769630432128906,-73.95254516601561,40.783706665039055,N,354,1.5727540971100402,14
id1355041,2,2016-05-26 14:07:37,2016-05-26 15:01:49,3,-73.98153686523438,40.76495361328125,-73.87066650390625,40.77395248413086,N,3252,9.476769653839234,14
id1469955,2,2016-06-12 14:23:46,2016-06-12 14:29:45,4,-73.9813461303711,40.74996566772461,-73.97129821777344,40.76391220092773,N,359,1.7680344382658653,14
id2787250,2,2016-06-28 14:04:46,2016-06-28 14:09:58,1,-73.973876953125,40.751651763916016,-73.96630859375,40.762031555175774,N,312,1.3195885041375175,14
id3243051,2,2016-02-22 14:57:03,2016-02-22 15:41:08,1,-73.95413208007811,40.764198303222656,-73.95578002929686,40.685646057128906,N,2645,8.720424402872647,14
id0030315,2,2016-06-18 14:18:46,2016-06-18 14:37:56,1,-73.97087097167967,40.75856018066406,-73.98509216308595,40.75537872314453,N,1150,1.2593290393319294,14
id1897048,2,2016-03-17 14:07:40,2016-03-17 14:49:44,1,-73.98043060302734,40.76594543457031,-74.17762756347656,40.6954345703125,N,2524,18.499008311282058,14
id3471446,1,2016-06-21 14:58:01,2016-06-21 15:11:35,1,-73.98020172119139,40.7840576171875,-73.95681762695312,40.774932861328125,N,814,2.230830670845999,14
id1105163,1,2016-06-09 14:28:47,2016-06-09 15:05:49,1,-73.98717498779298,40.73895263671875,-73.98170471191406,40.773681640625,N,2222,3.8828603050370405,14
id1420779,1,2016-05-27 14:06:50,2016-05-27 14:12:00,1,-73.99589538574217,40.74393844604492,-74.00511932373048,40.747196197509766,N,310,0.8634075206917439,14
id3581493,2,2016-02-29 14:33:07,2016-02-29 15:04:57,1,-73.98592376708984,40.75249862670898,-73.907958984375,40.77754592895508,N,1910,7.1865853279382295,14
id0595173,2,2016-04-10 14:27:50,2016-04-10 14:39:08,1,-73.99286651611328,40.75185775756836,-73.99227142333984,40.74526977539063,N,678,0.7330133851871353,14
id2891126,1,2016-04-17 14:15:53,2016-04-17 14:27:38,2,-73.96210479736328,40.779415130615234,-73.97728729248048,40.764305114746094,N,705,2.116237400260686,14
id0161093,1,2016-03-26 14:28:54,2016-03-26 14:31:00,1,-73.99040222167967,40.730499267578125,-73.98991394042967,40.735130310058594,N,126,0.515718500429477,14
id1500213,2,2016-06-04 14:58:46,2016-06-04 15:06:09,3,-74.00784301757811,40.71229553222656,-73.98387145996092,40.71294784545898,N,443,2.038868501549434,14
id3111803,1,2016-01-08 14:50:44,2016-01-08 15:01:36,1,-73.99898529052734,40.74470138549805,-73.98703765869139,40.74758529663086,N,652,1.064806195640207,14
id1176031,1,2016-03-26 14:58:26,2016-03-26 15:11:19,1,-73.98554992675781,40.72740173339844,-73.9703826904297,40.76839447021485,N,773,4.729306401435004,14
id1125383,2,2016-05-10 14:51:56,2016-05-10 15:05:37,1,-73.96356201171875,40.76602935791016,-73.98229217529298,40.76887893676758,N,821,1.6231805881607733,14
id3993941,2,2016-06-25 14:23:59,2016-06-25 14:35:44,1,-73.99004364013672,40.75653839111328,-73.97698974609375,40.78863906860352,N,705,3.731941518494925,14
id3252348,2,2016-06-16 14:53:00,2016-06-16 15:00:40,1,-73.97794342041014,40.74208831787109,-73.9890899658203,40.73326873779297,N,460,1.3623738288632563,14
id1899665,1,2016-01-19 14:28:50,2016-01-19 14:40:25,1,-73.98579406738281,40.744983673095696,-74.00267028808594,40.72890853881836,N,695,2.289453692046339,14
id0128490,2,2016-01-26 14:17:10,2016-01-26 14:50:29,6,-73.8730239868164,40.77408218383789,-73.99898529052734,40.73571014404297,N,1999,11.522814866824914,14
id2323549,2,2016-06-07 14:34:09,2016-06-07 14:41:15,2,-73.99282836914062,40.72380828857422,-74.00141143798828,40.721389770507805,N,426,0.7773849723332287,14
id0148780,1,2016-01-07 14:51:48,2016-01-07 14:59:45,1,-74.00187683105469,40.73549270629882,-74.00293731689453,40.723491668701165,N,477,1.3351615214484427,14
id1656090,2,2016-01-15 14:13:07,2016-01-15 14:23:16,1,-73.98809814453125,40.75476837158203,-73.99382781982422,40.73421096801758,N,609,2.333265889222487,14
id1295645,2,2016-04-12 14:22:58,2016-04-12 14:35:17,6,-73.97537231445312,40.789596557617195,-73.95844268798828,40.77487564086913,N,739,2.17733796904084,14
id1342942,1,2016-04-28 14:12:04,2016-04-28 14:32:24,1,-74.01546478271484,40.70984649658203,-73.99481964111328,40.75027084350586,N,1220,4.818043373151961,14
id3462724,1,2016-05-11 14:51:15,2016-05-11 15:11:32,1,-73.98177337646483,40.751930236816406,-73.98477935791014,40.710308074951165,N,1217,4.62711990910225,14
id3528059,2,2016-03-18 14:55:38,2016-03-18 15:07:44,1,-73.99582672119139,40.76919937133789,-73.98983764648438,40.75775146484375,N,726,1.3688962383711603,14
id1896090,2,2016-04-21 14:21:27,2016-04-21 15:06:47,5,-73.9797134399414,40.755218505859375,-73.8724136352539,40.774532318115234,N,2720,9.36905747878656,14
id3353316,1,2016-03-11 14:56:21,2016-03-11 15:00:34,1,-74.00099945068358,40.74699401855469,-73.9930648803711,40.743141174316406,N,253,0.7986020401679121,14
id0578447,1,2016-04-17 14:29:26,2016-04-17 14:32:12,1,-73.99549865722656,40.76433181762695,-74.00058746337889,40.75825119018555,N,166,0.8016578131190129,14
id3960531,1,2016-05-25 14:33:22,2016-05-25 14:58:20,1,-73.95940399169923,40.77338790893555,-73.99140167236328,40.73894119262695,N,1498,4.6922418663305425,14
id3343143,2,2016-06-01 14:38:17,2016-06-01 15:09:20,1,-73.95912170410156,40.777530670166016,-73.98368835449217,40.743549346923835,N,1863,4.311364823016754,14
id2444900,1,2016-02-12 14:06:18,2016-02-12 15:07:50,2,-73.78912353515625,40.64754486083984,-74.00052642822266,40.75838088989258,N,3692,21.777342982198057,14
id1002496,2,2016-02-29 14:15:04,2016-02-29 14:33:11,5,-74.00942993164062,40.70629501342773,-73.98747253417967,40.749732971191406,N,1087,5.170234491225952,14
id3396546,2,2016-05-12 14:48:45,2016-05-12 15:03:11,2,-73.96855926513672,40.76158142089844,-73.97855377197266,40.7570686340332,N,866,0.9862183546441803,14
id2217128,2,2016-02-06 14:44:06,2016-02-06 14:46:18,1,-73.98228454589844,40.775726318359375,-73.98224639892578,40.769073486328125,N,132,0.7384714740981054,14
id3808851,1,2016-03-26 14:59:18,2016-03-26 15:00:44,1,-73.9635238647461,40.774192810058594,-73.96152496337889,40.779571533203125,N,86,0.6207438706378707,14
id1264013,2,2016-05-02 14:56:47,2016-05-02 15:00:18,5,-73.9451904296875,40.790828704833984,-73.9371795654297,40.804298400878906,N,211,1.6428905014941089,14
id2697439,1,2016-03-29 14:29:23,2016-03-29 14:42:57,1,-73.96297454833984,40.771915435791016,-73.98163604736328,40.77969741821289,N,814,1.8061749479973357,14
id1027853,1,2016-03-02 14:23:12,2016-03-02 14:32:50,1,-73.99235534667967,40.73760986328125,-73.9754409790039,40.74942398071289,N,578,1.945951155597794,14
id2292133,2,2016-01-06 14:59:19,2016-01-06 15:17:40,1,-73.97777557373048,40.74216842651367,-73.99626922607422,40.7210350036621,N,1101,2.8238066350584297,14
id2892291,2,2016-05-14 14:37:18,2016-05-14 15:01:30,1,-73.94438171386719,40.79491424560546,-73.98250579833984,40.76408004760742,N,1452,4.713311919879435,14
id3424352,2,2016-05-02 14:26:16,2016-05-02 14:29:57,2,-73.96575164794923,40.795513153076165,-73.96744537353516,40.78801345825195,N,221,0.8448232084514063,14
id2343065,2,2016-05-18 14:32:56,2016-05-18 14:36:07,2,-73.9813003540039,40.77217483520508,-73.97267150878906,40.78066253662109,N,191,1.1939722339702195,14
id3578164,1,2016-03-17 14:23:05,2016-03-17 14:48:45,1,-73.98661804199219,40.7458610534668,-73.96372985839844,40.69378280639648,N,1540,6.0992849688678,14
id0315451,2,2016-02-25 14:31:21,2016-02-25 14:41:48,2,-74.01021575927734,40.72085571289063,-74.00077819824217,40.72397613525391,N,627,0.8737752147061629,14
id3274475,2,2016-02-20 14:09:47,2016-02-20 14:25:15,1,-73.9795379638672,40.75584030151367,-74.00171661376953,40.751510620117195,N,928,1.9454805572699512,14
id2882661,1,2016-01-19 14:38:55,2016-01-19 14:43:51,1,-73.97425842285155,40.763065338134766,-73.97756958007811,40.75365447998047,N,296,1.0818564233678354,14
id3830206,2,2016-06-17 14:51:49,2016-06-17 14:54:45,1,-73.9559097290039,40.779029846191406,-73.96138000488281,40.77458953857422,N,176,0.6775878040833626,14
id0116656,2,2016-01-25 14:52:14,2016-01-25 15:20:21,3,-73.97865295410156,40.75790786743164,-73.95853424072266,40.7757568359375,N,1687,2.6171939382417198,14
id3306007,1,2016-05-19 14:50:59,2016-05-19 15:31:09,1,-73.86280059814453,40.76876068115234,-73.99409484863281,40.732376098632805,N,2410,11.868313195910586,14
id3397659,1,2016-02-01 14:11:35,2016-02-01 14:39:41,1,-73.9659652709961,40.80550003051758,-73.99411010742188,40.734596252441406,N,1686,8.225878634587213,14
id1592247,2,2016-06-20 14:48:36,2016-06-20 15:14:42,1,-74.00130462646483,40.736366271972656,-74.00517272949219,40.719669342041016,N,1566,1.8822971216690572,14
id1023547,2,2016-05-10 14:04:19,2016-05-10 14:08:18,1,-74.0043716430664,40.72414016723633,-74.00728607177734,40.727924346923835,N,239,0.48765285324943664,14
id0009590,2,2016-03-06 14:36:01,2016-03-06 14:53:45,1,-73.99137115478516,40.74651718139648,-73.98806762695312,40.764835357666016,N,1064,2.052615134033568,14
id2832719,2,2016-03-19 14:02:34,2016-03-19 14:21:09,1,-73.97647094726561,40.73952865600586,-73.9984359741211,40.69455337524414,N,1115,5.329954266867715,14
id3867268,1,2016-06-13 14:57:05,2016-06-13 15:26:08,1,-73.77665710449217,40.64523696899414,-73.86500549316406,40.691680908203125,N,1743,9.108851273029098,14
id2620507,2,2016-05-03 14:36:15,2016-05-03 14:45:27,1,-73.99165344238281,40.74428939819336,-73.98961639404298,40.757450103759766,N,552,1.471063970352171,14
id2698181,1,2016-04-10 14:18:41,2016-04-10 14:29:56,1,-74.00210571289062,40.72462844848633,-74.00585174560547,40.71169662475586,N,675,1.4703241043277075,14
id2201176,1,2016-02-23 14:56:28,2016-02-23 15:03:38,1,-73.98809051513672,40.73835372924805,-73.99961853027342,40.73770523071289,N,430,0.9825217232872882,14
id1029468,1,2016-06-11 14:41:00,2016-06-11 14:52:29,1,-73.99116516113281,40.7418212890625,-74.00213623046875,40.73281097412109,N,689,1.3674510799873265,14
id3879361,2,2016-05-08 14:16:36,2016-05-08 14:27:42,2,-73.992431640625,40.748359680175774,-73.97116088867188,40.75365829467773,N,666,1.9012707025856128,14
id3722428,2,2016-03-01 14:39:09,2016-03-01 14:46:32,1,-73.96658325195312,40.763771057128906,-73.95840454101561,40.77477264404297,N,443,1.4051907047295422,14
id3359013,2,2016-05-21 14:42:16,2016-05-21 14:50:24,1,-73.95036315917967,40.771530151367195,-73.93190002441406,40.79560089111328,N,488,3.0986617720774663,14
id0135654,1,2016-03-15 14:18:15,2016-03-15 14:21:57,1,-74.01136779785155,40.715156555175774,-74.01200866699219,40.72021484375,N,222,0.564106372780443,14
id3017512,1,2016-03-20 14:17:37,2016-03-20 14:25:53,1,-73.94527435302734,40.77433776855469,-73.96662139892578,40.767616271972656,N,496,1.9618997839907237,14
id3751477,2,2016-06-22 14:56:50,2016-06-22 15:05:29,2,-73.97373199462889,40.75056838989258,-73.97709655761719,40.7519416809082,N,519,0.32407649430060653,14
id1361976,2,2016-04-03 14:28:07,2016-04-03 14:40:26,1,-73.98202514648438,40.74431991577149,-73.98550415039062,40.720600128173835,N,739,2.6494511004421453,14
id2280789,1,2016-03-16 14:32:03,2016-03-16 14:50:51,1,-73.99473571777342,40.75023651123047,-73.97402954101561,40.76277160644531,N,1128,2.2435841226868707,14
id0495077,2,2016-02-20 14:39:43,2016-02-20 14:51:55,1,-73.99508666992188,40.73979949951172,-73.97319030761719,40.76369857788086,N,732,3.2405812457678085,14
id3956658,2,2016-02-17 14:25:38,2016-02-17 14:39:38,2,-73.982421875,40.76919937133789,-73.97325897216798,40.7904167175293,N,840,2.4805680848534513,14
id0011087,1,2016-01-11 14:00:13,2016-01-11 14:23:27,1,-73.95982360839844,40.76266098022461,-73.96932983398438,40.69015502929688,N,1394,8.088621602834584,14
id3157256,1,2016-01-03 14:25:54,2016-01-03 15:14:16,2,-73.78978729248048,40.643360137939446,-73.98385620117188,40.7673454284668,N,2902,21.482924808447294,14
id0347590,1,2016-03-24 14:18:33,2016-03-24 14:45:05,1,-73.99083709716798,40.75618362426758,-73.99220275878906,40.72190475463867,N,1592,3.8067248153850435,14
id1093640,2,2016-01-01 14:23:40,2016-01-01 14:45:07,1,-73.96343231201173,40.77742004394531,-73.98480224609375,40.75331878662109,N,1287,3.233632163167437,14
id1955176,2,2016-03-11 14:01:11,2016-03-11 14:14:07,1,-74.00991821289062,40.713600158691406,-74.0077896118164,40.751609802246094,N,776,4.222948187187175,14
id2756852,2,2016-04-02 14:29:31,2016-04-02 14:34:31,6,-73.96867370605469,40.757858276367195,-73.95720672607422,40.774295806884766,N,300,2.0685907530191194,14
id2287864,2,2016-05-28 14:38:15,2016-05-28 14:42:02,1,-73.96210479736328,40.77907180786133,-73.95623016357422,40.787086486816406,N,227,1.0201885648690359,14
id3122622,1,2016-02-02 14:01:30,2016-02-02 14:16:11,1,-73.98876190185547,40.769264221191406,-74.00489807128906,40.7417221069336,N,881,3.3507511665081706,14
id0693615,1,2016-03-05 14:15:27,2016-03-05 14:27:54,1,-73.96678924560547,40.76253509521485,-73.9837875366211,40.73177337646485,N,747,3.707662639295113,14
id1866640,2,2016-03-31 14:45:05,2016-03-31 15:35:12,1,-73.8634262084961,40.769878387451165,-73.98652648925781,40.75822067260742,N,3007,10.543234043493658,14
id2426221,1,2016-06-15 14:16:35,2016-06-15 14:36:27,2,-73.98216247558594,40.766788482666016,-73.9598159790039,40.81215286254882,N,1192,5.3817875094376335,14
id2883612,1,2016-03-29 14:16:15,2016-03-29 14:26:07,1,-73.99228668212889,40.725379943847656,-73.98655700683594,40.69377136230469,N,592,3.5421930809916895,14
id2909118,1,2016-03-15 14:29:17,2016-03-15 14:42:18,1,-73.982177734375,40.77391052246094,-73.95955657958984,40.7767448425293,N,781,1.9483664712792632,14
id1284576,2,2016-01-19 14:26:13,2016-01-19 14:31:59,2,-74.00968933105469,40.715118408203125,-74.00489807128906,40.72639083862305,N,346,1.3158492724655535,14
id2549776,1,2016-03-25 14:57:27,2016-03-25 15:00:07,2,-73.98335266113281,40.76601409912109,-73.98265075683594,40.77157211303711,N,160,0.6198176666983509,14
id1382020,2,2016-04-22 14:27:18,2016-04-22 14:43:41,2,-73.9720230102539,40.781768798828125,-73.97303009033203,40.75521087646485,N,983,2.9491719706497177,14
id1732211,2,2016-03-11 14:46:34,2016-03-11 14:51:28,1,-73.99813079833984,40.7413215637207,-73.9930419921875,40.7341194152832,N,294,0.9089555008437551,14
id0092521,2,2016-02-29 14:38:46,2016-02-29 15:01:11,1,-73.97312927246092,40.75218963623047,-73.99179840087889,40.755756378173835,N,1345,1.6355178376907586,14
id0088428,2,2016-02-18 14:56:03,2016-02-18 15:08:10,5,-73.91033935546875,40.88875961303711,-73.90083312988281,40.884498596191406,N,727,0.9362769264333551,14
id0659893,1,2016-04-19 14:42:16,2016-04-19 14:46:49,1,-73.99092864990233,40.766010284423835,-73.98252868652342,40.7664909362793,N,273,0.7159874501884874,14
id2467451,1,2016-01-29 14:04:48,2016-01-29 14:14:55,1,-73.96649169921875,40.7705078125,-73.9540023803711,40.785003662109375,N,607,1.927689103940555,14
id1179443,1,2016-02-14 14:46:10,2016-02-14 14:55:20,1,-74.001708984375,40.74032974243164,-73.98694610595702,40.74729919433594,N,550,1.4741459456823858,14
id0909984,1,2016-03-07 14:19:10,2016-03-07 14:36:06,1,-73.99002838134764,40.74179458618164,-73.96513366699219,40.76319122314453,N,1016,3.1809467914307796,14
id3866029,1,2016-04-06 14:39:03,2016-04-06 14:57:14,1,-73.95538330078125,40.77683639526367,-73.97215270996092,40.796817779541016,N,1091,2.6364738251362865,14
id1973200,2,2016-06-06 14:37:41,2016-06-06 15:16:13,1,-73.99974060058595,40.75374603271485,-73.96162414550781,40.78044128417969,N,2312,4.3905964489181075,14
id2082434,1,2016-02-03 14:53:51,2016-02-03 15:04:41,1,-73.99960327148438,40.71907424926758,-73.98786926269531,40.72148895263672,N,650,1.032777563186094,14
id1618930,2,2016-06-08 14:23:48,2016-06-08 14:32:07,1,-73.97832489013672,40.72461318969727,-73.98564147949219,40.73540496826172,N,499,1.3497060565508516,14
id0395241,1,2016-05-22 14:42:45,2016-05-22 15:00:23,2,-73.97311401367188,40.780437469482415,-73.97589111328125,40.752147674560554,N,1058,3.1490270737619155,14
id0624885,1,2016-02-14 14:37:26,2016-02-14 14:53:04,1,-74.00418853759764,40.74211502075195,-73.97614288330078,40.744941711425774,N,938,2.4044404333447686,14
id0725765,2,2016-05-16 14:49:09,2016-05-16 14:56:49,1,-73.99762725830078,40.76536178588867,-74.00406646728516,40.75315856933594,N,460,1.4609578781171708,14
id2970528,1,2016-02-11 14:45:54,2016-02-11 15:20:08,1,-73.86392211914062,40.76971054077149,-73.95663452148438,40.74803924560546,N,2054,8.23951642712557,14
id2751767,1,2016-03-21 14:16:13,2016-03-21 14:27:18,1,-73.98727416992188,40.72920608520508,-73.99246215820312,40.7476806640625,N,665,2.0975566213874206,14
id0555278,2,2016-05-08 14:27:05,2016-05-08 14:43:16,1,-74.00798034667967,40.7387809753418,-73.97843170166014,40.75254821777344,N,971,2.939999054089994,14
id0906173,1,2016-01-15 14:00:07,2016-01-15 14:16:08,1,-73.97720336914062,40.75868225097656,-73.9583511352539,40.78171157836913,N,961,3.016994354721913,14
id2175061,2,2016-02-22 14:48:32,2016-02-22 14:50:09,1,-73.99404907226561,40.767276763916016,-73.99132537841797,40.77027130126953,N,97,0.40507315096188296,14
id0916675,1,2016-02-29 14:10:19,2016-02-29 14:23:29,1,-73.98541259765625,40.77329254150391,-73.95111083984375,40.79176712036133,N,790,3.5645887285575917,14
id0813150,2,2016-02-25 14:28:47,2016-02-25 14:38:16,1,-73.98992156982422,40.75708770751953,-73.97923278808595,40.76607131958008,N,569,1.3490094411352165,14
id1340283,2,2016-06-30 14:58:21,2016-06-30 15:32:29,1,-73.86277770996092,40.768821716308594,-73.95885467529298,40.768028259277344,N,2048,8.167016963928278,14
id1293054,2,2016-02-06 14:04:25,2016-02-06 14:11:59,6,-73.9944076538086,40.69010162353516,-73.98314666748048,40.69503021240234,N,454,1.102492705370584,14
id2460101,1,2016-06-23 14:24:51,2016-06-23 14:33:29,1,-73.94824981689453,40.798118591308594,-73.9451675415039,40.7867546081543,N,518,1.288322894243017,14
id0617398,2,2016-05-25 14:12:03,2016-05-25 14:23:12,5,-73.98789215087889,40.74150848388672,-73.97413635253906,40.75750350952149,N,669,2.125874858735225,14
id2179805,1,2016-01-20 14:44:41,2016-01-20 14:45:30,1,-73.94902801513672,40.779327392578125,-73.95050811767578,40.77979278564453,N,49,0.1360016436230586,14
id2059810,1,2016-01-08 14:25:05,2016-01-08 14:47:19,1,-73.95615386962889,40.77595138549805,-73.97529602050781,40.765186309814446,N,1334,2.018722480290552,14
id0320140,2,2016-03-28 14:35:06,2016-03-28 14:46:10,1,-73.95489501953125,40.76547622680664,-73.971435546875,40.762088775634766,N,664,1.455356373200863,14
id0029318,1,2016-04-25 14:10:21,2016-04-25 14:29:52,1,-73.98834991455078,40.74107360839844,-73.96762084960938,40.76315689086913,N,1171,3.018797607930508,14
id2578699,1,2016-05-21 14:19:47,2016-05-21 15:23:31,1,-73.99736785888672,40.73662567138672,-73.9849853515625,40.71931076049805,N,3824,2.191277096306021,14
id3899744,2,2016-05-14 14:44:42,2016-05-14 15:20:54,1,-73.98258209228516,40.77236175537109,-74.0066680908203,40.71437454223633,N,2172,6.754335518218536,14
id0709509,2,2016-03-28 14:32:53,2016-03-28 14:37:37,1,-73.98937225341797,40.75749588012695,-73.99938201904298,40.759498596191406,N,284,0.8793917052467854,14
id0062292,2,2016-05-27 14:53:06,2016-05-27 14:56:07,1,-73.95667266845702,40.77825164794922,-73.9627227783203,40.77145004272461,N,181,0.9134849310649865,14
id0035837,1,2016-04-17 14:08:48,2016-04-17 15:02:40,2,-73.98283386230467,40.756229400634766,-73.79362487792967,40.6446647644043,N,3232,20.298046321225033,14
id1494566,1,2016-05-31 14:07:20,2016-05-31 14:32:06,1,-73.95987701416014,40.78207778930664,-73.98287200927734,40.75069046020508,N,1486,3.9948182345592538,14
id1446844,1,2016-02-07 14:04:21,2016-02-07 14:08:52,1,-73.96601867675781,40.762237548828125,-73.96424865722656,40.75495910644531,N,271,0.8217965633493013,14
id0294469,1,2016-06-20 14:04:11,2016-06-20 14:28:13,1,-73.98235321044923,40.764766693115234,-73.98793029785155,40.74371337890625,N,1442,2.384514808172003,14
id1883145,1,2016-05-15 14:58:43,2016-05-15 15:18:15,1,-74.0141372680664,40.70846557617188,-73.98371124267578,40.75468063354492,N,1172,5.7449171955428415,14
id0691139,1,2016-02-23 14:34:21,2016-02-23 14:57:38,1,-73.97969818115233,40.74657440185546,-74.00647735595702,40.744384765625,N,1397,2.2891691695493708,14
id0731103,1,2016-05-16 14:57:17,2016-05-16 15:11:39,1,-73.97801971435547,40.7376365661621,-73.96151733398438,40.77393341064453,N,862,4.266146952299839,14
id3348736,2,2016-05-07 14:11:24,2016-05-07 14:30:16,4,-73.9762191772461,40.791179656982415,-74.00376892089844,40.75918960571289,N,1132,4.253533968288945,14
id2712114,1,2016-02-17 14:00:33,2016-02-17 14:16:14,1,-73.96160125732422,40.77448272705078,-73.9859619140625,40.775554656982415,N,941,2.074071546858373,14
id0313573,1,2016-06-09 14:38:48,2016-06-09 14:58:58,1,-73.95722961425781,40.77416229248047,-73.97488403320312,40.790424346923835,N,1210,2.3473857940687957,14
id2606146,2,2016-04-14 14:27:42,2016-04-14 14:36:45,1,-73.98847961425781,40.74319076538086,-73.99839782714845,40.740455627441406,N,543,0.8960486820924342,14
id3183811,1,2016-01-30 14:37:02,2016-01-30 14:48:52,2,-73.94903564453125,40.78184509277344,-73.95050048828125,40.79745101928711,N,710,1.7367269223461677,14
id1607859,1,2016-04-29 14:43:30,2016-04-29 14:59:10,3,-73.96863555908203,40.76434326171875,-73.98981475830078,40.73843002319336,N,940,3.3932781169580903,14
id0944992,2,2016-06-26 14:38:21,2016-06-26 14:42:17,1,-73.98776245117188,40.72420120239258,-73.97987365722656,40.72455978393555,N,236,0.671727752291706,14
id3053364,1,2016-05-06 14:33:47,2016-05-06 14:43:57,1,-74.015380859375,40.715686798095696,-74.00885772705078,40.73755645751953,N,610,2.490049273110919,14
id3176742,1,2016-01-18 14:06:16,2016-01-18 14:14:15,1,-73.99943542480467,40.733745574951165,-73.99024963378906,40.7332878112793,N,479,0.7824438331488859,14
id0464605,1,2016-06-13 14:18:13,2016-06-13 15:23:35,2,-73.78199005126953,40.644622802734375,-73.98727416992188,40.76133728027344,N,3922,21.732759105688924,14
id0228388,1,2016-03-17 14:14:26,2016-03-17 14:27:34,1,-73.9765625,40.7510986328125,-73.99191284179686,40.74831008911133,N,788,1.3409907443449596,14
id0946854,2,2016-05-22 14:04:17,2016-05-22 14:22:42,5,-73.98287963867188,40.77195358276367,-73.94275665283203,40.746196746826165,N,1105,4.45029508608471,14
id2301373,2,2016-04-08 14:40:40,2016-04-08 14:54:06,1,-73.9543685913086,40.781246185302734,-73.97929382324217,40.78453826904297,N,806,2.1499274752005135,14
id1657847,1,2016-05-10 14:16:35,2016-05-10 14:49:20,2,-74.01125335693358,40.71379470825195,-73.98499298095702,40.742034912109375,N,1965,3.848184360244379,14
id0915121,1,2016-01-21 14:03:09,2016-01-21 14:06:24,1,-74.0003890991211,40.74673461914063,-73.99948120117188,40.7412223815918,N,195,0.6167058260648742,14
id0664863,1,2016-04-03 14:24:19,2016-04-03 14:40:01,1,-73.98876190185547,40.74139022827149,-73.97823333740233,40.7620506286621,N,942,2.461735435959121,14
id1286694,2,2016-02-26 14:30:10,2016-02-26 14:42:43,1,-73.94109344482422,40.75518798828125,-73.90577697753906,40.76305770874024,N,753,3.1264152408353976,14
id0621550,1,2016-05-09 14:47:22,2016-05-09 15:04:14,2,-73.98209381103516,40.74920654296875,-73.87076568603516,40.77403259277344,N,1012,9.855969499748324,14
id2990484,1,2016-01-04 14:27:35,2016-01-04 14:48:31,1,-73.98424530029298,40.75330352783203,-74.00064849853516,40.71826934814453,N,1256,4.131187764122096,14
id2584402,1,2016-04-03 14:29:48,2016-04-03 14:40:51,1,-73.99420928955078,40.740814208984375,-73.97629547119139,40.76520156860352,N,663,3.105860610187634,14
id1387953,1,2016-05-15 14:59:55,2016-05-15 15:15:10,1,-73.98208618164062,40.76844024658203,-73.98812103271484,40.76870346069336,N,915,0.5137937164243821,14
id0807370,1,2016-05-19 14:46:55,2016-05-19 14:55:37,1,-73.951904296875,40.777786254882805,-73.96034240722656,40.77218246459961,N,522,0.9493903864843474,14
id3571834,2,2016-04-10 14:43:04,2016-04-10 14:52:51,1,-73.98796844482422,40.73802947998047,-73.99224090576173,40.74908065795898,N,587,1.2793085108710107,14
id3066773,2,2016-01-04 14:13:34,2016-01-04 14:21:37,1,-74.00662994384764,40.71427154541016,-74.01268005371092,40.70235061645508,N,483,1.4196415310112749,14
id3009020,1,2016-02-01 14:50:43,2016-02-01 15:03:54,1,-73.98149871826173,40.76540756225586,-73.95124053955078,40.77089691162109,N,791,2.643136435949618,14
id0735277,1,2016-04-14 14:49:14,2016-04-14 15:00:37,1,-73.96788024902342,40.765281677246094,-73.9698486328125,40.786296844482415,N,683,2.3386761468137216,14
id1077152,2,2016-02-23 14:51:22,2016-02-23 14:59:36,1,-74.00259399414062,40.75000381469727,-73.9945068359375,40.754253387451165,N,494,0.8336868076665157,14
id1869787,1,2016-04-28 14:48:45,2016-04-28 14:53:50,1,-73.95347595214845,40.7795524597168,-73.9605712890625,40.78140640258789,N,305,0.637246073561503,14
id1024719,2,2016-04-27 14:52:20,2016-04-27 14:59:52,5,-73.98430633544923,40.743202209472656,-73.97306823730467,40.75198745727539,N,452,1.3650722339445622,14
id3962931,2,2016-05-01 14:17:00,2016-05-01 14:23:53,1,-73.97734069824217,40.749908447265625,-73.99179077148438,40.73867034912109,N,413,1.7506262312066538,14
id1528183,1,2016-01-01 14:01:51,2016-01-01 14:19:55,3,-73.98828125,40.737651824951165,-73.98272705078125,40.77227783203125,N,1084,3.8723733846381845,14
id2962513,1,2016-03-16 14:55:20,2016-03-16 15:08:18,1,-73.9871597290039,40.75053024291992,-73.97257995605469,40.75885391235352,N,778,1.545787282890744,14
id2915894,1,2016-02-24 14:23:14,2016-02-24 14:34:15,1,-73.98921966552734,40.741981506347656,-74.00746154785155,40.72354888916016,N,661,2.567184493644984,14
id0605014,2,2016-06-04 14:01:42,2016-06-04 14:07:02,5,-73.9222412109375,40.75730895996094,-73.92059326171875,40.753021240234375,N,320,0.4961220818130204,14
id2822042,2,2016-04-14 14:50:29,2016-04-14 15:47:03,1,-73.969482421875,40.797748565673835,-73.77662658691406,40.64487075805664,N,3394,23.594149710425057,14
id1886977,2,2016-03-12 14:19:03,2016-03-12 14:30:54,1,-73.95558929443358,40.771968841552734,-73.96556854248048,40.76107025146485,N,711,1.4774923990927644,14
id0676247,2,2016-02-16 14:26:57,2016-02-16 14:39:26,1,-73.97534942626953,40.761695861816406,-73.97100830078125,40.752735137939446,N,749,1.0608804025092948,14
id3002916,1,2016-05-08 14:15:29,2016-05-08 14:22:41,1,-73.98397827148438,40.742942810058594,-73.97219848632812,40.762065887451165,N,432,2.3469676920485156,14
id3252744,1,2016-06-13 14:48:31,2016-06-13 14:53:52,1,-73.98365783691406,40.75584030151367,-73.98007202148438,40.75524520874024,N,321,0.31186996442620235,14
id3543066,2,2016-05-30 14:39:51,2016-05-30 14:46:18,1,-73.98133087158203,40.73333740234375,-73.99029541015625,40.72333526611328,N,387,1.346569267897234,14
id3907938,2,2016-02-10 14:54:48,2016-02-10 15:01:37,2,-73.98004150390625,40.774578094482415,-73.97209167480467,40.76539993286133,N,409,1.2225067877640936,14
id1659538,2,2016-04-29 14:22:21,2016-04-29 14:35:19,1,-73.98039245605469,40.76119613647461,-73.99203491210938,40.74969482421875,N,778,1.615286243762435,14
id0956563,1,2016-06-11 14:41:53,2016-06-11 14:59:12,1,-73.87355041503906,40.77392578125,-73.94081115722656,40.71629333496094,N,1039,8.579635264397636,14
id1249960,1,2016-05-05 14:35:12,2016-05-05 14:43:09,1,-73.98599243164062,40.76239013671875,-73.9811019897461,40.7783203125,N,477,1.8164532705503202,14
id3722326,1,2016-05-12 14:29:58,2016-05-12 15:05:18,2,-74.00404357910156,40.742706298828125,-73.98152923583984,40.732872009277344,N,2120,2.2031625120593468,14
id3191210,1,2016-01-02 14:26:42,2016-01-02 14:39:56,2,-73.98164367675781,40.75822067260742,-73.95662689208984,40.78089904785156,N,794,3.295222000901945,14
id2601453,2,2016-04-01 14:31:35,2016-04-01 14:48:17,1,-73.94791412353516,40.77912902832031,-73.96741485595702,40.7599983215332,N,1002,2.6938449813557974,14
id0555556,1,2016-06-04 14:05:32,2016-06-04 14:18:00,2,-73.98732757568358,40.73302459716797,-73.99180603027342,40.74887847900391,N,748,1.800482538803342,14
id0063499,1,2016-02-07 14:34:07,2016-02-07 14:41:15,1,-74.00413513183594,40.72592926025391,-74.00791931152342,40.73940658569336,N,428,1.53017241563148,14
id0031414,1,2016-05-26 14:57:48,2016-05-26 15:37:48,2,-73.87091827392578,40.773738861083984,-73.96380615234375,40.77462768554688,N,2400,7.896086051914443,14
id2657641,1,2016-01-06 14:23:07,2016-01-06 14:30:53,1,-73.97478485107422,40.759010314941406,-73.96555328369139,40.771629333496094,N,466,1.6055277138640751,14
id1706637,2,2016-06-01 14:32:16,2016-06-01 14:39:29,3,-73.97171783447266,40.76020050048828,-73.97575378417967,40.7554817199707,N,433,0.6261290417727846,14
id0409624,2,2016-04-25 14:21:29,2016-04-25 14:28:20,1,-73.99192047119139,40.75426864624024,-73.9808578491211,40.76755142211913,N,411,1.74872166081963,14
id3700920,1,2016-02-05 14:28:55,2016-02-05 14:39:58,1,-73.99291229248048,40.7503662109375,-73.9798355102539,40.75247573852539,N,663,1.135922928849528,14
id0360599,1,2016-05-28 14:03:47,2016-05-28 14:16:22,1,-73.96009826660156,40.773052215576165,-73.98102569580078,40.78261566162109,N,755,2.071500408821882,14
id1611071,1,2016-01-07 14:33:50,2016-01-07 14:51:48,1,-74.00423431396483,40.70747756958008,-73.96820831298828,40.76091384887695,N,1078,6.675249573758719,14
id3447090,2,2016-02-20 14:27:39,2016-02-20 14:33:45,1,-74.01056671142578,40.71794509887695,-74.0084457397461,40.73411178588867,N,366,1.8035354635558782,14
id0915267,1,2016-05-23 14:34:42,2016-05-23 14:39:03,1,-74.00518798828125,40.751441955566406,-73.99797821044923,40.75653076171875,N,261,0.8334422309890426,14
id1312439,2,2016-02-14 14:16:10,2016-02-14 14:21:24,2,-73.95175170898438,40.78141021728516,-73.94591522216798,40.79854202270508,N,314,1.9652772738128885,14
id3916421,2,2016-06-22 14:23:44,2016-06-22 14:30:30,1,-73.95468902587889,40.76560592651367,-73.97252655029298,40.74746322631836,N,406,2.5207898072931805,14
id0312827,2,2016-04-24 14:45:55,2016-04-24 15:04:23,2,-73.96885681152342,40.76166915893555,-73.98912048339844,40.774410247802734,N,1108,2.228640228187819,14
id1825964,2,2016-04-03 14:53:04,2016-04-03 15:10:14,1,-73.99024963378906,40.71912384033203,-73.97450256347656,40.759441375732415,N,1030,4.671125717479379,14
id1002184,1,2016-01-14 14:59:20,2016-01-14 15:08:41,1,-73.97545623779298,40.76030731201172,-73.98922729492188,40.75668716430664,N,561,1.2375928421494613,14
id3692577,2,2016-04-14 15:06:25,2016-04-14 15:17:09,1,-73.96961975097656,40.79019165039063,-73.98636627197266,40.77888107299805,N,644,1.8980087704353859,15
id0996094,2,2016-06-02 15:23:49,2016-06-02 15:30:47,1,-73.99183654785155,40.754985809326165,-73.98348999023438,40.76169967651367,N,418,1.028937000110519,15
id1154453,2,2016-03-15 15:42:08,2016-03-15 15:55:41,2,-74.009765625,40.72217559814453,-73.98902130126953,40.738861083984375,N,813,2.5572144483537413,15
id1203209,1,2016-02-12 15:22:43,2016-02-12 15:36:40,1,-74.01544189453125,40.70989227294922,-74.00644683837889,40.738086700439446,N,837,3.221624169614942,15
id2121753,1,2016-05-23 15:33:42,2016-05-23 15:42:21,1,-74.00541687011719,40.74591064453125,-73.99669647216798,40.736194610595696,N,519,1.3086428817034115,15
id2233371,2,2016-01-15 15:47:36,2016-01-15 15:50:30,3,-73.99494171142578,40.74497985839844,-74.00089263916014,40.746429443359375,N,174,0.5308040202397142,15
id0676292,1,2016-04-08 15:02:58,2016-04-08 15:10:43,1,-73.98069763183594,40.75323867797852,-73.99111938476561,40.75530242919922,N,465,0.9149887646639026,15
id2270334,2,2016-06-15 15:29:38,2016-06-15 16:16:20,5,-73.9822769165039,40.76905059814453,-73.90432739257811,40.8956413269043,N,2802,15.53533621673998,15
id0787060,2,2016-01-25 15:43:29,2016-01-25 16:23:58,1,-73.99365234375,40.75680160522461,-73.9600067138672,40.782051086425774,N,2429,4.004246499343242,15
id2070932,2,2016-01-15 15:13:20,2016-01-15 15:33:44,6,-73.978271484375,40.74176025390625,-73.97869110107422,40.76688003540039,N,1224,2.7885238623924455,15
id1326325,1,2016-01-29 15:46:42,2016-01-29 15:50:15,1,-73.98506927490233,40.74198532104492,-73.97744750976561,40.73894500732422,N,213,0.7304785596494366,15
id3091761,1,2016-02-25 15:19:31,2016-02-25 15:26:19,1,-73.97789001464844,40.75212860107422,-73.97525787353516,40.74764633178711,N,408,0.5455217574510217,15
id0926704,2,2016-05-05 15:45:21,2016-05-05 15:49:12,1,-73.99466705322266,40.75046157836913,-74.00007629394531,40.74517822265625,N,231,0.7452041241705855,15
id3756430,2,2016-03-05 15:36:57,2016-03-05 15:48:42,1,-73.94706726074217,40.784061431884766,-73.95851135253906,40.767208099365234,N,705,2.10851399524761,15
id2926207,2,2016-04-27 15:26:28,2016-04-27 15:30:29,1,-73.98030853271484,40.78533172607422,-73.98564147949219,40.77830123901367,N,241,0.9024857940811877,15
id1529742,2,2016-02-12 15:16:15,2016-02-12 15:25:32,2,-73.97425842285155,40.76068115234375,-73.9720230102539,40.750591278076165,N,557,1.1359798261727867,15
id2832619,1,2016-03-28 15:30:04,2016-03-28 16:14:31,1,-73.78217315673827,40.64477157592773,-73.97306060791014,40.760303497314446,N,2667,20.68141129792977,15
id2845364,1,2016-04-14 15:05:29,2016-04-14 16:06:45,2,-73.99388122558594,40.73543548583984,-73.87265777587889,40.774410247802734,N,3676,11.175342076113308,15
id2968655,2,2016-01-30 15:34:10,2016-01-30 15:41:35,2,-74.00090789794923,40.75740051269531,-73.99806976318358,40.74515914916992,N,445,1.3800403530574568,15
id2777937,2,2016-04-04 15:31:43,2016-04-04 16:16:12,1,-73.95518493652342,40.764205932617195,-73.97489929199217,40.645992279052734,N,2669,13.228282469751026,15
id1407151,1,2016-01-05 15:49:47,2016-01-05 16:13:58,1,-73.9798812866211,40.78439712524414,-73.95196533203125,40.78192138671875,N,1451,2.3887162108584112,15
id3676131,2,2016-01-02 15:19:45,2016-01-02 15:44:15,1,-73.97782135009764,40.75960159301758,-73.87042236328125,40.77362823486328,N,1470,9.260733474177018,15
id1988552,1,2016-04-06 15:41:58,2016-04-06 15:52:39,1,-74.00556182861328,40.74075698852539,-74.00944519042967,40.7193717956543,N,641,2.396596773146649,15
id1925368,2,2016-01-01 15:51:20,2016-01-01 15:53:28,1,-73.96944427490233,40.79026794433594,-73.97684478759764,40.78253173828125,N,128,1.064468846729961,15
id2607618,2,2016-01-12 15:06:16,2016-01-12 15:25:38,1,-73.97634887695312,40.758209228515625,-73.9529800415039,40.767871856689446,N,1162,2.257422768401417,15
id2894057,2,2016-05-15 15:32:59,2016-05-15 15:43:21,1,-73.97814178466798,40.78650665283203,-73.95948791503906,40.77143096923828,N,622,2.305283281547717,15
id0779399,2,2016-04-03 15:00:50,2016-04-04 14:52:25,1,-73.95115661621092,40.771785736083984,-73.86309814453125,40.76862335205078,N,85895,7.493196619530045,15
id0767295,2,2016-06-29 15:02:24,2016-06-29 15:08:45,1,-73.96314239501953,40.76919555664063,-73.96819305419923,40.7593879699707,N,381,1.1702330254512134,15
id2629681,1,2016-04-04 15:30:03,2016-04-04 15:59:42,1,-73.9547576904297,40.76547622680664,-73.99087524414062,40.75135040283203,N,1779,3.4472264365986027,15
id3668142,1,2016-06-15 15:50:09,2016-06-15 16:01:41,1,-73.97126007080078,40.76057052612305,-73.95235443115233,40.76850128173828,N,692,1.8323032531474546,15
id0606063,1,2016-06-03 15:28:30,2016-06-03 15:46:52,1,-73.98461151123048,40.779609680175774,-73.95458984375,40.77901077270508,N,1102,2.552707516779508,15
id1082454,1,2016-05-01 15:53:30,2016-05-01 16:02:31,1,-73.9455337524414,40.77817535400391,-73.95247650146483,40.79230880737305,N,541,1.6761363281052077,15
id3663408,2,2016-04-10 15:37:23,2016-04-10 15:54:57,2,-73.95308685302734,40.77185821533203,-73.97569274902342,40.75550842285156,N,1054,2.643059518947119,15
id0269190,1,2016-04-08 15:32:25,2016-04-08 15:58:45,1,-73.99382781982422,40.76170349121094,-73.95947265625,40.80124282836913,N,1580,5.271589108281751,15
id3248527,2,2016-05-21 15:36:46,2016-05-21 16:26:57,1,-73.78250885009764,40.6445198059082,-73.95201873779298,40.809059143066406,N,3011,23.263041319130206,15
id1915498,2,2016-01-16 15:21:00,2016-01-16 15:39:16,1,-73.95130157470702,40.77772521972656,-73.98439025878906,40.73214340209961,N,1096,5.7887596581495515,15
id2654636,1,2016-04-21 15:20:42,2016-04-21 15:35:09,1,-73.97505950927734,40.74992752075195,-73.9903793334961,40.755184173583984,N,867,1.4269354277123794,15
id2005310,2,2016-06-01 15:05:57,2016-06-01 15:17:40,1,-73.95059967041014,40.786518096923835,-73.95966339111328,40.76926040649414,N,703,2.0647223808705255,15
id3977428,1,2016-05-05 15:50:48,2016-05-05 16:20:22,1,-73.99229431152342,40.74886322021485,-73.95745086669923,40.78034210205078,N,1774,4.580474827062219,15
id2643728,1,2016-04-10 15:14:39,2016-04-10 15:23:58,1,-73.99920654296875,40.76118087768555,-73.99756622314453,40.740917205810554,N,559,2.2535848282090734,15
id2068452,1,2016-03-13 15:28:10,2016-03-13 16:17:25,1,-73.98799896240233,40.74943161010742,-73.96527862548828,40.67415237426758,N,2955,8.576263724345825,15
id2947751,2,2016-06-03 15:08:16,2016-06-03 15:26:35,6,-73.99524688720702,40.739707946777344,-73.98310089111328,40.76136016845703,N,1099,2.6157570549241944,15
id2812396,2,2016-03-03 15:05:57,2016-03-03 15:14:28,1,-73.99842071533203,40.745220184326165,-73.98779296875,40.760639190673835,N,511,1.935283435368428,15
id3526817,1,2016-05-27 15:54:24,2016-05-27 15:58:00,1,-73.98399353027342,40.75516891479492,-73.97811889648438,40.76316452026367,N,216,1.0183428794872809,15
id2029471,2,2016-06-18 15:58:20,2016-06-18 16:24:01,1,-73.98380279541014,40.74951934814453,-73.9818115234375,40.76227951049805,N,1541,1.4264554004423486,15
id1599390,2,2016-02-11 15:04:49,2016-02-11 15:08:07,1,-73.95204162597656,40.778369903564446,-73.94779205322266,40.775169372558594,N,198,0.5066401496033538,15
id1168756,2,2016-02-10 15:04:04,2016-02-10 15:13:07,2,-73.98648834228516,40.72241973876953,-74.00946807861328,40.72597885131836,N,543,1.9928288733717041,15
id3077570,2,2016-05-23 15:04:33,2016-05-23 15:05:12,1,-73.78874969482422,40.64738845825195,-73.78946685791014,40.64712142944336,N,39,0.06778291979713807,15
id1366140,2,2016-04-01 15:11:37,2016-04-01 15:31:41,1,-73.97545623779298,40.75528717041016,-73.94258880615233,40.799854278564446,N,1204,5.681306294504729,15
id2404752,2,2016-04-26 15:05:00,2016-04-26 15:10:12,1,-73.97223663330078,40.76881790161133,-73.97223663330078,40.76881790161133,N,312,0.0,15
id3523968,1,2016-05-31 15:24:04,2016-05-31 15:27:46,1,-73.98109436035155,40.78231048583984,-73.98241424560547,40.77382659912109,N,222,0.9483707402041476,15
id3040683,2,2016-06-15 15:10:23,2016-06-15 15:41:10,1,-73.98045349121092,40.738628387451165,-73.96649169921875,40.77033996582031,N,1847,3.7146570324125796,15
id0377822,1,2016-01-14 15:32:30,2016-01-14 15:40:29,1,-73.94723510742188,40.77206039428711,-73.96343231201173,40.763568878173835,N,479,1.6684995673528866,15
id0888948,1,2016-04-05 15:24:12,2016-04-05 15:40:22,1,-73.97479248046875,40.75070571899414,-73.95248413085938,40.78240203857422,N,970,3.996746949932447,15
id3096775,2,2016-05-09 15:00:43,2016-05-09 15:23:50,5,-74.00724029541014,40.71281051635742,-73.98956298828125,40.75782012939453,N,1387,5.217126207766405,15
id0550776,1,2016-03-02 15:28:52,2016-03-02 15:35:01,2,-73.99507141113281,40.75041961669922,-74.0001449584961,40.75264739990234,N,369,0.4971189227459018,15
id0746165,2,2016-02-08 15:06:39,2016-02-08 15:35:22,1,-73.98838806152342,40.74909973144531,-73.97279357910156,40.67023086547852,N,1723,8.854226354583648,15
id3788848,1,2016-03-14 15:35:42,2016-03-14 15:53:06,1,-74.00625610351561,40.73973083496094,-73.97847747802734,40.75864028930664,N,1044,3.159236405436422,15
id3032622,2,2016-04-30 15:59:56,2016-04-30 16:20:20,1,-73.98148345947266,40.78389358520508,-74.01448822021484,40.717132568359375,N,1224,7.92372409153605,15
id3741965,2,2016-02-23 15:14:36,2016-02-23 15:25:53,1,-73.9873504638672,40.74209976196289,-73.97382354736328,40.760120391845696,N,677,2.307200028935314,15
id0340629,1,2016-03-18 15:07:35,2016-03-18 15:15:51,1,-73.98887634277344,40.74374008178711,-73.9957733154297,40.743698120117195,N,496,0.5862611785718203,15
id1971107,2,2016-01-11 15:16:16,2016-01-11 15:28:33,1,-73.9861068725586,40.73466110229492,-73.96086883544923,40.75753021240234,N,737,3.3235314698105065,15
id2145122,2,2016-02-25 15:16:04,2016-02-25 15:53:52,1,-73.97555541992188,40.75131988525391,-73.87316131591797,40.774295806884766,N,2268,9.069457613662046,15
id3938591,1,2016-01-19 15:17:08,2016-01-19 15:27:29,1,-73.99706268310547,40.72257995605469,-73.99420928955078,40.74528503417969,N,621,2.5319071619124225,15
id0826858,1,2016-05-13 15:50:54,2016-05-13 15:57:33,1,-74.00802612304686,40.73553085327149,-74.00238037109375,40.73974990844727,N,399,0.6705314515814443,15
id1127217,2,2016-05-18 15:26:15,2016-05-18 15:49:29,1,-73.99439239501953,40.7352409362793,-74.01457977294923,40.71406936645508,N,1394,2.9098305576470462,15
id3922798,1,2016-01-08 15:24:23,2016-01-08 15:32:38,1,-73.95703125,40.8022689819336,-73.9393310546875,40.81514358520508,N,495,2.07505243393248,15
id0126644,2,2016-05-28 15:38:42,2016-05-28 15:44:16,1,-73.98046875,40.783050537109375,-73.97682189941406,40.79027938842773,N,334,0.8601969497273377,15
id0211477,2,2016-05-27 15:13:04,2016-05-27 15:19:20,1,-73.99163055419923,40.74983978271485,-74.00401306152342,40.738128662109375,N,376,1.6726067332754362,15
id0760835,1,2016-03-11 15:52:07,2016-03-11 15:55:18,1,-73.95535278320312,40.768585205078125,-73.94893646240233,40.7774543762207,N,191,1.1254528859108797,15
id0352991,1,2016-03-13 15:55:56,2016-03-13 16:10:46,1,-73.95134735107422,40.71104431152344,-73.91994476318358,40.697486877441406,N,890,3.064210268361745,15
id1241182,1,2016-04-12 15:00:25,2016-04-12 15:12:28,1,-73.9832305908203,40.75096893310546,-73.97219848632812,40.7591552734375,N,723,1.3057724388838834,15
id2172630,2,2016-06-24 15:49:00,2016-06-24 16:02:59,5,-73.98578643798828,40.740921020507805,-73.99799346923827,40.7242317199707,N,839,2.1233018953487846,15
id3912475,1,2016-05-19 15:51:00,2016-05-19 16:47:33,1,-73.86248779296875,40.76897811889648,-73.97229766845702,40.75674819946289,N,3393,9.432042285401696,15
id1476504,1,2016-03-01 15:08:40,2016-03-01 15:18:00,1,-73.96136474609375,40.81184387207031,-73.97620391845702,40.786468505859375,N,560,3.0861882426016076,15
id3002339,1,2016-02-01 15:53:53,2016-02-01 16:04:13,1,-73.97892761230467,40.77230072021485,-73.96705627441406,40.764347076416016,N,620,1.3407615719913353,15
id1881230,2,2016-02-12 15:47:46,2016-02-12 15:47:59,1,-73.97888946533203,40.75027084350586,-73.97866821289062,40.750579833984375,N,13,0.03911562023501336,15
id0292261,1,2016-04-12 15:30:01,2016-04-12 15:43:02,3,-73.9787368774414,40.75700378417969,-73.97488403320312,40.74195861816406,N,781,1.7018212896327625,15
id2373114,1,2016-06-16 15:59:34,2016-06-16 16:16:16,1,-73.95582580566406,40.779579162597656,-73.96058654785155,40.76569366455078,N,1002,1.5935268903334678,15
id2636863,1,2016-06-20 15:25:02,2016-06-20 15:40:04,1,-73.99555969238281,40.71629333496094,-74.00141906738281,40.7401237487793,N,902,2.691654957577665,15
id1992163,1,2016-04-23 15:10:08,2016-04-23 15:25:11,2,-73.97341918945312,40.74781799316406,-73.99222564697266,40.72581100463867,N,903,2.9193341364299767,15
id0488406,1,2016-01-26 15:24:47,2016-01-26 15:44:37,1,-73.99367523193358,40.74993896484375,-73.99628448486328,40.726654052734375,N,1190,2.59412353287167,15
id3916261,1,2016-03-24 15:09:00,2016-03-24 15:22:26,1,-73.97464752197266,40.75628662109375,-73.9890365600586,40.7349853515625,N,806,2.6620437200896045,15
id0177412,1,2016-06-29 15:15:24,2016-06-29 15:34:05,1,-73.99454498291014,40.750591278076165,-73.96908569335938,40.74974822998047,N,1121,2.1660619443969225,15
id2062675,1,2016-06-09 15:23:31,2016-06-09 15:29:18,1,-73.97877502441406,40.785640716552734,-73.98248291015625,40.77440643310546,N,347,1.286217296713239,15
id3958378,2,2016-04-08 15:49:06,2016-04-08 16:33:31,1,-73.87318420410156,40.77410888671875,-73.98711395263672,40.75078582763672,N,2665,10.024101168228027,15
id0658571,2,2016-04-04 15:49:15,2016-04-04 16:00:25,5,-73.95000457763672,40.77197265625,-73.96281433105469,40.775390625,N,670,1.1530346438152252,15
id0247194,2,2016-05-22 15:08:34,2016-05-22 15:22:45,2,-73.97246551513672,40.78232192993164,-73.95635223388672,40.80571746826172,N,851,2.935949189870375,15
id2564602,2,2016-05-24 15:09:34,2016-05-24 15:23:49,1,-73.97461700439453,40.74211883544922,-73.99326324462889,40.72977066040039,N,855,2.095394667957957,15
id1621861,1,2016-05-21 15:29:58,2016-05-21 15:37:44,2,-73.9447250366211,40.779273986816406,-73.96175384521484,40.76614761352539,N,466,2.053785961233658,15
id1468807,2,2016-02-05 15:21:33,2016-02-05 15:29:21,4,-73.9710464477539,40.75905990600586,-73.98097991943358,40.75592041015625,N,468,0.9134329539380639,15
id2883427,2,2016-05-06 15:37:46,2016-05-06 16:19:09,2,-73.99890899658203,40.68001174926758,-73.95851135253906,40.72988128662109,N,2483,6.514057672631667,15
id1265143,1,2016-04-30 15:29:00,2016-04-30 15:43:06,1,-73.9784927368164,40.741069793701165,-73.99716186523438,40.7177963256836,N,846,3.0318143031376144,15
id1533662,1,2016-05-14 15:18:44,2016-05-14 15:35:20,2,-73.9937744140625,40.732704162597656,-73.97496032714845,40.761566162109375,N,996,3.580643838007004,15
id1474668,2,2016-05-22 15:33:00,2016-05-22 16:04:34,1,-73.8631591796875,40.77033996582031,-73.96675109863281,40.80506134033203,N,1894,9.611837199637126,15
id1110805,2,2016-03-10 15:45:09,2016-03-10 15:49:50,1,-73.97631072998048,40.78084182739258,-73.98211669921875,40.77064895629882,N,281,1.2343561748095009,15
id0133518,2,2016-06-30 15:50:24,2016-06-30 16:08:54,5,-74.00668334960938,40.7486686706543,-73.97993469238281,40.734981536865234,N,1110,2.7345213473699905,15
id1121512,2,2016-02-06 15:26:14,2016-02-06 15:40:39,5,-73.98047637939453,40.74815368652344,-73.95594024658203,40.77801132202149,N,865,3.9158029748426157,15
id0075481,2,2016-04-09 15:22:35,2016-04-09 15:35:00,1,-73.97607421875,40.75167465209961,-73.95426177978516,40.765380859375,N,745,2.3983646571307617,15
id3961695,2,2016-01-02 15:42:02,2016-01-02 15:45:01,1,-73.96846771240233,40.761428833007805,-73.95700073242188,40.773231506347656,N,179,1.6329055379538775,15
id3478692,1,2016-04-15 15:39:38,2016-04-15 16:31:30,1,-73.8638916015625,40.76974868774414,-73.77680206298828,40.693374633789055,N,3112,11.25464310880949,15
id1511672,2,2016-04-07 15:52:27,2016-04-07 16:00:33,1,-73.96247863769531,40.77596282958984,-73.97414398193358,40.78981018066406,N,486,1.8291311881870946,15
id1646020,1,2016-02-02 15:07:51,2016-02-02 15:22:54,1,-73.99427032470702,40.73543548583984,-74.00806427001953,40.74833679199219,N,903,1.8508038071907786,15
id1886066,2,2016-04-13 15:59:18,2016-04-13 16:25:38,2,-73.94618225097656,40.78053665161133,-73.94422912597656,40.780250549316406,N,1580,0.16902578893171777,15
id0180201,1,2016-01-02 15:49:06,2016-01-02 15:50:37,1,-73.96141815185547,40.768909454345696,-73.95708465576173,40.77461624145508,N,91,0.732763813944382,15
id2326258,2,2016-01-09 15:25:00,2016-01-09 16:15:57,1,-73.98781585693358,40.740753173828125,-73.92681121826173,40.644561767578125,N,3057,11.869789301384465,15
id3619077,1,2016-01-08 15:11:27,2016-01-08 15:24:28,1,-73.95751953125,40.77010726928711,-73.97675323486328,40.75770568847656,N,781,2.1372278685516193,15
id3245366,1,2016-04-23 15:47:21,2016-04-23 15:56:24,1,-73.94802856445312,40.778633117675774,-73.95801544189453,40.7607650756836,N,543,2.15738100780917,15
id2921558,2,2016-01-02 15:20:20,2016-01-02 15:23:15,2,-73.99437713623048,40.76111602783203,-73.98601531982422,40.76795959472656,N,175,1.0402973365066863,15
id1563382,1,2016-05-11 15:44:57,2016-05-11 15:59:43,1,-73.98846435546875,40.74098205566406,-73.99522399902342,40.72209930419922,Y,886,2.1733120329229587,15
id2100805,2,2016-02-23 15:20:06,2016-02-23 15:27:33,1,-73.95226287841797,40.77628707885742,-73.9504623413086,40.77986526489258,N,447,0.4256452187413916,15
id2835741,1,2016-03-01 15:11:27,2016-03-01 15:20:16,1,-73.99009704589844,40.75634765625,-73.97903442382812,40.76485443115234,N,529,1.33259858071696,15
id1611045,2,2016-04-12 15:49:55,2016-04-12 16:03:23,2,-73.97374725341797,40.75202178955078,-73.97490692138672,40.763519287109375,N,808,1.2800232705276904,15
id0275416,1,2016-02-11 15:22:37,2016-02-11 15:29:45,1,-73.95421600341797,40.805789947509766,-73.96162414550781,40.80462646484375,N,428,0.6427993082699339,15
id3098859,2,2016-06-25 15:26:09,2016-06-25 15:39:47,1,-73.98998260498048,40.734519958496094,-73.96219635009764,40.755420684814446,N,818,3.310673480935909,15
id3840637,1,2016-05-18 15:11:08,2016-05-18 15:41:38,1,-73.97254180908203,40.74303436279297,-73.99046325683594,40.7504997253418,N,1830,1.7341230215730694,15
id3244675,1,2016-06-10 15:57:11,2016-06-10 16:12:31,1,-74.0157470703125,40.714553833007805,-73.97946166992188,40.713726043701165,N,920,3.0856274185338797,15
id3046609,1,2016-04-21 15:18:37,2016-04-21 15:28:40,3,-73.98234558105469,40.73592376708984,-73.99861907958984,40.735496520996094,N,603,1.3840601025901091,15
id3239272,2,2016-05-15 15:58:14,2016-05-15 16:05:56,1,-73.9951171875,40.73958587646485,-73.98257446289062,40.73137664794922,N,462,1.4024857984398864,15
id1064267,1,2016-01-15 15:50:33,2016-01-15 15:56:47,1,-73.99474334716798,40.75044631958008,-73.99903106689453,40.761268615722656,N,374,1.2553444238363538,15
id2505379,2,2016-06-22 15:06:30,2016-06-22 15:23:55,1,-73.96145629882812,40.75623321533203,-73.98519897460938,40.74684524536133,N,1045,2.2712853496295122,15
id2955732,2,2016-04-13 15:06:13,2016-04-13 15:41:09,1,-73.98252105712889,40.76319122314453,-73.87254333496092,40.77450180053711,N,2096,9.432036268159433,15
id3512282,1,2016-05-17 15:06:12,2016-05-17 15:20:25,2,-73.99229431152342,40.75149154663086,-74.00762176513672,40.74079513549805,N,853,1.762685579398771,15
id0900165,1,2016-02-17 15:38:09,2016-02-17 16:39:59,1,-74.00400543212889,40.70684051513672,-73.87265014648438,40.774429321289055,N,3710,13.45165576271762,15
id0443556,1,2016-04-20 15:27:58,2016-04-20 15:59:21,1,-73.98970794677734,40.739013671875,-73.99352264404298,40.769493103027344,N,1883,3.398719449318111,15
id3010209,2,2016-02-14 15:58:31,2016-02-14 16:04:43,1,-73.97100830078125,40.76374816894531,-73.96218872070312,40.77916717529297,N,372,1.8684919163743212,15
id2230462,2,2016-01-05 15:09:06,2016-01-05 15:18:40,1,-73.97760772705078,40.77927017211913,-73.98978424072266,40.77189254760742,N,574,1.3197941207068675,15
id1979708,1,2016-01-10 15:23:01,2016-01-10 15:29:01,1,-73.9447021484375,40.779422760009766,-73.95918273925781,40.77179336547852,N,360,1.494044461692631,15
id3580776,1,2016-02-24 15:55:19,2016-02-24 16:09:55,1,-73.98147583007811,40.746849060058594,-74.00008392333984,40.74845123291016,N,876,1.591654543807861,15
id2833682,2,2016-02-13 15:35:51,2016-02-13 15:38:36,1,-73.96877288818358,40.76450347900391,-73.97515869140625,40.7635154724121,N,165,0.553761472956632,15
id3182102,1,2016-02-13 15:57:59,2016-02-13 15:59:43,1,-73.96089172363281,40.76570892333984,-73.95907592773438,40.771732330322266,N,104,0.686181589457726,15
id0776049,2,2016-01-01 15:26:03,2016-01-01 15:47:02,1,-73.99929809570312,40.722206115722656,-73.97604370117188,40.754589080810554,N,1259,4.102138033720025,15
id2183292,1,2016-03-22 15:46:41,2016-03-22 15:49:40,1,-73.98255157470702,40.750843048095696,-73.98905944824217,40.74175643920898,Y,179,1.1503467244307013,15
id0843275,1,2016-04-26 15:46:00,2016-04-26 16:07:41,1,-74.01453399658203,40.71693801879882,-73.99267578125,40.732200622558594,N,1301,2.5143811943268117,15
id1218610,2,2016-02-21 15:59:28,2016-02-21 16:02:41,1,-73.98688507080078,40.76682662963867,-73.98546600341797,40.77301788330078,N,193,0.6977343860293118,15
id3974103,2,2016-04-07 15:00:46,2016-04-07 15:11:19,1,-73.99754333496092,40.76229095458984,-74.0047607421875,40.74327087402344,N,633,2.19855518155098,15
id3579288,1,2016-05-27 15:03:37,2016-05-27 15:14:38,1,-73.97203826904298,40.796653747558594,-73.99356842041014,40.76706314086913,N,661,3.7599796582752476,15
id0290855,1,2016-05-28 15:05:45,2016-05-28 15:09:04,1,-73.98395538330078,40.743511199951165,-73.99107360839844,40.73616027832031,N,199,1.0158063847285905,15
id0914676,1,2016-02-03 15:38:18,2016-02-03 16:28:24,1,-74.00989532470702,40.70326232910156,-73.86461639404298,40.77025985717773,N,3006,14.415113752238417,15
id3773468,2,2016-02-23 15:15:13,2016-02-23 15:28:34,2,-74.00009918212889,40.73280334472656,-74.01792907714845,40.70954513549805,N,801,2.993633149275734,15
id1720415,1,2016-03-12 15:56:32,2016-03-12 16:09:56,2,-73.92440032958984,40.74403381347656,-73.97219085693358,40.7653694152832,N,804,4.702131791075942,15
id1548355,2,2016-05-30 15:27:46,2016-05-30 15:32:09,1,-73.98119354248048,40.77093124389648,-73.98365020751953,40.763008117675774,N,263,0.903917344149129,15
id3266707,2,2016-05-08 15:41:59,2016-05-08 15:45:37,1,-73.99884033203125,40.749610900878906,-73.98592376708984,40.743778228759766,N,218,1.2745835514299837,15
id0218068,1,2016-03-06 15:53:13,2016-03-06 15:58:23,1,-73.84036254882812,40.718727111816406,-73.84620666503906,40.70984649658203,N,310,1.1038388172479643,15
id1129899,1,2016-01-05 15:50:29,2016-01-05 16:03:45,1,-73.99213409423827,40.73104095458984,-74.01582336425781,40.71451568603516,N,796,2.723822786725084,15
id3971261,1,2016-06-03 15:13:42,2016-06-03 15:19:39,1,-73.95680236816406,40.770702362060554,-73.96927642822266,40.765926361083984,N,357,1.185440847564407,15
id3858353,2,2016-04-20 15:38:11,2016-04-20 15:50:38,1,-73.96652221679686,40.79419708251953,-73.94799041748048,40.80133056640625,N,747,1.7630195723924094,15
id2531363,2,2016-04-05 15:46:47,2016-04-05 15:59:33,1,-73.98674774169923,40.76014709472656,-73.99085998535155,40.75081634521485,N,766,1.0931059107945074,15
id0532198,1,2016-04-16 15:18:27,2016-04-16 15:31:22,1,-73.99456787109375,40.766277313232415,-73.96437835693358,40.75783157348633,N,775,2.731991437384859,15
id0809048,2,2016-02-10 15:13:58,2016-02-10 15:19:07,1,-73.98905944824217,40.77365112304688,-73.9914779663086,40.76140213012695,N,309,1.375091545100057,15
id0426624,2,2016-02-10 15:05:49,2016-02-10 15:16:46,5,-73.95355224609375,40.79077911376953,-73.95310974121092,40.77936935424805,N,657,1.2670417112295862,15
id2786432,1,2016-03-29 15:39:50,2016-03-29 15:43:28,1,-73.99169921875,40.76991271972656,-73.98090362548828,40.766277313232415,N,218,1.0024335305455983,15
id1766736,2,2016-05-15 15:58:01,2016-05-15 16:02:45,1,-73.98887634277344,40.74446105957031,-73.97953033447266,40.74964141845703,N,284,0.9806814882527597,15
id3043063,2,2016-02-15 15:41:09,2016-02-15 16:05:33,1,-73.96737670898438,40.75251388549805,-74.01054382324217,40.7197494506836,N,1464,5.16621308223155,15
id2948682,1,2016-03-01 15:57:58,2016-03-01 16:03:46,1,-73.99087524414062,40.73946380615234,-74.00527954101561,40.74185562133789,N,348,1.2528192032641514,15
id1176757,2,2016-03-17 15:06:51,2016-03-17 15:10:24,1,-73.99680328369139,40.737129211425774,-73.99474334716798,40.74382019042969,N,213,0.7630592598881372,15
id0959140,2,2016-06-12 15:58:47,2016-06-12 16:08:48,2,-73.98464965820312,40.76392364501953,-73.98464965820312,40.76392364501953,N,601,0.0,15
id0839936,2,2016-03-04 15:03:14,2016-03-04 15:07:57,5,-73.98651885986328,40.776641845703125,-73.97689819335938,40.781768798828125,N,283,0.9962888218390606,15
id0413110,2,2016-01-05 15:34:00,2016-01-05 15:38:09,5,-74.00662994384764,40.74069595336913,-74.00995635986328,40.725955963134766,N,249,1.660390162537546,15
id1137056,1,2016-02-06 15:40:40,2016-02-06 15:51:18,1,-73.97725677490233,40.752307891845696,-73.98695373535155,40.75794219970703,N,638,1.0346543676420235,15
id1413147,2,2016-04-26 15:49:16,2016-04-26 16:20:05,2,-73.99102783203125,40.74957275390625,-73.94253540039062,40.82818222045898,N,1849,9.650216797109728,15
id1149725,1,2016-05-24 15:23:55,2016-05-24 15:36:53,1,-73.99444580078125,40.73481369018555,-73.98795318603516,40.744792938232415,N,778,1.2375599354217561,15
id3124998,2,2016-04-10 15:24:02,2016-04-10 15:28:22,1,-73.97942352294923,40.76715850830078,-73.98451232910156,40.76082611083984,N,260,0.8253248921701818,15
id2916751,2,2016-04-29 15:32:46,2016-04-29 15:43:30,1,-73.97383117675781,40.75962066650391,-73.95957946777344,40.774578094482415,N,644,2.055234760030426,15
id0116565,2,2016-01-11 15:50:41,2016-01-11 15:54:23,1,-73.9439926147461,40.81502532958984,-73.94955444335938,40.8075065612793,N,222,0.95918035529594,15
id2341192,1,2016-04-25 15:17:13,2016-04-25 15:37:21,3,-73.95880889892578,40.772216796875,-73.9833755493164,40.74885940551758,N,1208,3.3290200155479104,15
id2664633,2,2016-03-10 15:43:51,2016-03-10 16:09:27,1,-74.00958251953125,40.70404052734375,-73.9947738647461,40.7505111694336,N,1536,5.309601536220451,15
id1600468,1,2016-04-04 15:28:29,2016-04-04 16:35:38,1,-73.78590393066406,40.6483268737793,-73.99398040771484,40.71374130249024,N,4029,19.118955142113535,15
id3989252,2,2016-01-13 15:06:43,2016-01-13 15:16:01,3,-73.9900894165039,40.75584411621094,-73.99343872070312,40.745567321777344,N,558,1.1757127811311936,15
id2372344,1,2016-03-26 15:35:30,2016-03-26 16:11:17,2,-73.99931335449217,40.74985122680664,-74.17766571044923,40.69039535522461,N,2147,16.53417173539719,15
id3910550,1,2016-04-12 15:39:34,2016-04-12 16:00:24,1,-74.013427734375,40.70453643798828,-73.9896240234375,40.75386428833008,N,1250,5.837269582530264,15
id0615468,2,2016-05-06 15:35:21,2016-05-06 15:38:23,1,-73.97527313232422,40.73301696777344,-73.9788818359375,40.729862213134766,N,182,0.4655252692417892,15
id0710965,1,2016-01-08 15:54:13,2016-01-08 16:24:19,1,-74.01029968261719,40.72020721435546,-74.01154327392578,40.72028350830078,N,1806,0.1060439527310562,15
id1729972,1,2016-03-17 15:13:32,2016-03-17 15:24:22,1,-73.95523834228516,40.78229904174805,-73.96231842041014,40.77022171020508,N,650,1.4694679856754824,15
id3451614,1,2016-06-13 15:21:14,2016-06-13 15:30:29,1,-73.9579849243164,40.78067398071289,-73.95271301269531,40.80339813232422,N,555,2.561876235789594,15
id2309203,1,2016-01-17 15:31:22,2016-01-17 15:35:52,1,-73.98899841308595,40.77356719970703,-73.99774169921875,40.76168823242188,N,270,1.5135818890952308,15
id3043467,1,2016-02-27 15:29:21,2016-02-27 15:32:13,2,-74.00159454345702,40.741374969482415,-73.99642944335938,40.7418212890625,N,172,0.4418198490283457,15
id3888943,2,2016-04-28 15:07:20,2016-04-28 15:23:13,1,-73.9925537109375,40.73027038574219,-73.97538757324217,40.75497817993164,N,953,3.106557544447655,15
id0522722,1,2016-05-19 15:47:33,2016-05-19 16:03:05,1,-73.99273681640625,40.768775939941406,-73.99456024169923,40.750518798828125,N,932,2.03246092799712,15
id1765150,1,2016-03-12 15:44:56,2016-03-12 16:00:37,3,-73.97191619873048,40.782108306884766,-73.97512817382812,40.74602890014648,N,941,4.014109505758646,15
id1928744,1,2016-04-13 15:08:16,2016-04-13 15:18:43,1,-73.98333740234375,40.750038146972656,-74.00206756591797,40.74669647216797,N,627,1.6347028780681365,15
id2821954,1,2016-03-04 15:12:28,2016-03-04 15:24:29,1,-73.9716567993164,40.76067733764648,-73.98600006103516,40.740772247314446,N,721,2.523515179722559,15
id0610306,2,2016-06-25 15:28:16,2016-06-25 15:38:48,5,-73.9910430908203,40.73257064819336,-74.0008316040039,40.74631118774414,N,632,1.7373825169261092,15
id2320917,2,2016-06-03 15:02:10,2016-06-03 15:37:55,2,-73.97273254394531,40.780521392822266,-73.98603820800781,40.74626922607422,N,2145,3.9666422652439564,15
id0261054,2,2016-03-09 15:11:45,2016-03-09 15:43:01,5,-73.95477294921875,40.789283752441406,-73.97376251220702,40.76437377929688,N,1876,3.2016595885273715,15
id1618695,1,2016-05-06 15:06:04,2016-05-06 15:21:34,1,-73.95594024658203,40.77962493896485,-73.98005676269531,40.78561019897461,N,930,2.154874756136174,15
id3355497,1,2016-01-31 15:58:09,2016-01-31 16:06:03,4,-73.9836654663086,40.761844635009766,-73.99335479736328,40.75126266479492,N,474,1.4345688381059274,15
id2753669,1,2016-04-28 15:17:10,2016-04-28 15:29:18,1,-73.99864196777344,40.76070785522461,-73.9947967529297,40.752723693847656,N,728,0.9445905175300294,15
id0870259,1,2016-05-17 15:36:37,2016-05-17 15:42:37,2,-73.9920883178711,40.75992584228516,-73.9992446899414,40.74953842163086,N,360,1.3036242623725667,15
id2936672,2,2016-06-28 15:30:23,2016-06-28 15:56:04,2,-73.96842193603516,40.77067565917969,-73.98441314697266,40.748394012451165,N,1541,2.822161820264802,15
id2555710,1,2016-02-10 15:16:31,2016-02-10 15:57:58,1,-73.96975708007811,40.792118072509766,-73.98601531982422,40.71896362304688,N,2487,8.236900123765597,15
id0778500,1,2016-04-10 15:56:10,2016-04-10 16:03:49,2,-73.98589324951173,40.73514938354492,-73.96676635742188,40.7610740661621,N,459,3.3051460188851043,15
id0894758,1,2016-02-18 15:15:39,2016-02-18 15:29:20,1,-73.97760772705078,40.753265380859375,-73.98348999023438,40.766010284423835,N,821,1.5004412774370086,15
id2709639,1,2016-01-06 15:13:04,2016-01-06 15:32:21,1,-73.77667236328125,40.645374298095696,-73.8674545288086,40.68502807617188,N,1157,8.883576942177097,15
id3942321,1,2016-01-18 15:42:16,2016-01-18 16:04:03,1,-73.97913360595702,40.77760314941406,-73.94630432128906,40.77471160888672,N,1307,2.8088869539205397,15
id0684751,2,2016-06-19 15:47:15,2016-06-19 16:29:28,1,-73.97769165039062,40.752201080322266,-73.92375946044923,40.68743896484375,N,2533,8.525908543511692,15
id1985241,2,2016-04-04 15:52:26,2016-04-04 16:56:06,1,-73.78812408447266,40.64162063598633,-73.99005889892578,40.66458511352539,N,3820,17.352704464476844,15
id2174587,2,2016-01-22 15:27:31,2016-01-22 15:30:13,3,-73.96832275390625,40.79196166992188,-73.97566986083984,40.78799819946289,N,162,0.7639091274862054,15
id3737050,1,2016-01-22 15:00:37,2016-01-22 15:15:11,1,-73.99363708496092,40.736576080322266,-73.9749984741211,40.752056121826165,N,874,2.337188737960884,15
id1474157,1,2016-06-04 15:42:13,2016-06-04 15:45:13,1,-73.99222564697266,40.748802185058594,-73.9965591430664,40.7373046875,N,180,1.3283157809626058,15
id1942348,1,2016-02-12 15:46:23,2016-02-12 15:59:20,2,-73.96466827392578,40.80770492553711,-73.94993591308595,40.79571533203125,N,777,1.8273696496183471,15
id0264837,2,2016-05-10 15:02:47,2016-05-10 15:20:41,2,-73.98821258544923,40.73762130737305,-73.98822784423827,40.754180908203125,N,1074,1.8381161497271665,15
id1189013,2,2016-03-08 15:15:40,2016-03-08 15:21:10,1,-73.99585723876953,40.74686813354492,-74.00820922851561,40.73949432373047,N,330,1.3312628539175895,15
id3339451,2,2016-06-25 15:38:17,2016-06-25 15:44:30,1,-74.00798034667967,40.714668273925774,-74.00179290771484,40.72217178344727,N,373,0.9850430502201668,15
id2194567,2,2016-03-16 15:57:24,2016-03-16 16:07:03,1,-73.970458984375,40.75915145874024,-73.97598266601561,40.744590759277344,N,579,1.6830527355074818,15
id3482875,2,2016-05-30 15:14:33,2016-05-30 15:26:05,2,-73.9558868408203,40.80379867553711,-73.94670104980467,40.77742004394531,N,692,3.0303440580029353,15
id0706330,2,2016-05-25 15:30:00,2016-05-25 15:45:38,1,-73.98106384277344,40.753276824951165,-74.00455474853516,40.74198532104492,N,938,2.3575033986329794,15
id0916479,1,2016-05-16 15:02:43,2016-05-16 15:13:21,1,-73.95556640625,40.76432800292969,-73.96987915039062,40.76863861083984,N,638,1.3072931981432065,15
id2787659,1,2016-02-19 16:10:27,2016-02-19 16:28:42,1,-73.87523651123048,40.77388381958008,-73.94709014892578,40.774940490722656,N,1095,6.108685332560246,16
id3873515,1,2016-04-21 16:38:18,2016-04-21 16:41:35,1,-73.93135070800781,40.76548004150391,-73.92401885986328,40.76458358764648,N,197,0.6311011005949095,16
id0582851,1,2016-04-14 16:58:18,2016-04-14 17:07:44,1,-74.00755310058594,40.74089050292969,-74.00273132324217,40.76058197021485,N,566,2.2238465562769054,16
id1959638,2,2016-02-02 16:14:26,2016-02-02 16:36:16,1,-74.00071716308595,40.7210350036621,-74.00043487548828,40.75766372680664,N,1310,4.065859070617571,16
id0878817,2,2016-04-29 16:52:04,2016-04-29 17:10:50,1,-73.97087860107422,40.755958557128906,-74.00679016113281,40.73030090332031,N,1126,4.17477563709893,16
id1450594,2,2016-05-03 16:38:24,2016-05-03 17:26:47,1,-73.99352264404298,40.751998901367195,-73.87129211425781,40.774238586425774,N,2903,10.678843372504186,16
id3612001,1,2016-05-18 16:27:01,2016-05-18 16:48:09,1,-73.99823760986328,40.72484970092773,-74.00188446044923,40.7387809753418,N,1268,1.5771346544848708,16
id3020370,1,2016-06-13 16:13:58,2016-06-13 16:32:06,1,-73.95880889892578,40.768680572509766,-73.97569274902342,40.74480438232422,N,1088,3.0138767393139245,16
id3563672,1,2016-04-18 16:44:21,2016-04-18 16:48:00,1,-73.97296142578125,40.793262481689446,-73.97728729248048,40.78531265258789,N,219,0.9559742855810358,16
id0275910,1,2016-04-14 16:36:10,2016-04-14 16:45:27,1,-73.99383544921875,40.75894927978516,-73.99488830566406,40.769073486328125,N,557,1.127344675119304,16
id1039821,2,2016-04-11 16:40:08,2016-04-11 16:53:47,2,-73.98268127441406,40.76416015625,-73.9784927368164,40.75403594970703,N,819,1.1788347431785133,16
id0987530,2,2016-04-11 16:40:29,2016-04-11 17:07:05,1,-73.98301696777342,40.77199172973633,-73.98748779296875,40.728530883789055,N,1596,4.839098692972684,16
id0777972,1,2016-06-03 16:39:43,2016-06-03 17:15:44,1,-74.00916290283203,40.7060775756836,-73.96487426757811,40.75334167480469,N,2161,6.457208167332418,16
id3832561,2,2016-02-15 16:03:46,2016-02-15 16:07:01,3,-73.97026824951173,40.7650260925293,-73.96358489990233,40.774391174316406,N,195,1.1846225369163554,16
id0093340,2,2016-06-14 16:52:12,2016-06-14 17:11:43,5,-73.97239685058595,40.75722885131836,-73.94792175292967,40.77886962890625,N,1171,3.1777673763526924,16
id1997817,1,2016-02-02 16:34:24,2016-02-02 16:41:29,2,-73.97347259521484,40.75756072998047,-73.98504638671875,40.74227142333984,N,425,1.9616321151939033,16
id0942485,2,2016-03-12 16:13:05,2016-03-12 17:00:08,1,-73.7900390625,40.646831512451165,-74.01622772216798,40.707149505615234,N,2823,20.358474112307814,16
id2678424,2,2016-03-05 16:57:57,2016-03-05 17:06:50,2,-73.97725677490233,40.73870849609375,-73.98725891113281,40.743778228759766,N,533,1.0195515645131386,16
id0504248,2,2016-05-18 16:32:22,2016-05-18 16:46:29,1,-73.97273254394531,40.78076934814453,-73.97785186767578,40.75743865966797,N,847,2.6260099688732867,16
id0984120,2,2016-04-14 16:03:41,2016-04-14 16:18:37,1,-73.98931121826173,40.77281188964844,-73.9706802368164,40.798641204833984,N,896,3.275346298377713,16
id3886399,1,2016-02-23 16:10:12,2016-02-23 16:38:10,1,-73.93949127197266,40.80494689941406,-73.98582458496092,40.77796936035156,N,1678,4.947476833049639,16
id2804032,1,2016-01-20 16:54:47,2016-01-20 17:00:03,1,-73.9752426147461,40.787818908691406,-73.95915222167967,40.7802734375,N,316,1.603759145026232,16
id1053151,2,2016-05-16 16:22:18,2016-05-16 16:28:52,1,-73.98274993896483,40.78194046020508,-73.97322845458984,40.79534149169922,N,394,1.693430904360318,16
id0481856,1,2016-03-07 16:44:39,2016-03-07 16:49:35,1,-73.97403717041014,40.78728485107422,-73.96638488769531,40.794769287109375,N,296,1.0551114716424421,16
id2487815,2,2016-06-13 16:37:40,2016-06-14 16:36:30,3,-73.98639678955078,40.74291610717773,-73.97333526611328,40.75482177734375,N,86330,1.7259923087323363,16
id3068907,2,2016-05-29 16:28:12,2016-05-29 16:45:28,1,-73.93775177001953,40.81270980834961,-73.95023345947266,40.826358795166016,N,1036,1.8495783484923345,16
id2902476,1,2016-04-15 16:09:27,2016-04-15 16:45:52,1,-74.01515197753906,40.71466064453125,-73.98018646240233,40.78543472290039,N,2185,8.399328206748386,16
id2849380,2,2016-04-28 16:06:17,2016-04-28 16:21:49,5,-73.97164154052734,40.74641036987305,-73.98800659179686,40.75661849975586,N,932,1.7941247899625372,16
id0798169,1,2016-01-03 16:22:42,2016-01-03 16:29:07,1,-73.98884582519531,40.73675537109375,-74.00054168701173,40.72481536865234,N,385,1.6567611733874577,16
id0187801,2,2016-03-15 16:17:14,2016-03-15 16:32:51,1,-74.01522827148438,40.70966339111328,-73.98857116699219,40.693035125732415,N,937,2.9224716551274406,16
id2478148,1,2016-01-02 16:42:18,2016-01-02 16:58:12,1,-73.99095153808595,40.74981689453125,-73.97032165527342,40.76154708862305,N,954,2.1840881145983846,16
id2055312,1,2016-02-15 16:23:55,2016-02-15 16:36:19,2,-73.97637176513672,40.764923095703125,-73.99166107177734,40.73143768310546,N,744,3.9375296575238266,16
id3307813,1,2016-01-04 16:05:37,2016-01-04 16:09:14,1,-73.97211456298828,40.76321029663086,-73.97454833984375,40.75699615478516,N,217,0.7201235485093138,16
id3542830,1,2016-04-11 16:39:57,2016-04-11 16:46:00,1,-73.98982238769531,40.74077606201172,-73.97875213623048,40.75046157836913,N,363,1.4287234214036733,16
id3249230,1,2016-04-04 16:00:43,2016-04-04 16:31:19,1,-73.87258148193358,40.77387619018555,-73.96920776367188,40.797882080078125,N,1836,8.634673800299156,16
id0269993,1,2016-05-03 16:05:49,2016-05-03 16:29:28,1,-73.98576354980467,40.75922775268555,-74.0145034790039,40.70450973510742,N,1419,6.546568727496757,16
id3866425,1,2016-03-25 16:49:35,2016-03-25 16:55:31,1,-73.98000335693358,40.75494384765625,-73.96719360351561,40.76436614990234,N,356,1.5097696328089065,16
id3473498,2,2016-04-23 16:50:14,2016-04-23 16:53:57,1,-73.98410797119139,40.77972030639648,-73.9764404296875,40.78662109375,N,223,1.005735083686594,16
id3299036,1,2016-03-03 16:32:11,2016-03-03 16:35:06,1,-73.95877075195312,40.78118515014648,-73.95186614990233,40.78891372680664,N,175,1.0394160066089075,16
id0138331,2,2016-02-22 16:44:17,2016-02-22 16:51:18,1,-73.96310424804686,40.77436065673828,-73.96832275390625,40.765483856201165,N,421,1.0805656313164869,16
id3710593,2,2016-05-11 16:52:14,2016-05-11 16:56:07,2,-73.96851348876953,40.761756896972656,-73.97532653808595,40.752403259277344,N,233,1.1888390877244814,16
id1459186,1,2016-02-21 16:24:05,2016-02-21 16:37:29,3,-73.9969024658203,40.731590270996094,-73.98479461669923,40.74547576904297,N,804,1.8533107704300174,16
id2414273,2,2016-06-26 16:32:53,2016-06-26 16:47:13,1,-73.98193359375,40.73836135864258,-73.9952392578125,40.7438850402832,N,860,1.2864858281151734,16
id0357737,2,2016-01-01 16:57:23,2016-01-01 16:59:45,1,-73.9851837158203,40.744731903076165,-73.9772186279297,40.743118286132805,N,142,0.7003241313179711,16
id2064160,2,2016-03-08 16:56:09,2016-03-08 16:59:18,6,-73.9547119140625,40.77392959594727,-73.95269012451173,40.768360137939446,N,189,0.6416514265623413,16
id2065786,2,2016-02-01 16:48:59,2016-02-01 16:59:50,6,-73.98145294189453,40.755229949951165,-73.9769515991211,40.74357223510742,N,651,1.3493872700757064,16
id1968660,1,2016-02-28 16:00:31,2016-02-28 16:03:54,1,-73.95353698730467,40.77926254272461,-73.95938110351561,40.775249481201165,N,203,0.6672225951438345,16
id0707101,2,2016-06-25 16:49:56,2016-06-25 16:55:28,1,-73.96372985839844,40.77423095703125,-73.94835662841797,40.78266143798828,N,332,1.6072397429067424,16
id0487200,2,2016-05-08 16:10:32,2016-05-08 16:19:18,6,-73.96633911132812,40.794559478759766,-73.98252868652342,40.77228164672852,N,526,2.8299512223016623,16
id2972879,1,2016-04-13 16:49:54,2016-04-13 16:57:07,1,-73.97906494140625,40.78480529785156,-73.96331024169923,40.79955291748047,N,433,2.114957152443678,16
id2589768,1,2016-01-16 16:39:42,2016-01-16 16:39:50,1,-73.99565887451173,40.742652893066406,-73.99565124511719,40.74264144897461,N,8,0.00142625302082935,16
id3465062,2,2016-04-16 16:19:22,2016-04-16 16:27:49,5,-73.99726104736328,40.7218017578125,-73.99423217773438,40.74079132080078,N,507,2.1235061276713254,16
id0681371,2,2016-03-28 16:23:25,2016-03-28 16:31:04,5,-73.96746063232422,40.76599884033203,-73.97261810302734,40.780948638916016,N,459,1.7163570486789361,16
id1503851,2,2016-05-12 16:24:20,2016-05-12 16:43:28,1,-73.97347259521484,40.76443862915039,-73.99162292480467,40.74998092651367,N,1148,2.226109401737161,16
id2787708,1,2016-04-24 16:11:01,2016-04-24 16:15:41,1,-73.97831726074217,40.76456832885742,-73.97830200195312,40.76449966430664,N,280,0.007731332692140939,16
id0104887,2,2016-04-07 16:50:40,2016-04-07 16:59:11,2,-73.97432708740233,40.790958404541016,-73.96082305908203,40.81199645996094,N,511,2.6020787901394806,16
id0313469,1,2016-05-24 16:27:21,2016-05-24 16:44:21,1,-73.94962310791014,40.77709579467773,-73.96823120117188,40.79953384399414,N,1020,2.9504138674170477,16
id2789856,2,2016-03-06 16:41:35,2016-03-06 16:53:26,3,-73.7766876220703,40.64533996582031,-73.81501770019531,40.6755485534668,N,711,4.675314925122218,16
id1243509,2,2016-01-13 16:39:42,2016-01-13 16:57:47,1,-73.98377990722656,40.75537109375,-73.96444702148438,40.76480102539063,N,1085,1.948344736400405,16
id1971545,1,2016-05-14 16:27:08,2016-05-14 16:32:34,1,-73.998291015625,40.73533630371094,-73.99172210693358,40.749305725097656,N,326,1.6480719256815388,16
id1369507,1,2016-04-29 16:23:35,2016-04-29 16:29:07,1,-73.97904205322266,40.77708053588867,-73.98820495605469,40.76466751098633,N,332,1.5827385113619967,16
id2517982,1,2016-06-20 16:28:53,2016-06-20 16:29:07,1,-73.99354553222656,40.77287673950195,-73.99359130859375,40.77287292480469,N,14,0.003913963049279027,16
id2030987,2,2016-03-16 16:28:11,2016-03-16 16:41:40,1,-73.9552001953125,40.80487823486328,-73.9776611328125,40.78292846679688,N,809,3.095340083305765,16
id1283983,2,2016-06-29 16:09:06,2016-06-29 16:38:22,1,-73.99980163574217,40.73883056640625,-73.96707916259764,40.769088745117195,N,1756,4.36082850640653,16
id2724111,1,2016-05-08 16:00:13,2016-05-08 16:18:23,2,-73.99419403076173,40.76153945922852,-73.94937133789062,40.79646301269531,N,1090,5.435340131122558,16
id1314711,2,2016-01-25 16:17:39,2016-01-25 16:30:09,1,-73.97168731689453,40.763328552246094,-73.9580078125,40.78240203857422,N,750,2.4154418976008714,16
id2089706,1,2016-06-19 16:54:55,2016-06-19 17:01:46,1,-73.97716522216798,40.76378631591797,-73.98110961914062,40.74739837646485,N,411,1.84970062992943,16
id3438569,2,2016-02-09 16:48:58,2016-02-09 17:03:32,4,-73.9820556640625,40.77861022949219,-73.95252990722656,40.82320785522461,N,874,5.5501686072560865,16
id0155362,1,2016-04-27 16:06:36,2016-04-27 16:10:27,2,-73.98351287841797,40.768909454345696,-73.98497009277344,40.760787963867195,N,231,0.9099549996938405,16
id0346346,2,2016-04-18 16:33:33,2016-04-18 16:54:03,1,-73.95659637451173,40.780811309814446,-73.9784927368164,40.75069046020508,N,1230,3.826545492291513,16
id1549481,2,2016-06-12 16:08:31,2016-06-12 16:38:12,1,-73.86327362060547,40.76998519897461,-73.96566772460938,40.76194381713867,N,1781,8.74914938793738,16
id3250647,1,2016-02-03 16:42:58,2016-02-03 17:06:50,1,-73.96897888183594,40.790802001953125,-73.97114562988281,40.75733184814453,N,1432,3.7197493053424164,16
id1461163,1,2016-05-31 16:13:59,2016-05-31 16:23:19,1,-73.9563751220703,40.78162384033203,-73.9620361328125,40.771297454833984,N,560,1.2431332682490663,16
id2841994,1,2016-03-20 16:58:03,2016-03-20 17:18:24,2,-74.00475311279298,40.74243927001953,-73.96031951904298,40.77056884765625,N,1221,4.900399327133812,16
id3961830,1,2016-06-19 16:31:36,2016-06-19 16:58:16,1,-73.98413848876953,40.749038696289055,-73.95301055908203,40.71955871582031,N,1600,4.2081411047990445,16
id3754577,1,2016-04-18 16:40:06,2016-04-18 17:02:27,1,-73.98094940185547,40.74192810058594,-73.96144866943358,40.71855926513672,N,1341,3.078317912113153,16
id2607221,1,2016-05-31 16:17:28,2016-05-31 16:25:51,1,-74.00508880615233,40.72784805297852,-73.98633575439453,40.74761199951172,N,503,2.7117551357423326,16
id2055369,1,2016-06-04 16:57:07,2016-06-04 17:00:12,1,-73.9622802734375,40.77611541748047,-73.95949554443358,40.771011352539055,N,185,0.6140098470235603,16
id0120724,1,2016-01-28 16:54:44,2016-01-28 17:01:45,1,-73.99177551269531,40.73835754394531,-74.00172424316406,40.73769378662109,N,421,0.8488456006400695,16
id0962214,2,2016-02-06 16:47:19,2016-02-06 16:53:08,1,-73.96527862548828,40.76182556152344,-73.97476196289062,40.75204849243164,N,349,1.3518685568016064,16
id3905327,1,2016-05-07 16:43:10,2016-05-07 16:48:19,1,-73.9837875366211,40.69580841064453,-73.98695373535155,40.70306015014648,N,309,0.8487418062505292,16
id0033237,2,2016-01-28 16:34:00,2016-01-28 16:46:45,1,-73.95657348632812,40.783966064453125,-73.97572326660156,40.789100646972656,N,765,1.72462730363632,16
id0088017,2,2016-03-05 16:33:22,2016-03-05 16:36:43,1,-73.9509506225586,40.77917098999024,-73.950927734375,40.775020599365234,N,201,0.4606974672451548,16
id2771550,1,2016-03-09 16:16:46,2016-03-09 16:29:04,1,-73.97904205322266,40.757083892822266,-73.99225616455078,40.75695037841797,N,738,1.1232972308202809,16
id0552619,2,2016-03-19 16:41:24,2016-03-19 16:50:35,1,-73.97489929199217,40.78788375854492,-73.96639251708984,40.7706184387207,N,551,2.0483215640672396,16
id2046415,2,2016-06-10 16:14:15,2016-06-10 16:25:21,1,-73.95458221435547,40.77407836914063,-73.9600067138672,40.766056060791016,N,666,1.0027686393396595,16
id3440130,1,2016-02-21 16:48:49,2016-02-21 17:09:05,1,-73.97541046142578,40.75238037109375,-73.92141723632812,40.76137161254882,N,1216,4.69668748884959,16
id2255670,2,2016-05-22 16:53:32,2016-05-22 16:59:41,1,-73.94989776611328,40.78472900390625,-73.95311737060547,40.79153060913086,N,369,0.8030475332880774,16
id2905817,2,2016-05-01 16:38:24,2016-05-01 16:43:56,2,-73.7900390625,40.6468505859375,-73.79016876220702,40.646820068359375,N,332,0.011533164205630936,16
id0662792,2,2016-02-16 16:20:11,2016-02-16 16:47:04,1,-73.8714599609375,40.774070739746094,-73.95365905761719,40.808780670166016,N,1613,7.97879573831308,16
id3572652,1,2016-06-15 16:41:00,2016-06-15 16:41:16,1,-73.78975677490233,40.643115997314446,-73.78975677490233,40.643115997314446,N,16,0.0,16
id1270321,2,2016-02-29 16:57:13,2016-02-29 17:15:13,1,-73.97908020019531,40.74994659423828,-74.00943756103516,40.72444915771485,N,1080,3.829942313157642,16
id1862733,2,2016-06-16 16:37:56,2016-06-16 16:43:31,1,-73.94921875,40.78133392333984,-73.95846557617188,40.78411102294922,N,335,0.8442676962678038,16
id0277641,2,2016-06-29 16:51:51,2016-06-29 17:04:50,1,-73.98738861083984,40.741661071777344,-73.98029327392578,40.75143814086913,N,779,1.241576294392381,16
id1162798,1,2016-03-18 16:28:33,2016-03-18 16:35:49,1,-73.97029876708984,40.762561798095696,-73.97897338867188,40.75668716430664,N,436,0.9843213173685847,16
id0304570,2,2016-03-10 16:33:30,2016-03-10 16:42:57,1,-73.99819946289062,40.74052047729492,-73.99771118164062,40.73624038696289,N,567,0.4768994735282676,16
id2052627,2,2016-01-13 16:50:04,2016-01-13 17:09:50,1,-73.98361206054686,40.72991561889648,-73.99063873291014,40.75605010986328,N,1186,2.9617755141223436,16
id2294521,2,2016-05-03 16:18:22,2016-05-03 16:24:12,1,-73.96494293212889,40.7696533203125,-73.96199035644531,40.77952194213867,N,350,1.1237988516703283,16
id3155105,2,2016-06-16 16:32:01,2016-06-16 16:54:25,1,-73.98863983154298,40.737163543701165,-73.98019409179686,40.751556396484375,N,1344,1.7514879510463788,16
id0961017,2,2016-03-26 16:10:53,2016-03-26 16:20:49,1,-73.99240112304686,40.74925994873047,-73.98283386230467,40.7569580078125,N,596,1.179604176992536,16
id0925954,2,2016-01-17 16:13:48,2016-01-17 16:33:37,1,-73.98872375488281,40.74874877929688,-73.96234893798828,40.77286911010742,N,1189,3.492015569396552,16
id1234518,1,2016-05-30 16:33:26,2016-05-30 16:36:47,1,-73.95406341552734,40.77456665039063,-73.95872497558594,40.77838897705078,N,201,0.5805276208281152,16
id1880558,2,2016-06-19 16:01:04,2016-06-19 16:13:00,1,-74.00260162353516,40.73947143554688,-73.99089813232422,40.76190185546875,N,716,2.6811579875031764,16
id3971448,2,2016-05-31 16:18:46,2016-05-31 16:34:43,1,-73.98259735107422,40.767391204833984,-73.96150207519531,40.779949188232415,N,957,2.2711803232599377,16
id2961285,2,2016-06-24 16:23:46,2016-06-24 16:27:32,1,-73.98213195800781,40.77259063720703,-73.98914337158203,40.77716064453125,N,226,0.782626412754151,16
id2402608,1,2016-03-06 16:09:14,2016-03-06 16:27:45,2,-73.98535919189453,40.74797058105469,-73.97940826416014,40.78173065185546,N,1111,3.7813527609591335,16
id2661739,2,2016-01-13 16:06:40,2016-01-13 16:16:18,6,-73.97869873046875,40.76231384277344,-73.96104431152342,40.774681091308594,N,578,2.0338042764417015,16
id2993614,1,2016-02-01 16:52:04,2016-02-01 17:02:57,1,-74.00810241699219,40.74518203735352,-73.9996795654297,40.760791778564446,N,653,1.874768757528561,16
id2902035,2,2016-04-06 16:19:51,2016-04-06 16:21:28,5,-73.95886993408203,40.777870178222656,-73.95677185058595,40.7806396484375,N,97,0.35539521990132056,16
id0491341,2,2016-02-24 16:40:03,2016-02-24 16:47:36,1,-74.00659942626953,40.730751037597656,-73.99665832519531,40.74052429199219,N,453,1.3750901729864917,16
id0658873,1,2016-01-07 16:23:41,2016-01-07 16:32:51,2,-73.95567321777344,40.77961349487305,-73.96941375732422,40.78529357910156,N,550,1.327258209918878,16
id0525177,2,2016-04-12 16:48:36,2016-04-12 17:13:43,3,-73.97463226318358,40.753150939941406,-74.0107421875,40.71751022338867,N,1507,5.007170031612113,16
id2890841,1,2016-02-15 16:12:24,2016-02-15 16:17:53,1,-73.96014404296875,40.7820701599121,-73.97229766845702,40.78141784667969,N,329,1.035592543206878,16
id1344888,2,2016-03-13 16:37:28,2016-03-13 16:49:00,1,-73.96253967285155,40.77894973754882,-73.95999145507811,40.76290130615234,N,692,1.7944957393513252,16
id0653948,2,2016-01-20 16:51:19,2016-01-20 16:55:52,1,-73.95504760742188,40.77740097045898,-73.9455795288086,40.773750305175774,N,273,0.9010482614444538,16
id2908744,1,2016-02-04 16:43:40,2016-02-04 16:52:00,1,-73.99528503417967,40.76015472412109,-73.97850036621094,40.759063720703125,N,500,1.4318272376829064,16
id2546748,2,2016-04-27 16:39:39,2016-04-27 16:47:20,1,-73.99669647216798,40.723438262939446,-73.98710632324217,40.73497009277344,N,461,1.5175555761988344,16
id2616490,2,2016-03-19 16:22:10,2016-03-19 16:31:52,1,-73.9660873413086,40.76171112060546,-73.98217010498048,40.774311065673835,N,582,1.9557222081087149,16
id3974475,2,2016-03-04 16:32:42,2016-03-04 16:38:12,1,-73.99687957763672,40.737163543701165,-73.99115753173827,40.732906341552734,N,330,0.6781316566390945,16
id1167440,2,2016-06-07 16:58:18,2016-06-07 17:04:45,1,-73.99793243408203,40.74113082885742,-74.00372314453125,40.74827194213867,N,387,0.9330523072845851,16
id3915280,2,2016-04-02 16:21:31,2016-04-02 16:38:40,2,-74.01482391357422,40.7140007019043,-73.99180603027342,40.75151824951172,N,1029,4.601151613982833,16
id2905919,2,2016-03-14 16:17:48,2016-03-14 16:34:06,1,-73.98381042480467,40.73786926269531,-73.99542999267578,40.74953842163086,N,978,1.6288708702442043,16
id1314272,1,2016-05-16 16:32:15,2016-05-16 16:38:39,1,-73.9611587524414,40.77483749389648,-73.96284484863281,40.76753616333008,N,384,0.8230222126577293,16
id2995888,1,2016-05-26 16:20:11,2016-05-26 16:27:00,1,-73.9715347290039,40.7870979309082,-73.9850311279297,40.768798828125,N,409,2.3327728062118203,16
id2610397,2,2016-06-19 16:44:13,2016-06-19 16:59:07,1,-73.97862243652342,40.737129211425774,-73.97862243652342,40.737129211425774,N,894,0.0,16
id1217110,2,2016-03-20 16:56:29,2016-03-20 17:03:05,6,-73.96826171875,40.7679443359375,-73.95288848876953,40.77416610717773,N,396,1.4779987631987364,16
id1952489,1,2016-03-02 16:29:58,2016-03-02 16:51:13,1,-73.96138000488281,40.812007904052734,-73.98198699951173,40.76699066162109,N,1275,5.295019553104,16
id1975622,1,2016-01-22 16:48:27,2016-01-22 16:57:57,1,-73.97105407714845,40.751323699951165,-73.96289825439453,40.75816345214844,N,570,1.028101235055085,16
id0843278,1,2016-04-14 16:33:31,2016-04-14 16:37:46,1,-73.96119689941406,40.7805290222168,-73.9621353149414,40.77212524414063,N,255,0.9362235185461012,16
id2476908,2,2016-05-12 16:04:22,2016-05-12 16:26:11,3,-74.01473236083984,40.711219787597656,-73.9851837158203,40.748268127441406,N,1309,4.818699133518955,16
id2904009,2,2016-05-29 16:31:15,2016-05-29 16:36:45,4,-73.9871597290039,40.76082611083984,-73.97702026367188,40.76165008544922,N,330,0.8666939590523681,16
id1778407,2,2016-05-08 16:26:31,2016-05-08 16:50:18,5,-74.01580810546875,40.71444320678711,-73.98751831054686,40.72116470336913,N,1427,2.5177176744383702,16
id3207857,1,2016-05-04 16:05:14,2016-05-04 16:15:45,1,-73.97579956054686,40.78975296020508,-73.95509338378906,40.80984115600586,N,631,2.8407129992144706,16
id1885700,1,2016-02-11 16:19:20,2016-02-11 16:26:15,1,-73.98826599121092,40.723365783691406,-73.99109649658203,40.732521057128906,N,415,1.0443271807743137,16
id1086548,2,2016-02-04 16:16:56,2016-02-04 16:26:25,1,-73.95756530761719,40.77957534790039,-73.96695709228516,40.76576614379882,N,569,1.7282441453553965,16
id0236454,1,2016-05-14 16:29:06,2016-05-14 16:44:20,1,-74.01277160644531,40.70257568359375,-73.98882293701173,40.74127578735352,N,914,4.753625462355384,16
id1324495,1,2016-05-17 16:43:02,2016-05-17 16:52:55,1,-73.9920425415039,40.72907257080078,-73.9862289428711,40.71855163574219,N,593,1.268070362986971,16
id3585471,1,2016-01-09 16:47:51,2016-01-09 17:08:03,1,-73.9875259399414,40.72162628173828,-73.99695587158203,40.74256134033203,N,1212,2.4581456509476687,16
id0686001,1,2016-02-10 16:55:40,2016-02-10 17:08:14,1,-73.97502136230467,40.74842834472656,-73.97888946533203,40.75275039672852,N,754,0.5816012137980239,16
id0503362,1,2016-06-14 16:54:46,2016-06-14 17:08:57,1,-73.98345947265625,40.771114349365234,-73.97651672363281,40.76286315917969,N,851,1.0895401715526076,16
id1841882,1,2016-03-01 16:51:10,2016-03-01 18:03:52,2,-74.01514434814453,40.70865631103516,-73.78312683105469,40.648483276367195,N,4362,20.82183783025103,16
id3599718,2,2016-03-21 16:53:03,2016-03-21 17:02:04,4,-73.9931411743164,40.75266647338867,-73.97901153564453,40.75334548950195,N,541,1.2033819359534241,16
id0833586,1,2016-03-23 16:36:40,2016-03-23 16:45:37,1,-73.97658538818358,40.75943756103516,-73.9901123046875,40.76713180541992,N,537,1.4322823149280768,16
id0245800,2,2016-05-12 16:58:51,2016-05-12 17:23:41,5,-73.9744415283203,40.778026580810554,-73.98638153076173,40.753509521484375,N,1490,2.9044802421135065,16
id0522144,2,2016-05-25 16:13:07,2016-05-25 16:55:43,1,-73.8640899658203,40.76995849609375,-73.94612884521484,40.78050994873047,N,2556,7.070976940347773,16
id2487393,2,2016-02-24 16:04:10,2016-02-24 16:42:16,2,-73.9749298095703,40.751556396484375,-73.95407104492188,40.74296188354492,N,2286,2.0133578815524484,16
id2108230,1,2016-04-05 16:22:47,2016-04-05 17:03:20,2,-73.87314605712889,40.774169921875,-73.86477661132812,40.85395050048828,N,2433,8.884172934779196,16
id0664445,1,2016-03-07 16:51:55,2016-03-07 16:56:21,1,-74.00993347167967,40.72091674804688,-74.01646423339844,40.71559143066406,N,266,0.8109030057555026,16
id2239140,2,2016-03-12 16:19:58,2016-03-12 16:32:26,6,-73.99195861816406,40.74446105957031,-73.9994888305664,40.76203536987305,N,748,2.05307247904888,16
id3554548,2,2016-05-07 16:38:40,2016-05-07 16:43:46,1,-73.97041320800781,40.762500762939446,-73.97232818603516,40.75460052490234,N,306,0.8919052878065669,16
id0573362,1,2016-02-21 16:36:01,2016-02-21 16:59:06,2,-73.99127197265625,40.74991607666016,-73.97340393066406,40.79128646850586,N,1385,4.836756131982749,16
id3398899,1,2016-02-18 16:14:05,2016-02-18 16:24:11,2,-73.99727630615233,40.68416595458984,-73.97940826416014,40.684906005859375,N,606,1.5210034335994547,16
id0318165,2,2016-04-01 16:26:08,2016-04-01 16:36:51,1,-73.96873474121092,40.76723861694336,-73.97108459472656,40.758655548095696,N,643,0.9734329510952139,16
id0276490,2,2016-05-02 16:53:56,2016-05-02 16:58:55,1,-73.9826889038086,40.731178283691406,-73.9734115600586,40.743999481201165,N,299,1.6270259808560434,16
id2416671,2,2016-05-01 16:38:40,2016-05-01 16:43:36,1,-73.96887969970702,40.78560256958008,-73.97666168212889,40.77638626098633,N,296,1.2182325573720167,16
id2231929,1,2016-06-10 16:57:25,2016-06-10 17:04:43,1,-73.95984649658203,40.77352142333984,-73.94999694824217,40.772167205810554,N,438,0.8505990965187665,16
id1335432,1,2016-03-13 16:51:20,2016-03-13 17:14:24,1,-73.98974609375,40.75702667236328,-73.95462036132812,40.82317733764648,N,1384,7.926532777627475,16
id2946632,2,2016-05-21 16:40:45,2016-05-21 17:22:59,2,-73.78196716308595,40.64471054077149,-73.95760345458984,40.71685028076172,N,2534,16.941009619958056,16
id3030100,2,2016-01-07 16:21:48,2016-01-07 16:36:24,3,-73.95372772216798,40.770950317382805,-73.9674301147461,40.79117584228516,N,876,2.529171464190872,16
id0904917,1,2016-01-16 16:32:41,2016-01-16 16:38:05,1,-73.98511505126953,40.75844192504882,-73.97837829589844,40.75410842895508,N,324,0.7478481544587867,16
id2178344,2,2016-04-11 16:20:02,2016-04-11 16:31:59,6,-73.95381927490233,40.779155731201165,-73.97846221923827,40.78606414794922,N,717,2.2306040725293306,16
id2268630,2,2016-06-27 16:16:43,2016-06-27 16:48:03,1,-73.98222351074217,40.74526977539063,-73.96221923828125,40.7793197631836,N,1880,4.14442068728072,16
id1257454,2,2016-03-01 16:38:07,2016-03-01 16:51:15,1,-73.983154296875,40.774200439453125,-73.9666748046875,40.767276763916016,N,788,1.5977343260280772,16
id2854984,1,2016-04-27 16:15:38,2016-04-27 16:37:25,2,-73.9745864868164,40.74756240844727,-73.94744873046875,40.77496719360352,N,1307,3.8176239838542565,16
id0772726,2,2016-06-01 16:00:13,2016-06-01 16:06:43,2,-73.99517822265625,40.754898071289055,-73.9951629638672,40.744876861572266,N,390,1.1123550347080233,16
id2204685,1,2016-05-08 16:25:45,2016-05-08 16:35:27,3,-73.99107360839844,40.739551544189446,-74.00342559814453,40.73237228393555,N,582,1.3180957554017696,16
id2134482,1,2016-01-22 16:13:01,2016-01-22 16:13:20,1,-73.77631378173827,40.64545440673828,-73.77631378173827,40.64545440673828,N,19,0.0,16
id0013712,2,2016-01-31 16:14:19,2016-01-31 16:21:02,1,-73.9660415649414,40.77205276489258,-73.98188018798828,40.773624420166016,N,403,1.3575389170958736,16
id2758828,1,2016-04-14 16:02:47,2016-04-14 16:13:53,1,-73.99681854248048,40.73697662353516,-73.99735260009764,40.751197814941406,N,666,1.579204828500851,16
id2973056,2,2016-02-06 16:57:52,2016-02-06 16:59:08,5,-73.98294067382812,40.76783752441406,-73.97568511962889,40.76458740234375,N,76,0.7144903750574813,16
id2084267,2,2016-05-24 16:20:17,2016-05-24 16:36:11,1,-73.98209381103516,40.77706146240234,-73.9542465209961,40.7789421081543,N,954,2.3762069149103255,16
id0658503,2,2016-04-26 16:30:29,2016-04-26 16:36:56,1,-73.98200225830078,40.7706184387207,-73.98135375976561,40.78070831298828,N,387,1.121331714856997,16
id0466267,2,2016-01-08 16:32:54,2016-01-08 16:43:27,6,-73.95361328125,40.79106903076172,-73.97743225097656,40.78104019165039,N,633,2.310470138240619,16
id3199322,1,2016-01-16 16:18:23,2016-01-16 16:27:10,1,-74.00572967529298,40.740619659423835,-73.99185180664062,40.737064361572266,N,527,1.2438809414702918,16
id1673772,2,2016-04-05 16:51:23,2016-04-05 17:10:23,1,-73.96292877197266,40.77223205566406,-73.97339630126953,40.76350402832031,N,1140,1.3153828613992165,16
id1046718,2,2016-05-01 16:59:33,2016-05-01 17:09:55,1,-73.97550201416014,40.75223159790039,-73.98568725585938,40.72380828857422,N,622,3.2716143466205105,16
id2094216,1,2016-06-18 16:52:06,2016-06-18 17:11:13,1,-73.96158599853516,40.771190643310554,-73.98694610595702,40.761016845703125,N,1147,2.433505721127897,16
id0558253,2,2016-06-06 16:03:48,2016-06-06 16:09:15,1,-73.95172119140625,40.7695198059082,-73.94840240478516,40.78504943847656,N,327,1.746719181222603,16
id0908427,2,2016-02-18 16:00:37,2016-02-18 16:09:26,1,-73.98216247558594,40.77521133422852,-73.96867370605469,40.76763916015625,N,529,1.4216278204924075,16
id3400302,1,2016-05-28 16:35:34,2016-05-28 16:46:09,2,-73.96236419677734,40.76315689086913,-73.9794692993164,40.75456237792969,N,635,1.7389715226249698,16
id2281716,1,2016-06-20 16:42:20,2016-06-20 16:51:20,1,-73.99832153320312,40.72343063354492,-74.00806427001953,40.716506958007805,N,540,1.1297959616726687,16
id1622894,2,2016-04-01 16:23:04,2016-04-01 16:27:13,1,-73.9768295288086,40.756290435791016,-73.97181701660156,40.76306915283203,N,249,0.864692122811298,16
id0973517,2,2016-02-05 16:21:59,2016-02-05 16:34:49,3,-73.96336364746092,40.766510009765625,-73.98786926269531,40.7647705078125,N,770,2.09190729216799,16
id2153534,2,2016-05-11 16:25:22,2016-05-11 16:32:45,1,-73.98486328125,40.742801666259766,-73.99063873291014,40.73466110229492,N,443,1.0283450862800874,16
id0569216,1,2016-02-12 16:59:09,2016-02-12 17:12:15,1,-73.9861602783203,40.72230529785156,-73.97749328613281,40.74692535400391,N,786,2.830381204694315,16
id1849136,1,2016-02-05 16:39:38,2016-02-05 16:58:34,1,-73.97531127929686,40.7493896484375,-73.9808120727539,40.76567840576172,N,1136,1.8675308771272139,16
id1863304,1,2016-01-18 16:47:06,2016-01-18 16:51:35,1,-73.9759521484375,40.75771331787109,-73.9817657470703,40.75580978393555,N,269,0.537433214000231,16
id3660768,1,2016-02-14 16:50:31,2016-02-14 17:00:32,1,-73.95611572265625,40.7787971496582,-73.97236633300781,40.751659393310554,N,601,3.313893733731791,16
id3514434,2,2016-02-05 16:11:40,2016-02-05 16:17:36,5,-73.97175598144531,40.76350021362305,-73.97288513183594,40.75519180297852,N,356,0.9272143839440278,16
id2492884,2,2016-01-15 16:45:17,2016-01-15 17:05:11,1,-73.98216247558594,40.757469177246094,-73.95706176757811,40.74568176269531,N,1194,2.502797933221793,16
id3318097,1,2016-04-11 16:29:07,2016-04-11 16:36:05,1,-73.98821258544923,40.74132537841797,-73.98450469970702,40.72966766357422,N,418,1.3318351017556052,16
id2125266,1,2016-06-15 16:39:27,2016-06-15 17:21:34,1,-73.97919464111328,40.78211212158203,-73.9905776977539,40.751171112060554,N,2527,3.5681413825098276,16
id3431340,1,2016-03-03 16:16:21,2016-03-03 16:30:03,1,-73.98511505126953,40.724388122558594,-74.00948333740233,40.72422790527344,N,822,2.0713806666718653,16
id2516040,1,2016-02-15 16:09:41,2016-02-15 16:12:24,1,-73.99119567871094,40.733184814453125,-73.99606323242188,40.72552490234375,N,163,0.9455728286955036,16
id0181417,1,2016-04-25 16:09:57,2016-04-25 17:01:29,1,-73.78821563720702,40.64772033691406,-73.96429443359375,40.68463516235352,N,3092,15.517471442499529,16
id2574983,2,2016-06-09 16:42:05,2016-06-09 17:27:52,2,-73.8627700805664,40.76879119873047,-73.97494506835938,40.75038146972656,N,2747,9.751391267917953,16
id1342493,2,2016-01-11 16:33:02,2016-01-11 16:47:38,2,-73.9900131225586,40.74671173095703,-73.9900131225586,40.74671173095703,N,876,0.0,16
id1062322,2,2016-03-19 16:27:57,2016-03-19 16:37:44,1,-73.98690032958984,40.76673126220703,-73.98046875,40.78744888305664,N,587,2.3637430084409736,16
id3540833,1,2016-04-28 16:34:53,2016-04-28 17:16:21,1,-73.97357177734375,40.75168991088867,-73.86549377441406,40.77083587646485,N,2488,9.429244913231981,16
id3539134,2,2016-06-18 16:31:38,2016-06-18 17:07:51,1,-74.00328826904298,40.73255920410156,-73.97988891601561,40.77780532836913,N,2173,5.401814357451041,16
id2157621,1,2016-06-29 16:43:56,2016-06-29 17:04:13,4,-73.9992904663086,40.72648620605469,-74.00348663330078,40.756309509277344,N,1217,3.329545960710205,16
id3291960,2,2016-02-01 16:24:18,2016-02-01 16:41:35,1,-73.979736328125,40.73506927490234,-74.00382232666014,40.72351837158203,N,1037,2.415654577421973,16
id3735419,2,2016-03-13 16:13:34,2016-03-13 16:29:33,1,-73.99318695068358,40.742290496826165,-73.9777603149414,40.777000427246094,N,959,4.069827853882985,16
id2673684,1,2016-01-05 16:42:25,2016-01-05 17:11:30,1,-73.9723129272461,40.7868537902832,-73.9794921875,40.74422073364258,N,1745,4.771452813376173,16
id3204541,2,2016-05-06 16:33:29,2016-05-06 16:42:45,3,-73.97023773193358,40.7647705078125,-73.95319366455078,40.7723503112793,N,556,1.6753351241508248,16
id1572200,1,2016-05-16 16:17:51,2016-05-16 16:30:45,1,-73.95985412597656,40.76249694824219,-73.97991943359375,40.722930908203125,N,774,4.711377650794014,16
id3996111,1,2016-04-05 16:19:02,2016-04-05 16:30:03,1,-73.98039245605469,40.76570892333984,-73.9826431274414,40.779090881347656,N,661,1.4976660670969015,16
id2894877,1,2016-04-17 16:10:09,2016-04-17 16:17:49,1,-73.98800659179686,40.744415283203125,-73.98037719726561,40.73523712158203,N,460,1.2076650056631175,16
id0721734,2,2016-04-18 17:45:36,2016-04-18 18:44:21,2,-73.97544860839844,40.74918365478516,-73.78913879394531,40.64460372924805,N,3525,19.63526867976037,17
id1836254,2,2016-02-20 17:59:33,2016-02-20 18:24:07,1,-73.99150848388672,40.72391891479492,-73.98261260986328,40.75664520263672,N,1474,3.7104817646277715,17
id3853570,2,2016-03-19 17:46:46,2016-03-19 18:05:04,1,-73.98016357421875,40.74983978271485,-74.00563049316406,40.74190139770508,N,1098,2.3371604262255676,17
id0788204,2,2016-02-03 17:03:18,2016-02-03 17:14:55,1,-73.96961975097656,40.78797912597656,-73.94803619384764,40.77642059326172,N,697,2.2387155789724242,17
id3347223,1,2016-01-08 17:53:49,2016-01-08 18:05:31,1,-73.9872055053711,40.7504997253418,-73.98717498779298,40.760440826416016,N,702,1.1034652681855772,17
id2117376,2,2016-04-22 17:51:44,2016-04-22 18:39:43,3,-74.01236724853516,40.716899871826165,-73.9547119140625,40.7836799621582,N,2879,8.886134424865826,17
id0157651,1,2016-04-17 17:09:55,2016-04-17 17:19:52,1,-73.99103546142578,40.74221420288086,-73.99884796142578,40.728153228759766,N,597,1.696165130977289,17
id1843082,1,2016-01-19 17:54:31,2016-01-19 18:09:12,1,-73.98760223388672,40.74147033691406,-73.97789764404298,40.76645660400391,N,881,2.893546422991802,17
id0717720,1,2016-06-13 17:21:07,2016-06-13 17:44:48,1,-73.9695587158203,40.7580680847168,-73.95437622070312,40.72036743164063,N,1421,4.379239916544839,17
id0865712,1,2016-03-05 17:22:41,2016-03-05 17:48:14,1,-73.98128509521484,40.73317337036133,-73.96117401123048,40.77749633789063,N,1533,5.208369274768406,17
id0410553,2,2016-04-09 17:17:41,2016-04-09 17:21:45,1,-73.9739761352539,40.75150680541992,-73.97998046875,40.74312973022461,N,244,1.0607105239129884,17
id2637279,2,2016-06-16 17:58:27,2016-06-16 18:04:55,5,-73.97725677490233,40.76637649536133,-73.98179626464844,40.77836227416992,N,388,1.3852460309773909,17
id1395086,2,2016-05-29 17:18:21,2016-05-29 17:26:15,1,-73.9881820678711,40.74861145019531,-73.98058319091797,40.76444625854492,N,474,1.8725849653984767,17
id2738249,1,2016-04-06 17:19:35,2016-04-06 17:36:25,1,-73.98197937011719,40.779029846191406,-73.96987915039062,40.761268615722656,N,1010,2.2236567723910414,17
id0956059,2,2016-06-14 17:21:42,2016-06-14 17:41:33,1,-73.9983673095703,40.72277069091797,-73.98882293701173,40.74338150024414,N,1191,2.4273833245733982,17
id3125431,2,2016-02-07 17:25:14,2016-02-07 17:40:31,1,-73.9826889038086,40.686161041259766,-73.9535903930664,40.68220901489258,N,917,2.5119736726180775,17
id2854047,2,2016-01-09 17:16:36,2016-01-09 17:21:21,2,-73.98996734619139,40.73501968383789,-73.98655700683594,40.74000930786133,N,285,0.625122105928071,17
id1802796,1,2016-03-03 17:31:56,2016-03-03 17:43:39,1,-73.98223114013672,40.75820159912109,-74.00263977050781,40.76070785522461,N,703,1.7568986135858704,17
id3785790,1,2016-02-24 17:11:53,2016-02-24 18:00:05,1,-73.86322021484375,40.76987457275391,-73.83106231689453,40.9011116027832,N,2892,14.821542513819134,17
id0771732,2,2016-03-16 17:53:34,2016-03-16 18:33:22,1,-73.87472534179686,40.77406311035156,-73.98200988769531,40.7640380859375,N,2388,9.186829423402187,17
id3624463,1,2016-04-05 17:26:17,2016-04-05 17:53:43,2,-74.01251220703125,40.70222854614258,-73.97805786132812,40.76044464111328,N,1646,7.09465161699698,17
id2511639,2,2016-02-26 17:05:35,2016-02-26 17:17:56,2,-73.96099090576173,40.7778205871582,-73.96593475341797,40.80389404296875,N,741,2.92450265951138,17
id1241720,2,2016-02-28 17:01:12,2016-02-28 17:12:45,1,-73.99667358398438,40.75289916992188,-73.98497772216798,40.75601959228516,N,693,1.0527586470242318,17
id1884134,2,2016-04-16 17:22:35,2016-04-16 18:11:51,1,-73.97991180419923,40.749610900878906,-73.78144073486328,40.64672088623047,N,2956,20.372352861518586,17
id3229147,1,2016-01-31 17:30:10,2016-01-31 17:31:16,1,-73.97888946533203,40.787696838378906,-73.9754867553711,40.79212951660156,N,66,0.5707407821211,17
id2886903,2,2016-02-08 17:31:10,2016-02-08 17:48:49,1,-73.97413635253906,40.75101089477539,-73.99710083007811,40.750579833984375,N,1059,1.952566934551616,17
id3821636,2,2016-03-29 17:23:10,2016-03-29 17:36:06,1,-73.96794128417967,40.762020111083984,-73.98905944824217,40.74116134643555,N,776,2.929659158609316,17
id0220286,2,2016-02-04 17:11:08,2016-02-04 17:14:28,2,-73.98997497558594,40.73467254638672,-73.9864501953125,40.73998641967773,N,200,0.6615701763257663,17
id2642020,2,2016-02-01 17:45:33,2016-02-01 17:55:56,6,-73.96428680419923,40.7677116394043,-73.97889709472656,40.7877082824707,N,623,2.5434225888229407,17
id2167941,2,2016-02-16 17:56:46,2016-02-16 18:21:43,3,-73.99256896972656,40.73811340332031,-73.96787261962889,40.80043029785156,N,1497,7.228686718555265,17
id1815241,1,2016-01-04 17:08:51,2016-01-04 17:21:35,1,-73.9812774658203,40.78115081787109,-73.96556854248048,40.80899429321289,N,764,3.3667317721100027,17
id3664129,2,2016-02-14 17:31:57,2016-02-14 17:38:55,1,-73.98985290527344,40.734169006347656,-74.00213623046875,40.73960113525391,N,418,1.2056852540334984,17
id2117939,1,2016-04-19 17:12:02,2016-04-19 17:45:39,1,-74.01580047607422,40.71436309814453,-73.97333526611328,40.78522872924805,N,2017,8.654715108830954,17
id2052980,1,2016-01-28 17:13:44,2016-01-28 17:55:01,1,-74.00580596923827,40.72188186645508,-73.93348693847656,40.70498275756836,N,2477,6.426949874189388,17
id3097014,2,2016-05-18 17:58:34,2016-05-18 18:00:41,3,-73.96858978271484,40.79153060913086,-73.97625732421875,40.78561019897461,N,127,0.9255446492139326,17
id3407832,2,2016-02-20 17:51:23,2016-02-20 17:56:51,1,-74.00753021240233,40.731151580810554,-74.00633239746092,40.717132568359375,N,328,1.559437612346025,17
id2199657,2,2016-01-09 17:56:16,2016-01-09 18:18:39,1,-73.99115753173827,40.73249053955078,-73.96920013427734,40.67866134643555,N,1343,6.259750632043518,17
id2835681,2,2016-05-10 17:35:30,2016-05-10 17:45:14,1,-73.98905181884764,40.71678161621094,-73.98167419433594,40.72852325439453,N,584,1.4463401469634765,17
id0911443,2,2016-01-06 17:32:59,2016-01-06 17:44:59,1,-73.98088836669923,40.74205017089844,-73.9852523803711,40.75373840332031,N,720,1.3493806041972853,17
id1770506,1,2016-03-01 17:21:59,2016-03-01 17:37:01,1,-73.99689483642578,40.74739456176758,-73.97822570800781,40.764026641845696,N,902,2.4344373473432337,17
id3507077,2,2016-04-26 17:59:12,2016-04-26 18:05:45,1,-73.9678192138672,40.75183868408203,-73.9547119140625,40.76961135864258,N,393,2.2656287426328814,17
id1375073,1,2016-03-28 17:11:27,2016-03-28 17:18:30,1,-73.987548828125,40.73843383789063,-73.97779846191406,40.75029754638672,N,423,1.5559656430405988,17
id0364573,1,2016-05-09 17:08:03,2016-05-09 17:30:12,1,-73.97920227050781,40.72014617919922,-73.94429016113281,40.707218170166016,N,1329,3.2962829013299206,17
id0631105,1,2016-04-06 17:34:24,2016-04-06 17:53:36,1,-73.96211242675781,40.77039337158203,-73.96607971191406,40.80413055419922,N,1152,3.7599798005582397,17
id0562542,2,2016-01-18 17:39:02,2016-01-18 17:58:08,5,-73.97236633300781,40.75368118286133,-74.00686645507811,40.70991134643555,N,1146,5.674871929699939,17
id2406660,2,2016-05-27 17:02:02,2016-05-27 17:03:08,1,-73.78997039794923,40.6469612121582,-73.78997802734375,40.6469612121582,N,66,0.0006484985339483273,17
id1745594,1,2016-04-24 17:47:35,2016-04-24 17:52:17,1,-73.9665756225586,40.76167678833008,-73.95455932617188,40.77143478393555,N,282,1.4887627690691214,17
id0738840,2,2016-04-21 17:53:38,2016-04-21 18:10:56,1,-73.96183013916014,40.75585174560546,-73.98216247558594,40.7516975402832,N,1038,1.788706768861908,17
id0934339,2,2016-05-12 17:07:45,2016-05-12 17:30:48,2,-73.96463775634764,40.80725860595703,-73.99162292480467,40.7622184753418,N,1383,5.500525915156657,17
id1789310,2,2016-04-13 17:44:29,2016-04-13 18:13:31,2,-73.95877838134764,40.763938903808594,-73.98282623291014,40.75074005126953,N,1742,2.514885540543073,17
id2331461,1,2016-03-02 17:25:06,2016-03-02 17:32:37,1,-74.00674438476561,40.731048583984375,-73.99555969238281,40.746429443359375,N,451,1.954128339605805,17
id2340946,2,2016-04-03 17:59:07,2016-04-03 18:14:08,3,-73.99642181396483,40.763580322265625,-73.98654174804686,40.75135040283203,N,901,1.5962884674846536,17
id0494665,2,2016-03-23 17:07:05,2016-03-23 17:11:30,1,-73.95213317871092,40.769485473632805,-73.95964813232422,40.77369689941406,N,265,0.7915522971618557,17
id1064751,1,2016-05-01 17:08:03,2016-05-01 17:19:00,1,-73.96720123291014,40.76636505126953,-73.94715118408203,40.77407836914063,N,657,1.9072292632469927,17
id2483462,2,2016-03-08 17:14:54,2016-03-08 17:48:49,1,-73.88533020019531,40.7730598449707,-73.97219085693358,40.78657150268555,N,2035,7.533947966672151,17
id3457324,1,2016-04-19 17:37:24,2016-04-19 17:38:22,1,-74.00623321533203,40.73434066772461,-74.00322723388672,40.738887786865234,N,58,0.5657182636103619,17
id0484447,2,2016-03-07 17:35:14,2016-03-07 18:00:58,2,-73.96862030029298,40.75799179077149,-73.9970474243164,40.72972869873047,N,1544,3.9598707673622497,17
id1770320,2,2016-05-21 17:16:31,2016-05-21 17:30:20,5,-73.96935272216798,40.766090393066406,-73.9583511352539,40.80538940429688,N,829,4.4612981300927945,17
id1728244,2,2016-04-07 17:21:46,2016-04-07 17:43:54,1,-74.00460052490233,40.73777389526367,-73.9670181274414,40.80016326904297,N,1328,7.62650203273744,17
id0960628,2,2016-04-04 17:48:35,2016-04-04 17:57:27,1,-73.9803237915039,40.734329223632805,-73.98265075683594,40.717788696289055,N,532,1.8466218663857334,17
id1093229,1,2016-06-24 17:17:46,2016-06-24 17:46:47,2,-73.99483489990233,40.718555450439446,-74.00728607177734,40.72754669189453,N,1741,1.454703883359964,17
id0068755,1,2016-01-09 17:42:10,2016-01-09 17:54:31,3,-73.95314025878906,40.77873611450195,-73.97784423828125,40.7762451171875,N,741,2.117964433843344,17
id3441020,1,2016-02-13 17:35:24,2016-02-13 17:49:47,1,-73.99396514892578,40.746463775634766,-73.97847747802734,40.76055145263672,N,863,2.044090058183721,17
id3735300,2,2016-06-27 17:30:21,2016-06-27 17:46:45,1,-73.99256134033203,40.75308990478516,-73.96737670898438,40.76340103149414,N,984,2.4274533733457417,17
id1092128,1,2016-02-18 17:49:57,2016-02-18 18:03:08,1,-73.98333740234375,40.75006866455078,-73.98471069335938,40.75572967529297,N,791,0.639122401033805,17
id1578077,2,2016-06-22 17:20:42,2016-06-22 17:53:15,6,-73.99176025390625,40.74989318847656,-73.97502899169923,40.76555633544922,N,1953,2.246173122728743,17
id0969279,2,2016-05-08 17:41:43,2016-05-08 17:50:27,1,-73.96730804443358,40.78792190551758,-73.95783233642578,40.769390106201165,N,524,2.2090941845404313,17
id3672795,1,2016-04-19 17:00:35,2016-04-19 17:59:14,2,-73.7904281616211,40.64374542236328,-73.98993682861328,40.74692535400391,N,3519,20.4634398099068,17
id1728660,1,2016-05-06 17:55:29,2016-05-06 18:07:46,1,-74.00965881347656,40.7060546875,-73.98734283447266,40.72209167480469,N,737,2.601316398199641,17
id3952643,2,2016-03-12 17:26:09,2016-03-12 17:42:30,1,-73.99394226074217,40.747833251953125,-74.01111602783203,40.70856857299805,N,981,4.596346345214838,17
id2406504,1,2016-06-21 17:51:48,2016-06-21 18:30:46,1,-73.87303924560547,40.77406692504882,-73.98463439941406,40.69652557373047,N,2338,12.808527601154783,17
id3619819,1,2016-06-13 17:36:20,2016-06-13 17:47:12,1,-73.96533203125,40.7718505859375,-73.98009490966798,40.765789031982415,N,652,1.4238464428718627,17
id3699531,2,2016-01-26 17:24:09,2016-01-26 17:49:54,1,-73.95221710205078,40.77726364135742,-73.96531677246092,40.766128540039055,N,1545,1.663582454234232,17
id3282552,1,2016-02-13 17:25:57,2016-02-13 17:32:07,1,-73.9537353515625,40.77930450439453,-73.93466186523438,40.79577255249024,N,370,2.4433282825502163,17
id2526801,2,2016-01-22 17:56:22,2016-01-22 18:09:48,1,-73.97306823730467,40.74385833740234,-73.9862060546875,40.7329216003418,N,806,1.649482754245167,17
id2326118,2,2016-02-05 17:30:17,2016-02-05 17:37:46,1,-73.996337890625,40.72593688964844,-73.99440002441406,40.72831344604492,N,449,0.3110007790556299,17
id1340109,1,2016-01-30 17:35:56,2016-01-30 18:16:55,1,-74.00501251220702,40.746631622314446,-73.95166015625,40.71352767944336,N,2459,5.836780005505796,17
id0105376,1,2016-03-02 17:59:29,2016-03-02 18:24:54,1,-74.01622772216798,40.71023178100586,-73.9559326171875,40.771926879882805,N,1525,8.553579688287686,17
id1042021,2,2016-01-01 17:32:58,2016-01-01 17:44:57,1,-73.99056243896483,40.75603103637695,-73.970458984375,40.78662872314453,N,719,3.8019893541005065,17
id3190170,2,2016-05-12 17:23:18,2016-05-12 17:46:33,1,-73.99372863769531,40.74147033691406,-73.98948669433594,40.757545471191406,N,1395,1.8204054902238547,17
id3736542,2,2016-03-14 17:38:11,2016-03-14 17:45:49,3,-74.0069580078125,40.74375915527344,-74.00415802001953,40.75870895385742,N,458,1.676407947925341,17
id1077211,2,2016-04-13 17:15:12,2016-04-13 17:42:09,1,-74.00556945800781,40.748210906982415,-73.97531127929686,40.755821228027344,N,1617,2.707119733609855,17
id3692666,2,2016-02-05 17:32:37,2016-02-05 17:38:45,1,-73.98606872558594,40.76784133911133,-73.98155975341797,40.76153945922852,N,368,0.7976231077578512,17
id0733680,1,2016-06-07 17:18:30,2016-06-07 17:29:40,1,-73.95230102539062,40.77789688110352,-73.970947265625,40.750823974609375,N,670,3.397438166601895,17
id3481188,1,2016-05-18 17:46:48,2016-05-18 17:57:43,1,-73.92974090576173,40.81316375732422,-73.91182708740233,40.82701110839844,N,655,2.1635801048066163,17
id1254167,2,2016-03-23 17:54:59,2016-03-23 18:23:33,1,-73.9696273803711,40.75062561035156,-73.87061309814453,40.7738037109375,N,1714,8.800670377281193,17
id2306057,1,2016-03-04 17:00:35,2016-03-04 17:43:26,1,-73.8635482788086,40.76995849609375,-74.00088500976561,40.75763320922852,N,2571,11.753517345743736,17
id3621061,1,2016-06-26 17:48:03,2016-06-26 18:08:00,1,-73.99828338623048,40.713340759277344,-73.97146606445312,40.7536735534668,N,1197,5.023841891523964,17
id0673098,2,2016-06-14 17:10:40,2016-06-14 17:29:14,1,-73.97545623779298,40.75569152832031,-73.95799255371094,40.779441833496094,N,1114,3.0254710472783195,17
id2963748,2,2016-03-10 17:17:21,2016-03-10 18:20:53,1,-73.77704620361328,40.64532852172852,-73.97937774658203,40.76171112060546,N,3812,21.50963185870904,17
id3999988,2,2016-05-23 17:37:28,2016-05-23 18:28:33,1,-73.99932861328125,40.724830627441406,-74.17701721191406,40.69490051269531,N,3065,15.46460287106977,17
id1035507,1,2016-01-27 17:50:13,2016-01-27 18:30:34,2,-74.0138931274414,40.71505355834961,-73.7816390991211,40.64849090576172,N,2421,21.07889299143746,17
id0517653,2,2016-05-02 17:35:46,2016-05-02 17:40:30,1,-73.99562835693358,40.74160003662109,-73.99024963378906,40.73738861083984,N,284,0.6538735454746578,17
id0678575,2,2016-03-18 17:38:00,2016-03-18 17:50:06,1,-73.98435974121092,40.74594879150391,-73.95919036865233,40.780269622802734,N,726,4.369229197504595,17
id3732307,1,2016-04-09 17:43:23,2016-04-09 17:48:34,1,-73.96800994873048,40.75991821289063,-73.95548248291014,40.776870727539055,N,311,2.162123312319214,17
id1340729,2,2016-04-07 17:04:47,2016-04-07 17:20:11,1,-73.96236419677734,40.76301574707031,-73.98041534423827,40.75072479248047,N,924,2.053174571407165,17
id3406357,2,2016-01-27 17:52:19,2016-01-27 17:57:28,1,-73.99149322509764,40.75061798095703,-73.99237060546875,40.743816375732415,N,309,0.7586526415655149,17
id1518943,2,2016-05-07 17:29:10,2016-05-07 17:36:15,1,-73.95377349853516,40.77932357788086,-73.96331787109375,40.77433013916016,N,425,0.9825369375536495,17
id3914411,1,2016-06-21 17:53:03,2016-06-21 18:01:36,1,-73.78923034667967,40.64666748046875,-73.79483032226561,40.66754913330078,N,513,2.3662343636699017,17
id1022822,1,2016-06-10 17:26:10,2016-06-10 17:34:27,1,-74.0029067993164,40.74391174316406,-74.00205230712889,40.751079559326165,N,497,0.798935949820433,17
id2489933,1,2016-02-07 17:27:29,2016-02-07 17:33:03,1,-73.98152160644531,40.74147415161133,-73.99373626708984,40.74653244018555,N,334,1.1803404909035142,17
id0457681,1,2016-03-14 17:39:22,2016-03-14 17:56:22,1,-74.00302124023438,40.73368835449219,-73.974609375,40.73634719848633,N,1020,2.432975335378977,17
id3291291,2,2016-01-11 17:08:15,2016-01-11 17:14:13,1,-73.98571014404298,40.747467041015625,-73.99898529052734,40.73077392578125,N,358,2.169476730823849,17
id1393829,1,2016-02-15 17:25:14,2016-02-15 18:20:00,1,-73.97608947753906,40.79133224487305,-73.95447540283203,40.700786590576165,N,3286,10.21710331027274,17
id2540137,2,2016-05-10 17:59:50,2016-05-10 18:10:54,1,-73.99094390869139,40.7607307434082,-73.98468780517578,40.74802017211913,N,664,1.507760539064745,17
id0183471,2,2016-01-10 17:19:11,2016-01-10 17:49:45,1,-73.86335754394531,40.769878387451165,-73.98441314697266,40.75678253173828,N,1834,10.39189759640313,17
id2064614,1,2016-06-04 17:56:16,2016-06-04 18:21:19,1,-74.00477600097656,40.746952056884766,-73.95103454589844,40.775047302246094,N,1503,5.53103364133798,17
id3008834,2,2016-03-04 17:21:35,2016-03-04 17:39:30,1,-74.00829315185547,40.736907958984375,-73.98877716064453,40.75032806396485,N,1075,2.229532794589907,17
id2781013,2,2016-02-17 17:37:13,2016-02-17 17:59:01,3,-73.86981964111328,40.7725715637207,-73.97567749023438,40.74724578857422,N,1308,9.426830850998064,17
id0793379,2,2016-04-28 17:40:03,2016-04-28 18:04:33,5,-73.78211975097656,40.6449089050293,-73.83817291259764,40.68238067626953,N,1470,6.32463195606953,17
id0357543,2,2016-03-16 17:40:50,2016-03-16 17:46:13,1,-73.96988677978516,40.761245727539055,-73.9760513305664,40.750930786132805,N,323,1.2591632704080988,17
id0876489,2,2016-03-30 17:47:13,2016-03-30 18:08:08,2,-73.99463653564453,40.750450134277344,-74.003662109375,40.72702026367188,N,1255,2.711508328314684,17
id2048613,2,2016-04-25 17:13:19,2016-04-25 17:30:05,1,-73.96212005615233,40.759952545166016,-73.98184967041014,40.76839065551758,N,1006,1.9208495392512455,17
id0184010,1,2016-04-04 17:32:57,2016-04-04 17:52:14,1,-74.00943756103516,40.70452880859375,-74.00239562988281,40.76047134399414,N,1157,6.238403428459269,17
id2617260,2,2016-06-23 17:08:48,2016-06-23 17:27:41,1,-73.97673034667967,40.76417922973633,-73.9845199584961,40.748661041259766,N,1133,1.8453916550052742,17
id3346381,2,2016-05-06 17:44:47,2016-05-06 18:25:33,5,-73.87098693847656,40.7738037109375,-74.00562286376953,40.714805603027344,N,2446,13.185333295679504,17
id3672733,2,2016-03-13 17:34:41,2016-03-13 17:39:04,5,-73.97417449951173,40.75360107421875,-73.98551940917967,40.739871978759766,N,263,1.8034049213859782,17
id1413658,2,2016-03-17 17:31:50,2016-03-17 17:44:50,1,-73.98886871337889,40.75030899047852,-73.98715209960938,40.76097106933594,N,780,1.1924515605757484,17
id0499391,1,2016-03-26 17:25:09,2016-03-26 18:00:18,1,-73.78349304199219,40.648685455322266,-73.98548126220702,40.7431755065918,N,2109,20.119168997672286,17
id3844693,1,2016-03-30 17:13:16,2016-03-30 17:22:16,1,-73.95547485351561,40.779258728027344,-73.97779083251953,40.77783584594727,N,540,1.903422208688465,17
id3429253,2,2016-02-28 17:29:01,2016-02-28 17:36:39,1,-73.98388671875,40.74626922607422,-73.97071075439453,40.763378143310554,N,458,2.2047325764951546,17
id3121454,2,2016-03-08 17:28:25,2016-03-08 17:38:53,1,-73.97400665283203,40.75563049316406,-73.95680236816406,40.77508163452149,N,628,2.6077042010609066,17
id1378258,2,2016-02-27 17:37:14,2016-02-27 18:19:06,1,-73.98722076416014,40.74486923217773,-73.91986846923827,40.86837005615234,N,2512,14.855991245464388,17
id2906512,2,2016-05-15 17:23:28,2016-05-15 17:26:41,1,-73.97696685791014,40.7435417175293,-73.98341369628906,40.731643676757805,N,193,1.4298551665292683,17
id2653195,2,2016-06-20 17:33:34,2016-06-20 17:37:14,1,-73.95535278320312,40.77333068847656,-73.96378326416014,40.768230438232415,N,220,0.913237729856535,17
id2116980,2,2016-05-07 17:02:55,2016-05-07 17:39:47,2,-73.78994750976561,40.64678955078125,-73.97727203369139,40.754558563232415,N,2212,19.91549055743516,17
id0632404,2,2016-05-21 17:52:18,2016-05-21 17:57:05,1,-74.0080795288086,40.739612579345696,-74.00566101074217,40.74556350708008,N,287,0.6918026608495962,17
id2430806,1,2016-02-27 17:46:41,2016-02-27 17:57:05,1,-73.9841537475586,40.76715469360352,-73.95747375488281,40.77391815185546,N,624,2.3888345209762925,17
id3289636,1,2016-03-02 17:40:09,2016-03-02 17:54:00,1,-73.96107482910156,40.76115036010742,-73.95206451416014,40.79132461547852,N,831,3.435791230394192,17
id3598529,2,2016-03-17 17:57:28,2016-03-17 18:01:55,1,-73.95337677001953,40.77974319458008,-73.94258880615233,40.79058456420898,N,267,1.512943839932112,17
id0589985,2,2016-05-14 17:11:02,2016-05-14 17:33:31,1,-73.9586410522461,40.778018951416016,-73.98207092285155,40.75611877441406,N,1349,3.14254640786344,17
id1577696,1,2016-03-11 17:58:24,2016-03-11 18:02:17,1,-73.97627258300781,40.78596878051758,-73.9736328125,40.7946662902832,N,233,0.991155538866521,17
id3061558,2,2016-02-07 17:04:54,2016-02-07 17:08:06,1,-73.96199035644531,40.76797103881836,-73.95352172851561,40.77930068969727,N,192,1.4490327229906401,17
id0627850,2,2016-05-14 17:40:05,2016-05-14 17:49:29,2,-74.01310729980467,40.71589279174805,-74.00077056884764,40.75244903564453,N,564,4.1910484627182605,17
id3410573,2,2016-04-27 17:02:13,2016-04-27 17:09:32,1,-73.95291900634764,40.77840423583984,-73.96500396728516,40.76968765258789,N,439,1.4111411923161843,17
id2702393,2,2016-06-16 17:52:04,2016-06-16 18:00:03,1,-73.99896240234375,40.734413146972656,-73.99380493164062,40.74142837524414,N,479,0.8936106867599798,17
id1045372,2,2016-02-17 17:12:28,2016-02-17 17:18:41,1,-73.98870086669923,40.7364501953125,-73.99691772460938,40.74253845214844,N,373,0.9718587697452297,17
id3028433,1,2016-04-28 17:14:24,2016-04-28 17:29:41,1,-73.94855499267578,40.77651596069336,-73.98233032226561,40.772682189941406,N,917,2.902270782279257,17
id1748852,1,2016-02-09 17:42:05,2016-02-09 17:53:26,1,-73.98098754882812,40.7448616027832,-73.99412536621094,40.7356834411621,N,681,1.5116069727777932,17
id3742739,1,2016-04-17 17:02:32,2016-04-17 17:29:25,2,-73.98458862304686,40.74478149414063,-73.96896362304686,40.79984664916992,N,1613,6.254861995536585,17
id3510509,2,2016-04-27 17:42:26,2016-04-27 17:57:45,1,-73.99863433837889,40.71966171264648,-73.94207000732422,40.71183013916016,N,919,4.8859234765304524,17
id0481169,2,2016-04-04 17:52:52,2016-04-04 17:54:49,1,-73.9584732055664,40.81093978881836,-73.96405029296875,40.8083381652832,N,117,0.5550853238060101,17
id2783248,2,2016-06-11 17:42:04,2016-06-11 17:48:15,1,-74.0101318359375,40.7115592956543,-73.99845886230467,40.716991424560554,N,371,1.1610489584212837,17
id3809915,2,2016-05-31 17:17:04,2016-05-31 17:32:46,5,-73.95033264160156,40.77560043334961,-73.96607971191406,40.76502990722656,N,942,1.779967527148528,17
id3973249,2,2016-06-05 17:29:52,2016-06-05 17:44:19,1,-73.94786071777344,40.77497100830078,-73.97806549072266,40.76172256469727,N,867,2.958744573409065,17
id1879478,1,2016-05-25 17:36:32,2016-05-25 17:53:32,2,-73.9569091796875,40.7811393737793,-73.97534942626953,40.75558090209961,N,1020,3.2411915627987624,17
id3810293,2,2016-05-03 17:36:33,2016-05-03 17:53:56,1,-73.97647094726561,40.77593994140625,-73.95304107666014,40.783008575439446,N,1043,2.140526475649448,17
id3269091,1,2016-05-09 17:48:13,2016-05-09 17:55:23,1,-73.99276733398438,40.76829147338867,-73.98283386230467,40.7616081237793,N,430,1.1239496157339899,17
id3007201,1,2016-06-14 17:30:40,2016-06-14 17:58:09,2,-73.98656463623048,40.72245788574219,-73.99447631835938,40.70299911499024,N,1649,2.2621928667229234,17
id0954851,2,2016-02-12 17:33:10,2016-02-12 17:47:40,1,-73.96234130859375,40.77909851074219,-73.98843383789062,40.769004821777344,N,870,2.48479779835431,17
id3176193,2,2016-01-10 17:45:08,2016-01-10 17:59:12,1,-73.9903564453125,40.73136901855469,-74.01091766357422,40.717315673828125,N,844,2.3426100952646802,17
id1407533,2,2016-04-18 17:41:05,2016-04-18 17:46:29,1,-73.96971893310547,40.78470993041992,-73.95551300048828,40.78778076171875,N,324,1.2546926547819226,17
id2802443,2,2016-04-04 17:40:24,2016-04-04 17:51:48,3,-73.95408630371094,40.6845817565918,-73.96198272705078,40.713340759277344,N,684,3.2620483794662167,17
id0854370,2,2016-04-19 17:23:50,2016-04-19 17:37:18,2,-73.9729995727539,40.744388580322266,-73.9476318359375,40.775150299072266,N,808,4.038391264112123,17
id2703285,1,2016-04-13 17:20:34,2016-04-13 17:34:49,1,-73.9859619140625,40.75185775756836,-73.98251342773438,40.768096923828125,N,855,1.8262249165026923,17
id0625023,2,2016-04-05 17:55:31,2016-04-05 18:38:54,6,-73.7902603149414,40.646587371826165,-73.98446655273438,40.74576568603516,N,2603,19.84167518952067,17
id0970288,2,2016-04-30 17:51:34,2016-04-30 18:09:19,3,-73.99783325195312,40.691036224365234,-73.9620590209961,40.66892623901367,N,1065,3.9076414826879184,17
id1140993,2,2016-05-12 17:37:40,2016-05-12 17:50:48,1,-73.96553039550781,40.767616271972656,-73.98223876953125,40.76670837402344,N,788,1.4237828035926956,17
id2587684,2,2016-02-05 17:32:56,2016-02-05 17:38:19,1,-73.99793243408203,40.7358283996582,-73.98999786376953,40.7310791015625,N,323,0.8560243394268247,17
id1246722,2,2016-04-18 17:21:24,2016-04-18 18:00:03,1,-73.86338043212889,40.76982879638672,-73.9825668334961,40.76440048217773,N,2319,10.148746741635263,17
id0691116,2,2016-05-24 17:06:09,2016-05-24 17:15:45,1,-73.95673370361328,40.77732467651367,-73.97902679443358,40.78206634521485,N,576,1.9666500600571657,17
id0385968,2,2016-02-23 17:17:05,2016-02-23 17:49:11,1,-73.97061920166014,40.79662322998047,-73.95729064941406,40.7620964050293,N,1926,3.996424373710759,17
id2052626,2,2016-05-02 17:50:10,2016-05-02 18:03:12,1,-73.97720336914062,40.761184692382805,-73.98140716552734,40.77289581298828,N,782,1.348150183728067,17
id3143037,2,2016-01-01 17:14:41,2016-01-01 17:21:52,1,-73.97361755371094,40.75775909423828,-73.9577865600586,40.77370071411133,N,431,2.2230457585596084,17
id0350561,2,2016-03-04 17:15:56,2016-03-04 17:34:30,3,-73.99408721923827,40.75125503540039,-73.98150634765625,40.780303955078125,N,1114,3.3971326586721724,17
id0464364,2,2016-03-26 17:56:44,2016-03-26 18:14:37,1,-73.9999771118164,40.758548736572266,-74.01717376708984,40.70534896850586,N,1073,6.083395085705448,17
id0529851,2,2016-06-23 17:03:39,2016-06-23 17:19:47,3,-73.97239685058595,40.78641128540039,-73.98371124267578,40.76058197021485,N,968,3.0240552764845425,17
id3122358,1,2016-02-16 17:37:03,2016-02-16 17:47:55,1,-73.99653625488281,40.76326751708984,-74.00875854492188,40.73170852661133,N,652,3.653853717988157,17
id2769011,2,2016-06-25 17:54:10,2016-06-25 18:27:25,1,-73.9735336303711,40.67879867553711,-74.0078582763672,40.73944854736328,N,1995,7.337166491164208,17
id3147508,2,2016-01-19 17:15:53,2016-01-19 17:49:03,1,-73.870849609375,40.77378845214844,-73.96598052978516,40.79225158691406,N,1990,8.34179493952001,17
id2273461,1,2016-02-18 17:04:13,2016-02-18 17:13:57,1,-73.95349884033203,40.76666259765625,-73.97453308105469,40.751361846923835,N,584,2.465994679253541,17
id1140951,1,2016-03-09 17:29:33,2016-03-09 17:50:13,1,-73.96880340576173,40.75740432739258,-73.99114990234375,40.75020599365234,N,1240,2.0606658483288545,17
id2129301,2,2016-02-15 17:14:12,2016-02-15 17:36:07,1,-73.99336242675781,40.72771072387695,-73.98644256591797,40.766937255859375,N,1315,4.3936937127915465,17
id1182084,2,2016-04-09 17:53:40,2016-04-09 18:00:20,1,-73.97284698486328,40.74920654296875,-73.96251678466798,40.75896835327149,N,400,1.3946705719079677,17
id3746993,1,2016-04-13 17:47:42,2016-04-13 17:53:47,1,-73.99401092529298,40.726612091064446,-73.98499298095702,40.724220275878906,N,365,0.8112007866489862,17
id2093051,2,2016-03-08 17:20:04,2016-03-08 17:43:37,2,-73.98030853271484,40.767532348632805,-73.93958282470702,40.80274200439453,N,1413,5.220905349749426,17
id1015989,2,2016-06-22 17:21:32,2016-06-22 17:49:57,6,-73.99387359619139,40.72695541381836,-73.96344757080078,40.76437759399414,N,1705,4.893164910180211,17
id2246210,2,2016-05-17 17:23:59,2016-05-17 17:32:42,1,-73.95548248291014,40.77954864501953,-73.94992065429686,40.794715881347656,N,523,1.7486803184602329,17
id3156080,2,2016-02-14 17:36:36,2016-02-14 18:12:23,1,-74.00457763671875,40.73775863647461,-73.7828826904297,40.644020080566406,N,2147,21.525858710428505,17
id0848359,2,2016-05-07 17:54:16,2016-05-07 18:08:43,3,-73.96229553222656,40.776466369628906,-73.98360443115233,40.76531219482422,N,867,2.193986002120962,17
id0828457,2,2016-06-27 17:45:42,2016-06-27 17:52:32,1,-74.00720977783203,40.743797302246094,-73.99478149414062,40.75026321411133,N,410,1.277147689107589,17
id0134469,1,2016-01-12 17:54:56,2016-01-12 18:19:31,1,-73.99463653564453,40.750396728515625,-73.95648956298828,40.774948120117195,N,1475,4.235622521385924,17
id3542052,2,2016-01-30 17:00:47,2016-01-30 17:04:35,5,-73.99655151367188,40.74271011352539,-74.00312042236328,40.73878860473633,N,228,0.7079816328749733,17
id3664349,1,2016-02-25 17:16:04,2016-02-25 17:20:52,1,-73.9880599975586,40.74810028076172,-73.99416351318358,40.73528671264648,N,288,1.5139705263404963,17
id3283854,2,2016-05-23 17:43:54,2016-05-23 17:57:05,1,-74.00408172607422,40.756732940673835,-74.01715850830078,40.71087265014648,N,791,5.210432080810032,17
id3689524,2,2016-03-17 17:35:07,2016-03-17 17:45:31,2,-73.97920227050781,40.76152038574219,-73.96414947509764,40.75801849365234,N,624,1.3372299820821172,17
id1981828,1,2016-04-10 17:13:11,2016-04-10 17:23:11,3,-74.00074005126953,40.737430572509766,-74.01307678222656,40.7143669128418,N,600,2.7665045529038275,17
id2027057,1,2016-03-09 17:09:28,2016-03-09 17:53:43,1,-73.98887634277344,40.76900100708008,-73.87235260009764,40.774517059326165,N,2655,9.923425232177271,17
id3685142,2,2016-03-06 17:14:25,2016-03-06 17:18:38,1,-74.00830078125,40.73553085327149,-74.00750732421875,40.740909576416016,N,253,0.6008355576092032,17
id0026521,2,2016-01-16 17:57:30,2016-01-16 18:08:56,6,-73.99038696289062,40.751068115234375,-74.00167083740233,40.72941970825195,N,686,2.5873169806528518,17
id2742399,2,2016-06-26 17:19:27,2016-06-26 17:23:58,1,-74.01081085205078,40.722900390625,-74.00891876220702,40.71464157104492,N,271,0.9307295737125661,17
id1790205,1,2016-02-09 17:24:22,2016-02-09 17:31:33,1,-73.98193359375,40.77346420288086,-73.96131896972656,40.770122528076165,N,431,1.7910727801975581,17
id3299599,2,2016-02-22 17:39:49,2016-02-22 17:44:54,1,-73.97609710693358,40.78644943237305,-73.96439361572266,40.80231094360352,N,305,2.02223407192994,17
id1690356,1,2016-01-13 17:07:07,2016-01-13 17:17:34,1,-73.95634460449219,40.781288146972656,-73.96287536621094,40.769092559814446,N,627,1.4631075210119078,17
id2483862,1,2016-02-25 17:31:38,2016-02-25 17:39:00,1,-73.96727752685547,40.79337310791016,-73.98353576660156,40.77521133422852,N,442,2.4441499514216884,17
id3736578,1,2016-06-07 17:45:16,2016-06-07 17:57:59,1,-73.98018646240233,40.73886489868164,-74.00387573242188,40.71849060058594,N,763,3.0280574091544543,17
id1446734,2,2016-04-20 17:07:28,2016-04-20 17:54:58,5,-74.00798797607422,40.712398529052734,-73.87062072753906,40.77387237548828,N,2850,13.523886216782088,17
id0373188,2,2016-04-06 17:37:58,2016-04-06 17:43:42,1,-73.96659088134764,40.789188385009766,-73.97545623779298,40.78216171264648,N,344,1.0845202510329732,17
id2041478,1,2016-04-08 17:33:57,2016-04-08 18:00:32,1,-73.95470428466798,40.773975372314446,-73.99137115478516,40.75007629394531,N,1595,4.092805216224082,17
id2989918,1,2016-04-23 17:15:03,2016-04-23 17:34:22,1,-73.94603729248048,40.77759552001953,-73.99580383300781,40.7326774597168,N,1159,6.538613379855016,17
id2547455,1,2016-03-26 17:17:46,2016-03-26 17:23:45,2,-73.97933197021484,40.78180694580078,-73.97840881347656,40.773334503173835,N,359,0.943709065159378,17
id2135421,1,2016-01-21 17:54:46,2016-01-21 18:06:30,4,-73.99706268310547,40.73744583129882,-73.98029327392578,40.76011657714844,N,704,2.8921098136856256,17
id3481094,1,2016-04-18 17:23:58,2016-04-18 17:27:22,1,-73.97256469726561,40.75851058959961,-73.98038482666014,40.759765625,N,204,0.6791521842681943,17
id2998278,1,2016-03-23 17:08:00,2016-03-23 17:25:16,2,-73.94618225097656,40.780437469482415,-73.97750854492188,40.752052307128906,N,1036,4.125215412928721,17
id1459637,2,2016-05-23 17:26:52,2016-05-23 17:40:36,1,-73.99114227294923,40.749561309814446,-73.97644805908203,40.75065994262695,N,824,1.254947331270378,17
id1063118,2,2016-04-25 17:47:22,2016-04-25 17:56:35,2,-73.95578002929686,40.772457122802734,-73.96150207519531,40.76472854614258,N,553,0.9861561520539537,17
id0855987,2,2016-03-19 17:11:07,2016-03-19 17:27:25,1,-73.9971923828125,40.72216796875,-73.9721450805664,40.74919509887695,N,978,3.6786951174347915,17
id0690462,1,2016-04-09 17:40:02,2016-04-09 17:51:11,1,-73.96824645996092,40.76240921020508,-73.97913360595702,40.7766227722168,N,669,1.8290798644030404,17
id1729808,2,2016-03-13 18:48:45,2016-03-13 18:59:29,2,-73.98448181152342,40.7247314453125,-74.00272369384764,40.73324966430664,N,644,1.816108130485539,18
id1886712,2,2016-04-04 18:31:22,2016-04-04 18:43:18,6,-73.97303009033203,40.7588996887207,-73.9622573852539,40.76757049560546,N,716,1.3284570561163087,18
id0136560,1,2016-02-19 18:54:51,2016-02-19 19:08:11,1,-73.99568176269531,40.71673583984375,-73.98352813720702,40.7259521484375,N,800,1.453877283329043,18
id3483574,2,2016-05-30 18:50:20,2016-05-30 19:05:08,6,-74.00849151611328,40.71648025512695,-73.99427032470702,40.72253036499024,N,888,1.3828218579200515,18
id2148974,1,2016-02-05 18:44:06,2016-02-05 18:54:36,1,-74.00111389160156,40.741310119628906,-73.98645782470702,40.73996353149414,N,630,1.254700684998242,18
id1467783,1,2016-04-21 18:25:49,2016-04-21 18:38:50,1,-74.00449371337889,40.73052597045898,-73.98899841308595,40.72248458862305,N,781,1.5910615140447169,18
id0431125,2,2016-06-18 18:40:42,2016-06-18 18:48:20,1,-74.00009918212889,40.727176666259766,-74.0055160522461,40.73897171020508,N,458,1.3878525405623336,18
id3442912,2,2016-01-16 18:49:03,2016-01-16 19:02:36,5,-73.98977661132812,40.733711242675774,-73.98768615722656,40.7506217956543,N,813,1.8854628625384897,18
id1744495,2,2016-04-03 18:08:45,2016-04-03 18:12:02,1,-73.98867797851561,40.737163543701165,-73.98040008544923,40.74026107788086,N,197,0.7831340283128748,18
id1407045,2,2016-03-23 18:38:05,2016-03-23 18:57:17,1,-73.95371246337889,40.77511978149414,-73.99105072021484,40.73400115966797,N,1152,5.559165521575984,18
id3661652,1,2016-03-20 18:34:31,2016-03-20 18:43:40,1,-73.99268341064453,40.74319839477539,-73.9883270263672,40.762554168701165,N,549,2.180167385508144,18
id0434382,1,2016-05-05 18:14:30,2016-05-05 18:36:56,1,-73.98873138427734,40.75355911254882,-73.98709106445312,40.722412109375,N,1346,3.460127629785855,18
id1183072,1,2016-02-11 18:01:33,2016-02-11 18:16:09,1,-73.95829772949219,40.76382827758789,-73.97026062011719,40.79399871826172,N,876,3.499890438547323,18
id0894103,1,2016-03-03 18:33:42,2016-03-03 19:12:33,1,-73.8851547241211,40.77298355102539,-73.99382019042967,40.75894165039063,N,2331,9.367151067798108,18
id1273274,2,2016-01-07 18:56:36,2016-01-07 19:11:06,1,-73.87097930908203,40.773731231689446,-73.7978515625,40.78630447387695,N,870,6.3706105796853745,18
id3337962,1,2016-05-23 18:19:11,2016-05-23 18:20:54,1,-73.95355987548828,40.78211212158203,-73.95918273925781,40.77434158325195,N,103,0.9860971000618585,18
id3533216,2,2016-03-04 18:38:16,2016-03-04 18:41:12,1,-73.9635467529297,40.76620864868164,-73.95508575439453,40.77733612060546,N,176,1.4292728517684383,18
id1391087,1,2016-05-12 18:13:13,2016-05-12 18:29:35,1,-73.98529815673827,40.778030395507805,-73.95106506347656,40.770782470703125,N,982,3.018983793288533,18
id2498532,1,2016-06-21 18:59:00,2016-06-21 19:10:55,1,-73.98882293701173,40.734317779541016,-74.00608825683594,40.743919372558594,N,715,1.8137225963387313,18
id3707212,2,2016-05-29 18:26:26,2016-05-29 18:35:07,1,-73.9698715209961,40.76319122314453,-73.97810363769531,40.753868103027344,N,521,1.2492278764675324,18
id2888734,2,2016-03-29 18:20:46,2016-03-29 18:36:06,1,-73.90435028076173,40.74161148071289,-73.84834289550781,40.723121643066406,N,920,5.184188198815364,18
id2573774,1,2016-01-29 18:21:39,2016-01-29 18:29:22,1,-73.99205780029298,40.75432968139648,-73.9835205078125,40.765724182128906,N,463,1.4581801781320205,18
id1105521,1,2016-02-03 18:56:38,2016-02-03 19:19:37,1,-73.9690704345703,40.78579330444336,-73.96638488769531,40.76190185546875,N,1379,2.6617571467176937,18
id2389849,1,2016-01-28 18:59:25,2016-01-28 19:16:32,1,-73.94108581542967,40.792774200439446,-73.97530364990233,40.75211334228516,N,1027,5.369342657630833,18
id2218107,2,2016-02-09 18:04:53,2016-02-09 18:20:57,2,-73.87310791015625,40.773880004882805,-73.93991088867188,40.75138092041016,N,964,6.203189321377394,18
id2756781,2,2016-04-19 18:26:56,2016-04-19 18:34:00,2,-73.96324157714845,40.76588821411133,-73.94800567626953,40.771270751953125,N,424,1.4262254606640188,18
id2104186,2,2016-01-30 18:13:54,2016-01-30 18:25:23,1,-73.97420501708984,40.74309158325195,-73.9842758178711,40.72559356689453,N,689,2.1225498374332354,18
id2887127,1,2016-02-19 18:18:05,2016-02-19 18:24:14,1,-73.99382019042967,40.7415428161621,-74.00209045410156,40.73287582397461,N,369,1.191504818716183,18
id0435575,1,2016-05-19 18:07:49,2016-05-19 18:19:40,1,-73.96117401123048,40.77172470092773,-73.97364807128906,40.75936126708984,N,711,1.7342277699628963,18
id2114646,2,2016-04-08 18:47:34,2016-04-08 19:14:09,1,-73.97611236572266,40.76042556762695,-73.9872055053711,40.7205467224121,N,1595,4.525864915008188,18
id1563786,1,2016-01-03 18:07:42,2016-01-03 18:19:32,1,-73.99771118164062,40.72127532958984,-73.99147033691406,40.74909973144531,N,710,3.133733514760899,18
id1147247,2,2016-06-10 18:20:28,2016-06-10 18:30:05,1,-73.99700164794923,40.737171173095696,-73.9808349609375,40.725547790527344,N,577,1.8849252289385698,18
id0821484,1,2016-03-02 18:55:19,2016-03-02 19:03:02,1,-73.9690704345703,40.757598876953125,-73.96910858154298,40.76423645019531,N,463,0.7367777648766854,18
id1285086,1,2016-06-09 18:28:22,2016-06-09 19:04:08,1,-74.00370788574217,40.731887817382805,-73.98340606689453,40.78489303588867,N,2146,6.131426314117541,18
id3528222,2,2016-05-04 18:39:48,2016-05-04 18:48:10,1,-73.96624755859375,40.75837707519531,-73.95368194580078,40.77019882202149,N,502,1.6919497563362504,18
id0928208,2,2016-05-29 18:47:12,2016-05-29 19:01:14,1,-73.99707794189453,40.722461700439446,-73.9876251220703,40.75059509277344,N,842,3.2245180131193343,18
id1426578,1,2016-06-11 18:29:15,2016-06-11 18:34:43,2,-74.013427734375,40.70229721069336,-74.00444030761719,40.70575714111328,N,328,0.8550363402793111,18
id3332451,2,2016-03-12 18:59:00,2016-03-12 19:09:33,5,-73.99430084228516,40.741069793701165,-73.97805023193358,40.73413848876953,N,633,1.5811174969622979,18
id3753213,2,2016-05-09 18:38:12,2016-05-09 18:53:15,1,-73.97899627685547,40.77712631225586,-73.95371246337889,40.76709747314453,N,903,2.4203205105789904,18
id1505285,2,2016-02-06 18:55:20,2016-02-06 19:08:20,2,-73.98055267333984,40.75103378295898,-73.98262786865233,40.767311096191406,N,780,1.8153716856798305,18
id1791294,2,2016-03-30 18:15:47,2016-03-30 18:30:54,2,-73.97672271728516,40.75048065185546,-74.00257873535155,40.73387145996094,N,907,2.868639325395008,18
id2620487,1,2016-05-18 18:57:05,2016-05-18 19:02:58,1,-73.98143768310547,40.77864456176758,-73.97489929199217,40.787845611572266,N,353,1.1627382487482072,18
id3269376,2,2016-04-15 18:59:27,2016-04-15 19:09:11,1,-73.95951080322266,40.77521133422852,-73.98239135742188,40.77345657348633,N,584,1.9545764019258371,18
id2481713,1,2016-04-15 18:54:57,2016-04-15 19:07:22,1,-73.97071838378906,40.75159454345703,-73.97964477539062,40.7326774597168,N,745,2.232674596855651,18
id0048090,2,2016-06-24 18:06:14,2016-06-24 18:23:21,6,-73.98320007324217,40.7815818786621,-73.976806640625,40.76346969604492,N,1027,2.082605889754713,18
id2982870,2,2016-04-17 18:58:55,2016-04-17 19:03:24,1,-73.98892211914062,40.7777099609375,-73.97648620605469,40.78561019897461,N,269,1.3734482789646072,18
id0693119,2,2016-05-31 18:02:42,2016-05-31 19:01:23,1,-73.7893295288086,40.64175033569336,-74.00572967529298,40.733028411865234,N,3521,20.99986694999394,18
id1013629,2,2016-03-13 18:36:13,2016-03-13 18:44:14,1,-74.0012435913086,40.72914123535156,-73.98848724365233,40.722759246826165,N,481,1.2951893371185237,18
id3651411,1,2016-04-11 18:30:55,2016-04-11 18:55:48,2,-73.99816131591797,40.72273254394531,-73.97401428222656,40.76433181762695,N,1493,5.053140874060271,18
id0918048,2,2016-04-25 18:43:22,2016-04-25 18:53:01,1,-73.98233795166014,40.731609344482415,-73.95665740966798,40.766948699951165,N,579,4.489114031319847,18
id2719033,2,2016-03-17 18:05:46,2016-03-17 18:33:24,1,-73.97709655761719,40.78845977783203,-73.94319915771484,40.777168273925774,N,1658,3.1420808759477805,18
id1222162,1,2016-01-12 18:20:39,2016-01-12 18:31:23,2,-73.98947143554686,40.75699234008789,-73.99005126953125,40.751171112060554,N,644,0.6480332376597961,18
id1346054,1,2016-02-05 18:59:22,2016-02-05 19:12:37,1,-73.98214721679686,40.778541564941406,-73.96289825439453,40.762638092041016,N,795,2.4069188431648874,18
id2903427,1,2016-02-03 18:34:44,2016-02-03 18:41:12,1,-73.9856185913086,40.73532485961913,-73.98432922363281,40.72564315795898,N,388,1.0802428196396916,18
id2982491,2,2016-02-09 18:37:30,2016-02-09 18:55:53,1,-74.00994873046875,40.72079086303711,-73.97779846191406,40.78289794921875,N,1103,7.415775031101689,18
id3160313,2,2016-06-01 18:40:35,2016-06-01 18:44:30,1,-73.9816665649414,40.77909469604492,-73.98387145996092,40.77058792114258,N,235,0.9626716221203078,18
id2059138,1,2016-05-10 18:01:52,2016-05-10 18:16:25,1,-73.98793029785155,40.75998306274414,-73.99678039550781,40.74063873291016,N,873,2.27518107100369,18
id3121319,1,2016-05-08 18:17:57,2016-05-08 18:33:50,1,-73.97129058837889,40.75121688842773,-74.01605224609375,40.710819244384766,N,953,5.880778124231768,18
id1323270,2,2016-03-19 18:14:18,2016-03-19 18:16:44,1,-73.99140930175781,40.73248291015625,-74.00000762939453,40.73790740966797,N,146,0.9469429880586008,18
id0683787,2,2016-05-18 18:03:18,2016-05-18 18:26:24,2,-74.00630187988281,40.71097946166992,-73.99274444580078,40.72264099121094,N,1386,1.7330702494038748,18
id1244979,1,2016-01-08 18:09:39,2016-01-08 18:31:49,1,-73.97065734863281,40.7554931640625,-73.97605895996092,40.79145050048828,N,1330,4.017586067339904,18
id1504537,2,2016-04-27 18:19:47,2016-04-27 18:42:25,2,-73.94320678710938,40.77725982666016,-73.99200439453125,40.73788833618164,N,1358,6.025211591241911,18
id1646662,2,2016-05-02 18:25:11,2016-05-02 18:34:31,1,-73.9704818725586,40.7551383972168,-73.98133850097656,40.74692535400391,N,560,1.2971839904106528,18
id1971705,1,2016-01-19 18:23:58,2016-01-19 18:29:47,1,-73.99415588378906,40.766597747802734,-73.98320770263672,40.761112213134766,N,349,1.1120971728615348,18
id0089919,1,2016-01-30 18:10:58,2016-01-30 18:13:23,2,-73.97769165039062,40.74225616455078,-73.97079467773438,40.74745941162109,N,145,0.8229559643181522,18
id1905446,2,2016-03-30 18:25:18,2016-03-30 18:43:40,2,-73.97811889648438,40.75241088867188,-73.97805786132812,40.7630271911621,N,1102,1.1784209965066228,18
id2326129,2,2016-01-19 18:48:25,2016-01-19 19:01:10,1,-73.98504638671875,40.7476806640625,-73.98329162597656,40.72365188598633,N,765,2.6713616194686156,18
id3370333,2,2016-05-17 18:46:13,2016-05-17 18:54:09,1,-73.97083282470702,40.75157928466797,-73.98200988769531,40.736289978027344,N,476,1.9449391599409607,18
id0509811,2,2016-02-25 18:59:30,2016-02-25 19:05:47,1,-74.0130386352539,40.7159538269043,-74.00320434570312,40.72301483154297,N,377,1.145884385880696,18
id2791507,2,2016-02-22 18:17:05,2016-02-22 18:29:00,3,-73.98921203613281,40.773231506347656,-73.96427154541014,40.75983810424805,N,715,2.5892727764811156,18
id1039584,1,2016-05-06 18:18:57,2016-05-06 18:25:31,1,-73.99261474609375,40.7481803894043,-73.99559020996092,40.73312759399414,N,394,1.6898934341285217,18
id1173726,2,2016-03-10 18:59:20,2016-03-10 19:02:02,1,-73.98908233642578,40.76119995117188,-73.99156188964845,40.762203216552734,N,162,0.23837413370590002,18
id1784214,2,2016-05-18 18:05:11,2016-05-18 18:10:59,1,-73.97869110107422,40.78578567504882,-73.97999572753906,40.775745391845696,N,348,1.1199749521472258,18
id2618728,1,2016-06-27 18:49:34,2016-06-27 18:55:55,2,-74.00880432128906,40.71856689453125,-74.00154876708984,40.73918533325195,N,381,2.3702847646301857,18
id2628972,2,2016-06-03 18:39:01,2016-06-03 19:00:50,1,-73.9769287109375,40.78500747680664,-73.98004150390625,40.77588272094727,N,1309,1.0468368367625938,18
id2245078,2,2016-02-21 18:42:41,2016-02-21 19:21:27,1,-73.98977661132812,40.756568908691406,-73.89823150634764,40.75376892089844,N,2326,7.7875383417537165,18
id3970433,1,2016-06-18 18:16:22,2016-06-18 18:21:52,2,-73.9683837890625,40.786785125732415,-73.97803497314453,40.773685455322266,N,330,1.6695135819636828,18
id0270921,2,2016-04-06 18:56:10,2016-04-06 19:04:48,2,-73.96107482910156,40.76901245117188,-73.95320892333984,40.76829528808594,N,518,0.6733242852020235,18
id3318879,1,2016-04-02 18:21:28,2016-04-02 18:29:06,1,-73.96952819824217,40.76116943359375,-73.95960998535155,40.77661895751953,N,458,1.910916624687822,18
id2821339,2,2016-05-16 18:02:19,2016-05-16 18:34:33,2,-73.96142578125,40.7739486694336,-73.99382019042967,40.75665664672852,N,1934,3.3564938278167964,18
id2788951,1,2016-02-26 18:08:49,2016-02-26 18:20:44,2,-73.9683837890625,40.76808547973633,-73.9755859375,40.78786849975586,N,715,2.2796515566497297,18
id2340689,2,2016-05-08 18:59:20,2016-05-08 19:11:35,2,-73.98105621337889,40.733501434326165,-74.00315856933594,40.73141098022461,N,735,1.892975806206826,18
id3549023,1,2016-03-13 18:18:22,2016-03-13 18:40:52,1,-73.86343383789062,40.77012634277344,-73.94788360595702,40.77632522583008,N,1350,7.211132965217395,18
id2035842,1,2016-05-23 18:04:50,2016-05-23 18:21:50,1,-73.98519134521484,40.748092651367195,-73.96336364746092,40.75773620605469,N,1020,2.14200134956824,18
id3288578,1,2016-01-04 18:47:34,2016-01-04 18:51:20,1,-73.95338439941406,40.77162170410156,-73.95574188232422,40.77867889404297,N,226,0.8085720672239936,18
id2324174,1,2016-05-31 18:38:56,2016-05-31 19:05:38,1,-73.95645141601561,40.779762268066406,-73.99813079833984,40.737064361572266,N,1602,5.917230193303966,18
id2486295,2,2016-06-28 18:25:39,2016-06-28 18:37:41,1,-73.98281860351561,40.75104141235352,-73.99475860595702,40.74549102783203,N,722,1.1872626600277305,18
id1027302,1,2016-01-11 18:04:37,2016-01-11 18:11:19,1,-73.94976806640625,40.772159576416016,-73.95248413085938,40.78331756591797,N,402,1.2598699774661475,18
id2865055,1,2016-04-04 18:59:51,2016-04-04 19:09:22,1,-73.97024536132812,40.7609748840332,-73.95864868164062,40.76884460449219,N,571,1.3170838479892577,18
id2319032,2,2016-04-09 18:22:51,2016-04-09 18:26:49,1,-73.97824859619139,40.78847885131836,-73.98229217529298,40.78057861328125,N,238,0.941877138036258,18
id3076104,1,2016-02-12 18:38:30,2016-02-12 18:42:07,1,-73.94995880126953,40.780323028564446,-73.94662475585938,40.7740478515625,N,217,0.7519883811426095,18
id1378596,2,2016-02-19 18:00:42,2016-02-19 18:07:29,1,-73.97833251953125,40.74160003662109,-73.98966217041014,40.73833847045898,N,407,1.0288229439479288,18
id0022612,1,2016-05-28 18:27:03,2016-05-28 18:38:53,1,-73.97757720947266,40.73826599121094,-73.99094390869139,40.75075149536133,N,710,1.7920866990080475,18
id2848900,2,2016-01-06 18:01:42,2016-01-06 18:58:14,1,-73.78996276855469,40.646968841552734,-73.9661407470703,40.79477310180664,N,3392,22.213064937196144,18
id2040699,2,2016-06-22 18:56:58,2016-06-22 19:21:20,2,-73.974853515625,40.75241088867188,-73.98467254638672,40.76321029663086,N,1462,1.460667807940737,18
id0150604,2,2016-01-05 18:22:48,2016-01-05 19:19:28,4,-73.98592376708984,40.7598876953125,-73.7861099243164,40.643646240234375,N,3400,21.329429033504486,18
id2509971,1,2016-03-04 18:14:50,2016-03-04 18:20:28,1,-73.95602416992188,40.7678337097168,-73.95913696289062,40.759307861328125,N,338,0.9826602167423406,18
id1916592,2,2016-04-28 18:54:57,2016-04-28 19:19:45,1,-73.96527099609375,40.76266860961913,-73.99188995361328,40.726272583007805,N,1488,4.6304080432732935,18
id1612764,2,2016-02-12 18:12:03,2016-02-12 18:27:46,5,-73.97946166992188,40.74940490722656,-73.96196746826173,40.75567626953125,N,943,1.6418815380024991,18
id1612288,2,2016-02-26 18:56:35,2016-02-26 19:03:06,1,-73.97907257080078,40.73608016967773,-73.98084259033203,40.72985076904297,N,391,0.7076421645308197,18
id0651217,2,2016-03-06 18:41:30,2016-03-06 18:46:26,1,-73.97040557861328,40.7584342956543,-73.98101043701173,40.74466323852539,N,296,1.7745772993698754,18
id3519971,2,2016-01-19 18:35:50,2016-01-19 19:02:16,1,-73.98873901367188,40.73672866821289,-73.98123931884764,40.76335906982422,N,1586,3.0239310322989246,18
id3115032,1,2016-02-20 18:46:22,2016-02-20 19:18:27,2,-73.97632598876953,40.75407409667969,-73.89495849609375,40.86871337890625,N,1925,14.483057269526421,18
id1084184,2,2016-03-05 18:59:36,2016-03-05 19:02:40,1,-73.99295043945312,40.767669677734375,-73.98654174804686,40.762428283691406,N,184,0.7970103168037685,18
id3147349,2,2016-05-11 18:44:53,2016-05-11 18:54:00,1,-73.98118591308595,40.75314712524414,-74.00028991699219,40.74259185791016,N,547,2.0023948744975386,18
id3320916,2,2016-03-03 18:22:13,2016-03-03 18:24:04,5,-73.97692108154298,40.75445556640625,-73.97765350341797,40.75460815429688,N,111,0.06451870009882425,18
id3708444,2,2016-02-27 18:42:42,2016-02-27 18:46:00,1,-73.98876190185547,40.768867492675774,-73.98088836669923,40.7781982421875,N,198,1.2331253139971525,18
id2208992,2,2016-03-21 18:17:46,2016-03-21 18:24:16,5,-73.9937973022461,40.74156188964844,-73.99617004394531,40.75862884521485,N,390,1.9051375042745182,18
id1954604,2,2016-06-06 18:36:35,2016-06-06 18:38:45,5,-73.97408294677734,40.791690826416016,-73.97943878173827,40.784610748291016,N,130,0.9082234853332821,18
id2114213,1,2016-05-24 18:43:27,2016-05-24 18:43:52,1,-74.000732421875,40.6770133972168,-74.00140380859375,40.677284240722656,N,25,0.06450243180582484,18
id2039931,1,2016-01-06 18:45:19,2016-01-06 18:48:34,1,-74.00407409667967,40.72576522827149,-73.99736022949219,40.73658752441406,N,195,1.3299381597634525,18
id0286558,1,2016-04-05 18:54:25,2016-04-05 19:01:30,1,-73.97193908691406,40.78187561035156,-73.9822769165039,40.77162170410156,N,425,1.4379161483284253,18
id2036883,1,2016-06-02 18:32:19,2016-06-02 18:44:17,1,-73.99415588378906,40.724754333496094,-74.01396179199219,40.71777725219727,N,718,1.8530951895599017,18
id3304518,1,2016-03-10 18:34:31,2016-03-10 18:38:37,1,-73.97061920166014,40.76479721069336,-73.96253204345702,40.7706298828125,N,246,0.9442942245533432,18
id2767114,1,2016-02-13 18:18:14,2016-02-13 18:50:28,1,-73.98217010498048,40.76217651367188,-73.99736785888672,40.719402313232415,N,1934,4.920535471562287,18
id0086356,1,2016-04-27 18:28:58,2016-04-27 18:40:24,1,-73.97897338867188,40.753231048583984,-73.96337127685547,40.754539489746094,N,686,1.3341086368953352,18
id1473736,1,2016-01-19 18:52:55,2016-01-19 18:55:24,2,-73.97570037841797,40.781829833984375,-73.97927856445312,40.77400207519531,N,149,0.9205755046350209,18
id0573323,1,2016-06-08 18:54:57,2016-06-08 18:57:56,1,-73.9930191040039,40.72527694702149,-73.98849487304686,40.724151611328125,N,179,0.4043379567293394,18
id1212107,2,2016-02-15 18:03:45,2016-02-15 18:19:30,2,-73.97675323486328,40.743511199951165,-73.99024200439453,40.757171630859375,N,945,1.900988115515229,18
id3196786,2,2016-06-23 18:15:38,2016-06-23 18:26:29,1,-73.9703826904297,40.76198959350586,-73.9822006225586,40.77894973754882,N,651,2.1338137885171697,18
id3489455,1,2016-01-09 18:25:12,2016-01-09 18:33:41,1,-73.98198699951173,40.77212524414063,-73.96694946289062,40.78870391845703,N,509,2.2405865708819617,18
id1168773,1,2016-02-09 18:54:19,2016-02-09 19:22:38,1,-73.87308502197266,40.77397918701172,-73.96434020996092,40.77475738525391,N,1699,7.757171936278422,18
id0905215,2,2016-04-11 18:50:50,2016-04-11 19:30:43,2,-73.7767105102539,40.645366668701165,-73.94731903076173,40.77571105957031,N,2393,20.484862941488384,18
id1927290,1,2016-04-08 18:43:03,2016-04-08 19:04:13,1,-73.9654998779297,40.80603790283203,-74.0022735595703,40.745361328125,N,1270,7.425090111797566,18
id0328543,2,2016-06-05 18:40:50,2016-06-05 18:51:56,1,-73.9795379638672,40.72737121582031,-74.0118637084961,40.70328521728516,N,666,3.8337499009039906,18
id3536875,2,2016-06-13 18:15:44,2016-06-13 18:35:32,1,-73.98038482666014,40.74845123291016,-74.00421905517578,40.73472595214844,N,1188,2.5348333331773776,18
id1437636,2,2016-02-25 18:35:19,2016-02-25 18:54:48,1,-74.00700378417967,40.73566055297852,-73.98274993896483,40.76258850097656,N,1169,3.6310099694659597,18
id3659191,2,2016-02-10 18:19:43,2016-02-10 18:27:38,6,-73.9922332763672,40.75495910644531,-73.98450469970702,40.77170181274414,N,475,1.9711307540296752,18
id0272660,1,2016-03-04 18:32:20,2016-03-04 18:49:56,1,-73.97855377197266,40.76239776611328,-73.9090347290039,40.74287796020508,N,1056,6.293827567219221,18
id0652250,1,2016-01-08 18:51:15,2016-01-08 18:57:24,1,-73.98210906982422,40.7784309387207,-73.96778869628906,40.78815078735352,N,369,1.6265562534310605,18
id3029127,1,2016-01-04 18:09:11,2016-01-04 18:18:28,3,-74.00814819335938,40.74877166748047,-74.00184631347656,40.734954833984375,N,557,1.624521632349874,18
id1928617,2,2016-04-15 18:51:52,2016-04-15 19:03:03,1,-74.01690673828125,40.70728302001953,-74.0086441040039,40.7192611694336,N,671,1.5036713259733168,18
id0094296,2,2016-03-01 18:08:36,2016-03-01 18:19:26,1,-73.96884918212889,40.80077362060546,-73.98062896728516,40.78005599975586,N,650,2.5081830961115705,18
id1969119,2,2016-03-03 18:35:19,2016-03-03 18:48:36,1,-73.96858978271484,40.76824951171875,-73.98136901855469,40.78398895263672,N,797,2.05722821073725,18
id3599915,1,2016-04-10 18:04:25,2016-04-10 18:09:31,1,-73.95330810546875,40.77961730957031,-73.95986938476561,40.7793083190918,N,306,0.5587623715269329,18
id0340668,1,2016-05-31 18:06:41,2016-05-31 18:23:10,1,-73.97380828857422,40.7496223449707,-73.96971130371094,40.76241683959961,N,989,1.462262017016439,18
id2045000,1,2016-02-08 18:30:32,2016-02-08 18:58:47,2,-73.96390533447266,40.75480651855469,-73.95526885986328,40.78802490234375,N,1695,3.759607234597204,18
id3362485,1,2016-04-17 18:41:50,2016-04-17 18:49:26,2,-73.96366882324217,40.777050018310554,-73.95458221435547,40.76738739013672,N,456,1.3217071872707145,18
id1586337,1,2016-06-02 18:14:06,2016-06-02 18:47:23,1,-73.99668121337889,40.737838745117195,-73.97336578369139,40.64143753051758,N,1997,10.882509929257665,18
id1921042,1,2016-02-14 18:48:33,2016-02-14 18:53:28,2,-73.97286987304686,40.75583267211913,-73.98318481445312,40.742183685302734,N,295,1.7504469156531053,18
id3175076,2,2016-02-11 18:08:00,2016-02-11 18:11:27,1,-73.94618225097656,40.7220573425293,-73.941650390625,40.719757080078125,N,207,0.46214528994308673,18
id1555084,2,2016-01-30 18:23:24,2016-01-30 18:42:33,1,-73.95260620117188,40.78094100952149,-73.98619079589844,40.752708435058594,N,1149,4.239110684760412,18
id3784913,2,2016-05-22 18:43:35,2016-05-22 18:51:57,1,-74.00495147705078,40.72306823730469,-74.0076904296875,40.74074935913086,N,502,1.9763647088059533,18
id1179204,1,2016-03-19 18:51:38,2016-03-19 19:06:12,4,-73.95989227294923,40.782241821289055,-73.98475646972656,40.748416900634766,N,874,4.308534162310261,18
id0407938,2,2016-04-05 18:32:27,2016-04-05 18:43:24,1,-74.00251770019531,40.75519180297852,-73.98136901855469,40.73404312133789,N,657,2.956733942204118,18
id0413252,1,2016-03-06 18:24:26,2016-03-06 18:43:47,1,-73.99017333984375,40.73700714111328,-73.99027252197266,40.71257019042969,N,1161,2.712514626855413,18
id2212745,2,2016-02-10 18:45:19,2016-02-10 18:49:09,2,-73.97989654541014,40.781131744384766,-73.96900939941406,40.791778564453125,N,230,1.5010073578373018,18
id3678171,1,2016-03-19 18:10:17,2016-03-19 18:13:14,1,-73.97013854980467,40.761417388916016,-73.96920013427734,40.75697326660156,N,177,0.49970491855305754,18
id3403833,2,2016-02-12 18:03:07,2016-02-12 18:17:15,1,-73.9811248779297,40.78241729736328,-73.97777557373048,40.76223373413086,N,848,2.258391318893761,18
id1132142,1,2016-01-22 18:20:11,2016-01-22 19:06:50,2,-73.98078155517578,40.751510620117195,-73.84475708007811,40.723724365234375,N,2799,11.966388373197047,18
id1954592,2,2016-06-20 18:54:00,2016-06-20 19:00:38,1,-73.98419952392578,40.7547607421875,-73.9768295288086,40.76504135131836,N,398,1.301789905611664,18
id2864250,2,2016-03-15 18:19:20,2016-03-15 18:29:19,5,-73.9935073852539,40.74713516235352,-74.00991821289062,40.71971130371094,N,599,3.348437380317637,18
id1580109,1,2016-04-09 18:33:41,2016-04-09 18:39:49,1,-73.97820281982422,40.786354064941406,-73.98226165771484,40.77154159545898,N,368,1.679990249450043,18
id0830009,1,2016-01-29 18:07:18,2016-01-29 18:25:13,1,-73.97473907470702,40.742141723632805,-74.00433349609375,40.72858810424805,N,1075,2.931082600951391,18
id0512499,1,2016-04-30 18:01:54,2016-04-30 18:16:36,3,-73.98029327392578,40.72206115722656,-74.00386047363281,40.7373046875,N,882,2.6221803968490462,18
id1941691,1,2016-04-29 18:28:00,2016-04-29 18:37:37,2,-73.98281860351561,40.73559188842773,-73.99857330322266,40.74504089355469,N,577,1.7009955197918318,18
id2009504,2,2016-01-28 18:23:12,2016-01-28 18:37:33,6,-73.98091888427734,40.72983169555664,-73.99311065673827,40.72148895263672,N,861,1.3897760271802748,18
id1071493,1,2016-06-18 18:57:56,2016-06-18 19:11:02,1,-73.98661041259764,40.75696563720703,-74.00128936767578,40.75638961791992,N,786,1.2493483415972748,18
id3186992,1,2016-02-02 18:23:49,2016-02-02 18:29:57,1,-73.97671508789062,40.74402618408203,-73.98748779296875,40.7325553894043,N,368,1.5683291123285272,18
id0877829,2,2016-05-06 18:26:10,2016-05-06 18:39:29,1,-73.98103332519531,40.74454116821289,-74.00421905517578,40.74253082275391,N,799,1.983380138602462,18
id0470827,2,2016-02-05 18:45:17,2016-02-05 19:04:30,1,-73.99472045898438,40.75032043457031,-73.9619598388672,40.7952995300293,N,1153,5.716742102183219,18
id0193905,2,2016-01-27 18:52:30,2016-01-27 19:12:11,1,-73.98172760009764,40.76789474487305,-73.95818328857422,40.81145858764648,N,1181,5.233351200109695,18
id3862416,2,2016-03-21 18:35:23,2016-03-21 18:40:52,2,-73.9889144897461,40.72695159912109,-73.99230194091797,40.73079681396485,N,329,0.5148591482466154,18
id2555031,1,2016-05-28 18:28:55,2016-05-28 18:50:00,1,-73.95484161376953,40.76549530029297,-74.00125122070312,40.72772216796875,N,1265,5.756847929931927,18
id0229771,1,2016-04-21 18:03:11,2016-04-21 18:07:54,2,-73.97206115722656,40.786617279052734,-73.97991180419923,40.77091598510742,N,283,1.8662261022359405,18
id1988333,2,2016-05-13 18:00:43,2016-05-13 18:10:45,6,-73.97920989990233,40.76128387451172,-73.96196746826173,40.77968597412109,N,602,2.514031179647633,18
id2378265,2,2016-04-14 18:17:20,2016-04-14 18:55:10,1,-73.97489166259764,40.75606155395508,-73.99651336669923,40.68613052368164,N,2270,7.976945759896877,18
id3108686,2,2016-04-01 18:45:24,2016-04-01 18:48:48,1,-73.96584320068358,40.79220581054688,-73.96867370605469,40.79179382324219,N,204,0.24490050566610733,18
id3659339,1,2016-05-19 18:49:31,2016-05-19 18:55:48,2,-73.94827270507811,40.77629852294922,-73.9617691040039,40.77971267700195,N,377,1.2081692591129858,18
id3604331,2,2016-02-27 18:33:59,2016-02-27 18:36:23,1,-74.0027847290039,40.73078918457031,-73.99822998046875,40.72971725463867,N,144,0.4050249065325917,18
id1419800,2,2016-02-04 18:17:16,2016-02-04 18:31:28,5,-74.01524353027342,40.70826721191406,-73.96805572509764,40.751197814941406,N,852,6.22863408823577,18
id2220031,1,2016-05-03 18:42:06,2016-05-03 18:49:23,1,-73.98699951171875,40.73936462402344,-73.98372650146483,40.73014831542969,N,437,1.060164367718855,18
id0687624,1,2016-03-25 18:31:49,2016-03-25 18:58:19,1,-73.99318695068358,40.74059295654297,-73.96294403076173,40.77334976196289,N,1590,4.452950416808631,18
id0822625,1,2016-06-03 18:10:54,2016-06-03 18:24:18,1,-73.96862030029298,40.764404296875,-73.97982788085938,40.75490188598633,N,804,1.4212902456187477,18
id1893502,1,2016-04-17 18:20:50,2016-04-17 19:24:47,2,-73.78343963623048,40.6485595703125,-74.01631927490233,40.71649169921875,N,3837,21.182339891542444,18
id2495723,2,2016-06-18 18:20:12,2016-06-18 18:25:44,1,-73.97750854492188,40.742290496826165,-73.9640121459961,40.755958557128906,N,332,1.9020547385562376,18
id2048876,2,2016-03-20 18:52:34,2016-03-20 19:01:16,1,-73.95973205566406,40.76708984375,-73.98135375976561,40.73733901977539,N,522,3.7793032180391424,18
id1538456,2,2016-06-14 18:19:22,2016-06-14 18:35:52,1,-73.96024322509764,40.77888870239258,-73.9632568359375,40.79848098754882,N,990,2.1897776877530157,18
id1974142,1,2016-06-08 18:54:47,2016-06-08 19:07:27,1,-73.99310302734375,40.73671722412109,-74.01033020019531,40.71914291381836,N,760,2.439184774760762,18
id0793630,2,2016-06-30 18:20:06,2016-06-30 18:28:02,1,-74.01354217529298,40.71361923217773,-74.00540161132812,40.7200584411621,N,476,0.9948178984278903,18
id3278375,2,2016-04-28 18:32:42,2016-04-28 18:39:04,2,-73.98638153076173,40.76026153564453,-73.98270416259764,40.771671295166016,N,382,1.3044860697438927,18
id3081047,2,2016-03-28 18:10:44,2016-03-28 18:31:57,1,-73.99488830566406,40.73744583129882,-73.96486663818358,40.77254867553711,N,1273,4.657676634699097,18
id3616755,1,2016-03-10 18:24:24,2016-03-10 18:30:27,1,-73.99604034423827,40.73841857910156,-73.98959350585938,40.74559783935546,N,363,0.9671244531697571,18
id1123274,2,2016-01-28 18:44:23,2016-01-28 18:55:24,2,-73.97096252441406,40.79631042480469,-73.97457122802734,40.779052734375,N,661,1.9400068572118483,18
id2082614,2,2016-04-25 18:23:04,2016-04-25 18:40:51,1,-73.9685821533203,40.75924301147461,-73.9856185913086,40.75299453735352,N,1067,1.6056275008273901,18
id0592141,2,2016-06-06 18:00:25,2016-06-06 18:05:05,1,-73.98326873779298,40.77123260498047,-73.98583984375,40.76166915893555,N,280,1.0838053263114713,18
id2416944,1,2016-03-23 18:16:59,2016-03-23 18:31:15,1,-73.98816680908203,40.73771667480469,-73.96527099609375,40.77192306518555,N,856,4.26661427259005,18
id3635815,1,2016-03-05 18:49:37,2016-03-05 18:58:52,1,-73.96698760986328,40.78909683227539,-73.97205352783203,40.76519012451172,N,555,2.688354222820394,18
id0864155,1,2016-06-04 18:28:08,2016-06-04 18:40:29,2,-73.98204803466798,40.77560424804688,-73.95906066894531,40.800880432128906,N,741,3.418996222846929,18
id0021056,1,2016-02-23 18:26:21,2016-02-23 18:45:01,1,-73.991455078125,40.75411224365234,-73.96392822265625,40.77336120605469,N,1120,3.168563007923629,18
id3511366,2,2016-02-12 18:38:32,2016-02-12 18:56:56,1,-73.99777221679686,40.75128173828125,-74.00968170166014,40.724170684814446,N,1104,3.175029522736763,18
id1689678,2,2016-02-10 18:33:29,2016-02-10 18:42:52,5,-73.97492218017578,40.751079559326165,-73.99381256103516,40.74990081787109,N,563,1.611004366106322,18
id3191402,2,2016-05-15 18:22:13,2016-05-15 18:41:34,1,-74.00081634521484,40.74722290039063,-73.99752044677734,40.71913146972656,N,1161,3.1307086658815595,18
id1350016,2,2016-05-06 18:18:57,2016-05-06 18:32:30,1,-73.98331451416014,40.7388916015625,-74.00303649902342,40.75537109375,N,813,2.4811834196680036,18
id2833944,1,2016-02-02 18:19:14,2016-02-02 18:25:30,1,-73.95332336425781,40.76490783691406,-73.96057891845702,40.76008605957031,N,376,0.816580491751516,18
id2071311,2,2016-05-12 18:22:47,2016-05-12 19:33:39,1,-73.7818832397461,40.64468002319336,-73.98416900634764,40.76445007324219,N,4252,21.734458687504617,18
id1739960,1,2016-01-01 18:15:32,2016-01-01 18:22:29,4,-73.99600982666014,40.72259521484375,-73.98348236083984,40.72685241699219,N,417,1.164978834970157,18
id0015217,1,2016-03-18 18:23:04,2016-03-18 18:30:41,1,-74.00444030761719,40.7471923828125,-73.98892211914062,40.7498893737793,N,457,1.3525909967782477,18
id3142205,1,2016-04-03 18:31:03,2016-04-03 18:39:14,1,-73.95704650878906,40.78012466430664,-73.93948364257811,40.80426406860352,N,491,3.0672727877924904,18
id0968935,1,2016-01-03 18:28:44,2016-01-03 18:36:35,1,-73.98438262939453,40.78010177612305,-73.97169494628906,40.79734802246094,N,471,2.1972103133822856,18
id0888420,1,2016-05-11 18:21:34,2016-05-11 18:40:44,1,-73.98146820068358,40.75885772705078,-73.98809814453125,40.77936172485352,N,1150,2.344675500764071,18
id2111160,2,2016-04-26 18:31:47,2016-04-26 18:35:51,1,-73.98861694335938,40.77418899536133,-73.97988891601561,40.781375885009766,N,244,1.0893971134075326,18
id0083320,2,2016-01-20 18:00:19,2016-01-20 18:19:39,1,-73.97711944580078,40.763008117675774,-73.99391174316406,40.756649017333984,N,1160,1.5923420081454303,18
id1055929,1,2016-05-15 18:16:48,2016-05-15 18:34:17,1,-73.99568176269531,40.76441192626953,-74.00939178466798,40.71518707275391,N,1049,5.586849746545297,18
id3247504,1,2016-01-28 18:38:41,2016-01-28 18:47:09,1,-73.9752197265625,40.74459457397461,-73.9853286743164,40.74731063842773,N,508,0.9106156163378062,18
id1343210,1,2016-02-15 18:25:22,2016-02-15 18:32:04,1,-73.99327850341797,40.72430038452149,-73.98751068115233,40.72010040283203,N,402,0.6765354460965128,18
id0550580,1,2016-01-27 18:58:36,2016-01-27 19:02:35,1,-73.86225891113281,40.76857376098633,-73.87112426757811,40.77387619018555,N,239,0.9561693413609084,18
id3597513,2,2016-03-02 18:31:48,2016-03-02 19:00:59,2,-73.98059844970702,40.76002883911133,-74.01466369628906,40.716899871826165,N,1751,5.5948704044301065,18
id2394697,1,2016-02-09 19:22:14,2016-02-09 19:42:04,1,-74.01583862304686,40.71459579467773,-73.97901916503906,40.73964691162109,N,1190,4.186511855080209,19
id1876632,2,2016-04-02 19:36:40,2016-04-02 19:49:21,1,-74.00653076171875,40.74867248535156,-73.99029541015625,40.737201690673835,N,761,1.8776581009204365,19
id0566067,1,2016-05-31 19:23:40,2016-05-31 19:28:04,1,-74.00051116943358,40.747913360595696,-73.99758148193358,40.76051330566406,N,264,1.4205905732414772,19
id1838207,2,2016-01-09 19:10:25,2016-01-09 19:13:22,1,-73.95090484619139,40.77901077270508,-73.9562759399414,40.771682739257805,N,177,0.9327754802673237,19
id1798075,2,2016-02-08 19:27:29,2016-02-08 19:37:02,5,-73.9783706665039,40.78288269042969,-73.95209503173827,40.781265258789055,N,573,2.240633321642157,19
id1555178,2,2016-01-04 19:08:17,2016-01-04 19:16:24,3,-73.99508666992188,40.7496452331543,-74.00517272949219,40.728565216064446,N,487,2.491994464249042,19
id1005383,1,2016-01-28 19:29:05,2016-01-28 19:32:12,2,-73.98136138916014,40.78138732910156,-73.9808578491211,40.78914260864258,N,187,0.8618994061027142,19
id3984581,1,2016-04-14 19:07:44,2016-04-14 19:25:03,1,-74.0159683227539,40.71079254150391,-73.98307037353516,40.73078918457031,N,1039,3.5701796924546523,19
id3254894,2,2016-01-03 19:31:37,2016-01-03 19:36:22,1,-73.98812866210938,40.72402572631836,-73.9876937866211,40.732696533203125,N,285,0.9631691340698281,19
id3701053,1,2016-06-13 19:45:18,2016-06-13 19:48:41,1,-73.94730377197266,40.775096893310554,-73.95501708984375,40.764984130859375,N,203,1.2999603585081092,19
id3385660,2,2016-03-30 19:44:26,2016-03-30 19:49:33,1,-73.94672393798828,40.776470184326165,-73.95591735839844,40.77543258666992,N,307,0.7898825990704235,19
id1413464,2,2016-02-23 19:31:13,2016-02-23 19:36:09,1,-73.9732666015625,40.74843597412109,-73.9750747680664,40.73712539672852,N,296,1.2648466645087304,19
id1038602,1,2016-03-06 19:37:29,2016-03-06 19:42:58,2,-73.96528625488281,40.77462768554688,-73.97643280029298,40.76582717895508,N,329,1.3608532805705866,19
id0329313,1,2016-04-12 19:32:09,2016-04-12 19:49:31,1,-73.98802947998048,40.74419403076172,-73.98043060302734,40.78749847412109,N,1042,4.849995223460531,19
id3318957,1,2016-05-01 19:42:30,2016-05-01 20:04:46,1,-74.01325988769531,40.70775985717773,-73.98541259765625,40.74655151367188,N,1336,4.913586452977458,19
id0273095,2,2016-01-19 19:01:47,2016-01-19 19:08:00,1,-73.94705963134764,40.77344512939453,-73.94296264648438,40.7900505065918,N,373,1.8758060617816792,19
id2321302,2,2016-04-25 19:24:04,2016-04-25 19:48:29,1,-73.87299346923827,40.774200439453125,-73.99308776855469,40.72972106933594,N,1465,11.339295510115956,19
id2607467,1,2016-01-29 19:03:28,2016-01-29 19:11:47,1,-73.99136352539062,40.75028610229492,-73.98951721191406,40.73994827270508,N,499,1.1581810133000925,19
id0619830,2,2016-01-28 19:37:58,2016-01-28 19:55:08,1,-73.98523712158203,40.7603759765625,-73.99282836914062,40.73986053466797,N,1030,2.3668669568037117,19
id0842500,1,2016-03-29 19:21:05,2016-03-29 19:30:42,1,-73.96797943115233,40.76287078857422,-73.978271484375,40.77719879150391,N,577,1.8151354187820672,19
id2166598,2,2016-03-05 19:58:48,2016-03-05 20:25:01,1,-73.97846221923827,40.76673126220703,-74.00879669189453,40.70602035522461,N,1573,7.215346094101974,19
id3417059,2,2016-02-11 19:16:37,2016-02-11 19:30:22,1,-73.97848510742188,40.78825378417969,-73.98439025878906,40.77398681640625,N,825,1.6612755459311814,19
id0543282,1,2016-06-19 19:55:43,2016-06-19 20:14:35,1,-73.99097442626953,40.75058364868164,-73.95939636230467,40.798843383789055,N,1132,5.991678987425764,19
id2343858,2,2016-02-12 19:31:19,2016-02-12 19:33:51,1,-73.97711944580078,40.78473663330078,-73.96766662597656,40.79286193847656,N,152,1.2079053323495816,19
id3137070,2,2016-06-05 19:03:48,2016-06-05 19:19:03,1,-73.98683929443358,40.77657318115234,-73.9501724243164,40.78010177612305,N,915,3.1411984116337077,19
id3847140,2,2016-01-25 19:50:19,2016-01-25 19:58:13,1,-73.989013671875,40.7428092956543,-73.99729919433594,40.729888916015625,N,474,1.5977535617884144,19
id0651487,2,2016-03-06 19:25:11,2016-03-06 19:34:01,2,-73.99474334716798,40.71857070922852,-74.00929260253906,40.706241607666016,N,530,1.844524090234168,19
id3599263,1,2016-04-16 19:07:58,2016-04-16 19:11:41,2,-73.97830200195312,40.78585433959961,-73.96891021728516,40.7934799194336,N,223,1.1635055616101653,19
id3443715,1,2016-02-17 19:55:10,2016-02-17 20:08:29,1,-73.97810363769531,40.75023651123047,-73.9979476928711,40.73691177368164,N,799,2.2433645108311144,19
id1218835,2,2016-01-16 19:07:36,2016-01-16 19:15:50,2,-73.99085235595702,40.73488235473633,-73.9998321533203,40.728275299072266,N,494,1.0585138084926278,19
id0079711,2,2016-01-29 19:53:04,2016-01-29 20:00:18,1,-73.99349975585938,40.73924255371094,-73.99248504638672,40.74186706542969,N,434,0.3038205458996217,19
id1648757,2,2016-06-24 19:08:01,2016-06-24 19:33:25,1,-74.00646209716798,40.739036560058594,-73.9866485595703,40.726524353027344,N,1524,2.1829525242082672,19
id0166811,2,2016-06-14 19:15:30,2016-06-14 19:22:03,2,-73.98699951171875,40.74478149414063,-73.97792053222656,40.75128173828125,N,393,1.0564765526247653,19
id1913847,2,2016-02-19 19:06:32,2016-02-19 19:12:18,1,-73.9578628540039,40.77944946289063,-73.95481872558594,40.77072143554688,N,346,1.0027695937386432,19
id3040169,1,2016-03-07 19:53:38,2016-03-07 20:11:08,2,-73.97216796875,40.796817779541016,-73.99326324462889,40.75738525390625,N,1050,4.730055138641875,19
id0287487,1,2016-01-22 19:37:44,2016-01-22 19:49:23,1,-74.00971984863281,40.71290969848633,-73.990966796875,40.71722030639648,Y,699,1.664273614042785,19
id1281565,2,2016-05-15 19:23:22,2016-05-15 19:30:23,1,-73.96460723876953,40.80739974975586,-73.97229766845702,40.79412078857422,N,421,1.6124137129517468,19
id0113036,1,2016-03-21 19:07:47,2016-03-21 19:29:23,1,-73.99493408203125,40.688961029052734,-73.98705291748048,40.73714447021485,N,1296,5.39015216890278,19
id1379173,2,2016-05-13 19:01:20,2016-05-13 20:03:43,1,-73.78671264648438,40.65311050415039,-73.97519683837889,40.76546096801758,N,3743,20.30272970556806,19
id3598631,2,2016-03-19 19:16:11,2016-03-19 19:21:56,1,-73.98404693603516,40.74410629272461,-73.99261474609375,40.73756408691406,N,345,1.028451589301187,19
id3582814,2,2016-05-05 19:29:50,2016-05-05 19:56:37,5,-74.00869750976561,40.7191276550293,-73.95230865478516,40.728458404541016,N,1607,4.903677778296053,19
id2232006,1,2016-03-09 19:10:51,2016-03-09 19:31:14,1,-73.96979522705078,40.76879501342773,-73.99066162109375,40.75100326538086,N,1223,2.65442615025787,19
id3149266,1,2016-05-01 19:58:40,2016-05-01 20:33:22,2,-73.78226470947266,40.64466094970703,-73.9549102783203,40.69308853149414,N,2082,15.628419468366516,19
id0228277,2,2016-04-29 19:32:18,2016-04-29 19:43:57,2,-73.95641326904298,40.77106857299805,-73.98280334472656,40.77069091796875,N,699,2.243548092936044,19
id1846385,2,2016-05-15 19:10:48,2016-05-15 19:32:57,1,-74.00302124023438,40.73119354248047,-73.95906829833984,40.81338882446289,N,1329,9.858963722629644,19
id3374388,2,2016-05-02 19:10:51,2016-05-02 19:25:55,6,-73.97478485107422,40.761817932128906,-73.99137878417967,40.75001907348633,N,904,1.9247623689948936,19
id2065279,2,2016-02-15 19:31:21,2016-02-15 19:38:16,1,-73.9941177368164,40.75101089477539,-74.0006332397461,40.761680603027344,N,415,1.3074286549281775,19
id3375976,2,2016-06-05 19:29:01,2016-06-05 19:32:40,1,-73.96568298339844,40.771308898925774,-73.95842742919923,40.7725715637207,N,219,0.6324474707647545,19
id3484406,1,2016-01-21 19:35:20,2016-01-21 19:55:50,1,-73.8636474609375,40.76968002319336,-73.94905853271484,40.78461456298828,N,1230,7.446799750995218,19
id0781971,2,2016-01-28 19:14:51,2016-01-28 19:27:11,2,-73.9387969970703,40.80514907836913,-73.95453643798828,40.781108856201165,N,740,2.9850549237955186,19
id0261687,2,2016-06-20 19:29:35,2016-06-20 19:36:33,1,-73.98740386962889,40.7442512512207,-73.9894790649414,40.736026763916016,N,418,0.9298029025816247,19
id2028153,2,2016-01-30 19:50:24,2016-01-30 20:01:10,1,-73.97627258300781,40.75156021118164,-73.95684051513672,40.78498840332031,N,646,4.061554616838361,19
id1053670,1,2016-05-21 19:41:07,2016-05-21 19:48:24,1,-73.98844146728516,40.755821228027344,-73.98696899414062,40.75950622558594,N,437,0.4277551747462169,19
id1587295,1,2016-01-22 19:54:20,2016-01-22 20:04:53,1,-73.98617553710938,40.73291015625,-74.00181579589844,40.73856735229492,N,633,1.470266129895769,19
id3440083,2,2016-03-26 19:26:01,2016-03-26 19:49:12,2,-73.9813461303711,40.76237869262695,-74.00016784667967,40.72370529174805,N,1391,4.581177571048764,19
id1887827,2,2016-06-15 19:46:12,2016-06-15 19:50:59,2,-73.95902252197266,40.77791595458984,-73.95220947265625,40.781131744384766,N,287,0.6802813115060775,19
id1170356,1,2016-03-09 19:38:17,2016-03-09 19:52:24,1,-73.9783477783203,40.762939453125,-73.94715881347656,40.77997589111328,N,847,3.2564059225346824,19
id2062664,1,2016-02-20 19:47:52,2016-02-20 20:03:42,1,-73.98876190185547,40.7740478515625,-73.98828887939453,40.74812316894531,N,950,2.8779206459445748,19
id2204066,1,2016-04-23 19:32:54,2016-04-23 19:38:54,1,-73.9779052734375,40.76301956176758,-73.9786605834961,40.75601577758789,N,360,0.780066496338139,19
id2909739,2,2016-04-25 19:02:05,2016-04-25 19:10:40,2,-73.95342254638672,40.7795524597168,-73.96241760253906,40.7658576965332,N,515,1.701570783707754,19
id2384591,2,2016-02-22 19:34:42,2016-02-22 19:44:33,2,-73.95218658447266,40.777393341064446,-73.97047424316406,40.75246047973633,N,591,3.1742144911503307,19
id3842599,2,2016-03-18 19:56:17,2016-03-18 20:01:41,2,-73.98082733154298,40.76456832885742,-73.98301696777342,40.76660919189453,N,324,0.2931872766046913,19
id2866950,2,2016-02-12 19:26:04,2016-02-12 19:33:13,5,-73.97881317138672,40.75320053100586,-73.98931121826173,40.7530517578125,N,429,0.892486776412463,19
id0236207,2,2016-02-25 19:25:19,2016-02-25 19:28:32,1,-73.9974136352539,40.724830627441406,-74.00267791748048,40.72322845458984,N,193,0.48150961496936,19
id1966652,1,2016-01-20 19:26:49,2016-01-20 19:33:43,2,-73.99919128417967,40.726661682128906,-74.00579833984375,40.74013900756836,N,414,1.5979235792093647,19
id2955075,2,2016-02-18 19:34:03,2016-02-18 19:45:40,1,-73.99150848388672,40.74477005004882,-73.96875,40.75825881958008,N,697,2.446210610691705,19
id3205819,1,2016-01-29 19:27:37,2016-01-29 19:42:53,1,-73.99415588378906,40.724422454833984,-73.98249053955078,40.73224258422852,N,916,1.317825294194354,19
id1533710,2,2016-03-15 19:57:31,2016-03-15 20:07:30,2,-74.01464080810547,40.70969009399414,-73.99893188476561,40.740058898925774,N,599,3.62575975748079,19
id3355610,2,2016-06-03 19:56:18,2016-06-03 20:03:20,1,-73.98195648193358,40.74470138549805,-73.9954376220703,40.732330322265625,N,422,1.78849799190142,19
id2219988,2,2016-01-28 19:30:39,2016-01-28 19:46:24,5,-73.97222137451173,40.759868621826165,-73.95604705810547,40.78459930419922,N,945,3.0701346934603544,19
id2718650,1,2016-06-28 19:16:41,2016-06-28 19:28:27,1,-73.96985626220702,40.752979278564446,-73.98201751708984,40.72930145263672,N,706,2.8242145842281157,19
id1789013,2,2016-02-08 19:00:02,2016-02-08 19:04:54,1,-73.95275115966798,40.7271728515625,-73.95563507080078,40.717811584472656,N,292,1.0676235622924686,19
id1700819,2,2016-01-08 19:01:26,2016-01-08 19:05:19,1,-73.95552062988281,40.77935028076172,-73.94925689697266,40.782051086425774,N,233,0.6110170865843099,19
id1903928,2,2016-06-24 19:10:20,2016-06-24 19:21:21,6,-73.97593688964845,40.759101867675774,-73.98943328857422,40.744659423828125,N,661,1.9712989623098194,19
id2514543,2,2016-02-26 19:15:41,2016-02-26 19:34:16,5,-74.008056640625,40.705371856689446,-73.98062896728516,40.74760055541992,N,1115,5.235149149541659,19
id0358026,1,2016-02-22 19:13:31,2016-02-22 19:18:53,1,-73.98604583740233,40.75573348999024,-73.9828872680664,40.77172470092773,N,322,1.7952137249690852,19
id3190682,1,2016-03-25 19:42:08,2016-03-25 19:59:31,1,-73.96903228759764,40.75823974609375,-73.97821807861328,40.79157257080078,N,1043,3.781430778667657,19
id2386555,1,2016-06-08 19:11:12,2016-06-08 19:23:35,2,-73.97954559326173,40.76651763916016,-73.99192810058595,40.75431442260742,N,743,1.7154033463311513,19
id0041967,2,2016-01-05 19:09:41,2016-01-05 19:20:48,2,-73.99723052978516,40.72436141967773,-73.98480987548828,40.75360870361328,N,667,3.4138025560412397,19
id0076339,2,2016-01-27 19:56:14,2016-01-27 20:01:16,1,-73.97673797607422,40.77996826171875,-73.96331787109375,40.77592086791992,N,302,1.2259902262405318,19
id0994421,1,2016-06-15 19:47:57,2016-06-15 19:52:51,1,-73.98613739013672,40.740676879882805,-73.97818756103516,40.751220703125,N,294,1.3514330216574137,19
id3187714,2,2016-04-27 19:25:26,2016-04-27 19:34:31,5,-73.86949157714845,40.7724609375,-73.86949157714845,40.7724609375,N,545,0.0,19
id1822901,2,2016-01-30 19:21:14,2016-01-30 19:57:36,1,-73.95574188232422,40.782840728759766,-74.00891876220702,40.714710235595696,N,2182,8.810328595700204,19
id3770426,2,2016-06-15 19:56:57,2016-06-15 20:07:54,2,-73.99723052978516,40.72542190551758,-73.9837875366211,40.72568130493164,N,657,1.1430171377864036,19
id3764726,2,2016-03-07 19:24:38,2016-03-08 19:21:29,4,-73.98450469970702,40.76143646240234,-73.99879455566406,40.729583740234375,N,86211,3.7384730947557943,19
id3552674,1,2016-06-04 19:12:53,2016-06-04 19:20:08,1,-73.96652221679686,40.764747619628906,-73.95578765869139,40.77377700805664,N,435,1.355386080844935,19
id0365234,2,2016-03-31 19:45:15,2016-03-31 20:00:09,1,-73.97023773193358,40.75931930541992,-73.94774627685547,40.7747917175293,N,894,2.56991653849069,19
id3464677,1,2016-03-23 19:57:15,2016-03-23 20:05:06,1,-73.9940185546875,40.724712371826165,-74.00070190429686,40.74201583862305,N,471,2.0029354462714664,19
id1421124,1,2016-05-18 19:45:07,2016-05-18 19:53:23,2,-73.96849060058595,40.76640319824219,-73.95438385009764,40.78391647338867,N,496,2.2840339504034044,19
id3893051,1,2016-06-27 19:32:00,2016-06-27 19:49:57,1,-73.95404052734375,40.79002380371094,-73.99170684814453,40.744117736816406,N,1077,6.0179190530301785,19
id3978970,1,2016-01-14 19:00:14,2016-01-14 19:09:41,1,-74.00540924072266,40.748191833496094,-73.98460388183594,40.743499755859375,N,567,1.843553359757594,19
id2921645,2,2016-05-12 19:49:26,2016-05-12 19:57:42,1,-73.9451904296875,40.77507019042969,-73.97228240966798,40.78668975830078,N,496,2.639409785172974,19
id0266154,1,2016-05-08 19:58:07,2016-05-08 21:00:04,1,-73.78557586669923,40.64826583862305,-74.00799560546875,40.7055549621582,N,3717,19.946496259462403,19
id0552724,2,2016-04-20 19:56:22,2016-04-20 19:58:58,1,-73.99150848388672,40.76485061645508,-73.9823989868164,40.776901245117195,N,156,1.5455673387987414,19
id3677376,1,2016-02-26 19:21:45,2016-02-26 19:26:13,1,-73.96039581298828,40.772605895996094,-73.96473693847656,40.77535629272461,N,268,0.47891779132136353,19
id2927181,1,2016-06-22 19:15:38,2016-06-22 19:29:35,3,-74.00348663330078,40.70821380615234,-74.00717163085938,40.740604400634766,N,837,3.608974154497828,19
id0795072,2,2016-04-29 19:13:20,2016-04-29 19:41:24,1,-73.97441864013672,40.74225616455078,-73.79981994628906,40.793155670166016,N,1684,15.879947592681868,19
id1412084,1,2016-06-28 19:30:17,2016-06-28 19:41:21,4,-74.0013427734375,40.72918701171875,-73.98502349853516,40.73715591430664,N,664,1.6451681810521996,19
id3994285,1,2016-05-02 19:25:17,2016-05-02 19:36:41,1,-73.9903793334961,40.73167419433594,-73.98609161376953,40.75555038452149,N,684,2.6751992555778323,19
id3730817,2,2016-01-21 19:20:52,2016-01-21 19:36:38,6,-73.99911499023438,40.73932647705078,-73.98165893554686,40.77834701538086,N,946,4.57837764332512,19
id2610818,2,2016-05-02 19:34:10,2016-05-02 19:46:28,1,-73.97984313964845,40.785957336425774,-73.95514678955078,40.77323532104492,N,738,2.529969859772092,19
id1091980,1,2016-05-10 19:02:01,2016-05-10 19:06:46,1,-73.95518493652342,40.777297973632805,-73.9496841430664,40.772369384765625,N,285,0.7196586554920325,19
id2975923,1,2016-03-29 19:05:53,2016-03-29 19:26:21,1,-73.9664306640625,40.75967025756836,-73.99998474121092,40.761329650878906,N,1228,2.8580380874003484,19
id2263503,2,2016-06-26 19:35:38,2016-06-26 19:59:41,1,-73.98883056640625,40.6924057006836,-73.93536376953125,40.80724334716797,N,1443,13.532906680060266,19
id3318403,2,2016-03-13 19:15:33,2016-03-13 19:29:56,1,-73.97342681884764,40.685901641845696,-73.96456146240233,40.70750045776367,N,863,2.5131058704661164,19
id3234491,2,2016-03-22 19:05:11,2016-03-22 19:18:44,6,-73.98497772216798,40.74612045288086,-73.97337341308594,40.75529098510742,N,813,1.4174265513923072,19
id0127668,1,2016-04-27 19:02:24,2016-04-27 19:22:56,1,-73.9765396118164,40.758296966552734,-73.94649505615233,40.777847290039055,N,1232,3.3512836446919234,19
id3709160,2,2016-03-28 19:44:37,2016-03-28 19:48:16,1,-73.98876953125,40.74845123291016,-73.98297119140625,40.756568908691406,N,219,1.02704558378821,19
id3787489,1,2016-06-29 19:03:59,2016-06-29 19:07:39,1,-73.9963150024414,40.75345993041992,-73.99591827392578,40.75910568237305,N,220,0.6275851088844857,19
id2855030,1,2016-04-06 19:55:43,2016-04-06 20:04:16,2,-73.96332550048828,40.771778106689446,-73.98130798339844,40.769004821777344,Y,513,1.559201134687347,19
id2657280,1,2016-01-06 19:56:34,2016-01-06 20:04:15,1,-73.98098754882812,40.769729614257805,-73.9597396850586,40.77667236328125,N,461,1.963613269836539,19
id1756772,2,2016-02-20 19:03:59,2016-02-20 19:12:35,2,-73.97303009033203,40.744190216064446,-73.95635986328125,40.76731872558594,N,516,2.932345358283367,19
id2049888,2,2016-01-24 19:24:51,2016-01-24 19:38:31,1,-74.01367950439453,40.71350860595703,-73.99156188964845,40.74501037597656,N,820,3.9700473411946215,19
id3848498,2,2016-02-21 19:40:13,2016-02-21 19:57:43,6,-73.99989318847656,40.718128204345696,-73.98243713378906,40.71834945678711,N,1050,1.483967882895443,19
id3906635,2,2016-05-27 19:52:05,2016-05-27 20:08:54,1,-74.0135040283203,40.70480346679688,-73.96735382080078,40.681617736816406,N,1009,4.6916527375276456,19
id2130815,1,2016-01-22 19:05:34,2016-01-22 19:12:35,1,-73.9835205078125,40.74480056762695,-73.98970794677734,40.73960113525391,N,421,0.7808277056927103,19
id1517170,1,2016-01-29 19:20:01,2016-01-29 19:43:16,1,-73.99209594726561,40.754070281982415,-73.94556427001953,40.77611541748047,N,1395,4.650957575675559,19
id0390361,1,2016-02-13 19:25:15,2016-02-13 19:28:54,2,-73.9632110595703,40.7623291015625,-73.96824645996092,40.7590446472168,N,219,0.5622332694208011,19
id2927029,1,2016-05-31 19:12:58,2016-05-31 19:26:47,1,-74.00751495361328,40.72756576538086,-73.98095703125,40.757118225097656,N,829,3.982019535683615,19
id2977534,1,2016-04-07 19:33:22,2016-04-07 19:44:13,1,-73.99430847167967,40.750099182128906,-73.9842758178711,40.76470947265625,N,651,1.83228657688505,19
id2780852,2,2016-01-31 19:19:35,2016-01-31 19:31:04,1,-73.98577117919923,40.74708938598633,-73.99011993408203,40.76150894165039,N,689,1.6427000049600424,19
id1548104,1,2016-03-05 19:42:01,2016-03-05 20:07:07,1,-73.90267181396483,40.74718475341797,-73.90267181396483,40.74718475341797,N,1506,0.0,19
id1939304,1,2016-04-29 19:43:15,2016-04-29 20:12:32,1,-73.97028350830078,40.78886032104492,-73.95701599121092,40.78013610839844,N,1757,1.4864621409280725,19
id2477438,2,2016-04-05 19:12:01,2016-04-05 19:31:45,2,-73.97335052490233,40.76393127441406,-73.98641967773438,40.72021865844727,N,1184,4.97764280892885,19
id0244771,2,2016-01-20 19:26:33,2016-01-20 19:36:32,1,-73.94654846191406,40.772579193115234,-73.9749298095703,40.752708435058594,N,599,3.2687389264097204,19
id0217509,2,2016-03-17 19:03:05,2016-03-17 19:09:23,2,-73.9941864013672,40.75105667114258,-74.00574493408203,40.749187469482415,N,378,1.0041445125714796,19
id3731951,1,2016-03-30 19:10:14,2016-03-30 19:34:59,1,-73.97951507568358,40.78463745117188,-73.98709106445312,40.759498596191406,N,1485,2.8637540782097544,19
id0867566,2,2016-06-21 19:45:17,2016-06-21 20:14:31,1,-73.9614028930664,40.78020095825195,-73.99359893798828,40.736038208007805,N,1754,5.614229496170487,19
id2909399,2,2016-06-30 19:49:19,2016-06-30 19:59:50,5,-73.98493957519531,40.7691650390625,-73.9941864013672,40.764041900634766,N,631,0.9701281479139284,19
id0128617,1,2016-01-22 19:37:34,2016-01-22 19:45:47,2,-73.98763275146483,40.73370361328125,-73.97952270507811,40.74946975708008,N,493,1.8809188515609683,19
id0705307,1,2016-06-04 19:06:13,2016-06-04 19:24:04,2,-73.98572540283203,40.72289276123047,-73.98628997802734,40.748268127441406,N,1071,2.817074424701323,19
id2962234,1,2016-06-17 19:08:11,2016-06-17 19:17:46,1,-73.99073791503906,40.75098037719727,-73.98784637451173,40.73517990112305,N,575,1.7709907035565058,19
id3841127,2,2016-02-11 19:43:45,2016-02-11 20:05:23,5,-73.9892578125,40.730083465576165,-73.96321868896483,40.68701171875,N,1298,5.268436728505795,19
id1634706,1,2016-02-03 19:26:36,2016-02-03 19:38:45,1,-73.9709243774414,40.79842758178711,-73.98290252685547,40.77743911743164,N,729,2.5424806211899904,19
id2143147,1,2016-04-08 19:29:14,2016-04-08 19:41:20,1,-73.97711181640625,40.7388801574707,-73.98384094238281,40.75478744506836,N,726,1.8560399275104478,19
id2515729,2,2016-03-15 19:17:11,2016-03-15 19:38:42,1,-73.97177886962889,40.760215759277344,-73.99225616455078,40.72895050048828,N,1291,3.882468778410403,19
id0983691,2,2016-05-04 19:42:13,2016-05-05 18:51:55,2,-73.97628784179686,40.753883361816406,-73.9758529663086,40.750873565673835,N,83382,0.3361260776860028,19
id2864782,1,2016-05-01 19:53:24,2016-05-01 20:05:46,1,-73.94822692871094,40.77460479736328,-73.96926879882812,40.7944564819336,N,742,2.8380483448454226,19
id1590864,1,2016-02-03 19:14:24,2016-02-03 19:26:36,3,-73.965576171875,40.762065887451165,-73.98468780517578,40.76042556762695,N,732,1.6346606524024432,19
id0676014,2,2016-04-12 19:48:17,2016-04-12 19:59:23,1,-73.97148895263672,40.76076126098633,-73.95336151123048,40.77983856201172,N,666,2.6188378457301305,19
id0594591,1,2016-01-30 19:23:01,2016-01-30 19:27:54,1,-73.98418426513672,40.767436981201165,-73.96952056884764,40.763465881347656,N,293,1.3220612620406251,19
id1337490,1,2016-03-01 19:52:10,2016-03-01 20:27:21,1,-73.79014587402342,40.6437873840332,-73.96351623535155,40.77162551879882,N,2111,20.45778333980585,19
id3598485,2,2016-01-08 19:30:57,2016-01-08 19:44:57,2,-73.99455261230467,40.72154998779297,-73.9825668334961,40.74515914916992,N,840,2.8116842835710902,19
id0502261,1,2016-01-14 19:03:54,2016-01-14 19:26:25,1,-73.97996520996092,40.76046371459961,-73.94490051269531,40.80866622924805,N,1351,6.124622662788089,19
id3251354,1,2016-06-19 19:59:42,2016-06-19 20:07:22,1,-73.99639129638672,40.72669982910156,-73.99365997314453,40.74158477783203,N,460,1.66846069922545,19
id3106415,2,2016-03-15 19:11:15,2016-03-15 19:16:01,1,-73.94457244873048,40.78001022338867,-73.95581817626953,40.77888107299805,N,286,0.9640688193697603,19
id2187858,2,2016-06-29 19:48:32,2016-06-29 20:11:08,1,-73.78213500976561,40.64461517333984,-73.86493682861328,40.77047348022461,N,1356,15.643021503227104,19
id2057623,2,2016-06-06 19:03:38,2016-06-06 19:08:50,1,-73.96884155273438,40.78778076171875,-73.95948028564453,40.80624008178711,N,312,2.1980646811069904,19
id0011626,2,2016-03-29 19:02:40,2016-03-29 19:07:19,1,-73.98861694335938,40.73413848876953,-73.97644805908203,40.733501434326165,N,279,1.036769472396438,19
id3340338,1,2016-03-22 19:52:27,2016-03-22 20:10:06,2,-73.9558334350586,40.7761116027832,-73.9250717163086,40.75859832763672,N,1059,3.2582096715679483,19
id0712028,2,2016-04-28 19:35:26,2016-04-28 19:51:10,6,-73.97406005859375,40.75787353515625,-73.98155212402342,40.78000259399414,N,944,2.537534612587446,19
id0619875,1,2016-04-09 19:25:50,2016-04-09 19:28:55,4,-73.99431610107422,40.76105117797852,-73.98831939697266,40.76500701904297,N,185,0.6727716493903142,19
id0632323,2,2016-06-28 19:32:58,2016-06-28 19:36:40,1,-73.95656585693358,40.77985382080078,-73.96298980712889,40.772274017333984,N,222,1.0030147823249802,19
id0929817,1,2016-05-02 19:01:48,2016-05-02 19:14:51,1,-74.00978851318358,40.7209587097168,-73.98804473876953,40.77495574951172,N,783,6.27216208946141,19
id2820880,2,2016-01-22 19:39:53,2016-01-22 19:46:27,1,-74.00743865966798,40.71559524536133,-73.99898529052734,40.72284698486328,N,394,1.078993927063564,19
id1215041,1,2016-02-19 19:12:34,2016-02-19 19:28:26,1,-74.00740814208984,40.72647857666016,-73.98462677001953,40.72662353515625,N,952,1.9364834752993532,19
id3236580,2,2016-06-04 19:34:57,2016-06-04 19:41:49,1,-73.97467803955078,40.76483917236328,-73.97207641601561,40.75812911987305,N,412,0.7769508546492897,19
id3722505,1,2016-03-04 19:24:54,2016-03-04 19:33:35,1,-73.96211242675781,40.77294158935546,-73.97794342041014,40.757850646972656,N,521,2.148644697278125,19
id3446505,2,2016-04-05 19:32:44,2016-04-05 20:21:22,1,-73.97531890869139,40.76131820678711,-73.94937896728516,40.67430114746094,N,2918,9.907360260809345,19
id1981634,2,2016-02-17 19:40:58,2016-02-17 19:46:55,2,-73.9544677734375,40.76422119140625,-73.96695709228516,40.76256942749024,N,357,1.077308438453128,19
id3379232,1,2016-03-27 19:27:06,2016-03-27 19:34:52,3,-73.96546173095702,40.7718162536621,-73.94820404052734,40.80132675170898,N,466,3.5891209889212035,19
id3683561,1,2016-02-03 19:36:17,2016-02-03 20:10:01,1,-73.98202514648438,40.779460906982415,-73.98175048828125,40.7784309387207,N,2024,0.11668580294273942,19
id0633499,2,2016-05-16 19:45:30,2016-05-16 19:53:50,1,-73.99198150634764,40.76456069946289,-74.0081787109375,40.74866485595703,N,500,2.2380166118544356,19
id2312754,1,2016-02-18 19:55:42,2016-02-18 20:09:06,1,-73.97766876220702,40.74625015258789,-73.98192596435547,40.7684326171875,N,804,2.488701847334926,19
id3261714,1,2016-02-29 19:52:58,2016-02-29 20:02:32,1,-73.95779418945312,40.764472961425774,-73.98670959472656,40.738651275634766,N,574,3.775707954102008,19
id1188594,2,2016-06-21 19:38:24,2016-06-21 19:49:43,2,-73.98785400390625,40.74324798583984,-74.0109634399414,40.71881484985352,N,679,3.34870873400821,19
id0226452,1,2016-05-15 19:26:27,2016-05-15 19:48:29,1,-73.98807525634764,40.69634628295898,-73.97910308837889,40.77665328979492,N,1322,8.946641455358067,19
id2867801,1,2016-06-24 19:52:09,2016-06-24 19:59:56,1,-73.98533630371094,40.7276725769043,-73.98885345458984,40.73638153076172,N,467,1.0118660163541002,19
id2353228,1,2016-04-01 19:41:40,2016-04-01 19:48:40,1,-73.99166107177734,40.744911193847656,-74.00587463378906,40.745315551757805,N,420,1.2089862146058992,19
id0678665,2,2016-02-28 19:35:17,2016-02-28 20:25:54,1,-73.79004669189453,40.64373016357422,-73.98542022705078,40.762168884277344,N,3037,21.180647535707667,19
id0250116,2,2016-03-17 19:44:44,2016-03-17 19:54:16,3,-73.98748016357422,40.73278045654297,-73.97212219238281,40.753684997558594,N,572,2.6624079438657926,19
id2831720,2,2016-05-31 19:31:48,2016-05-31 19:45:39,1,-74.00814819335938,40.72288131713867,-73.97791290283203,40.783599853515625,N,831,7.2131290089871465,19
id1953403,1,2016-04-19 19:23:50,2016-04-19 19:59:56,1,-73.7821273803711,40.64469146728516,-73.96991729736328,40.67789459228516,N,2166,16.382101914688352,19
id3081902,1,2016-03-24 19:18:48,2016-03-24 19:38:46,1,-73.95276641845702,40.78333282470703,-73.98617553710938,40.76118087768555,N,1198,3.756373933596504,19
id2584769,1,2016-02-15 19:17:48,2016-02-15 19:41:50,1,-74.00334930419923,40.73183441162109,-73.95609283447266,40.77290725708008,N,1442,6.076178519623593,19
id0520436,2,2016-06-13 19:48:03,2016-06-13 20:09:24,1,-73.87316131591797,40.77409362792969,-73.98150634765625,40.72880172729492,N,1281,10.492210308718997,19
id2449558,1,2016-06-23 19:34:23,2016-06-23 19:40:05,1,-73.88618469238281,40.768463134765625,-73.86770629882812,40.7678337097168,N,342,1.5722165763918519,19
id0600654,1,2016-05-19 19:26:33,2016-05-19 19:30:34,1,-73.99011993408203,40.746559143066406,-73.98763275146483,40.75036239624024,N,241,0.47213812099770835,19
id1249001,2,2016-02-07 19:45:39,2016-02-07 19:52:26,1,-73.97884368896483,40.68989944458008,-73.96414947509764,40.693641662597656,N,407,1.3162701567674806,19
id1821252,2,2016-04-11 19:19:10,2016-04-11 19:30:29,2,-73.98028564453125,40.75135803222656,-73.95423126220702,40.77549743652344,N,679,3.4762239663134804,19
id3955682,2,2016-04-25 19:16:32,2016-04-25 19:27:36,5,-73.96107482910156,40.81207656860352,-73.99146270751953,40.76508331298828,N,664,5.820739702340509,19
id3522485,2,2016-05-31 19:53:06,2016-05-31 20:10:17,2,-73.99153900146483,40.750370025634766,-73.94725799560547,40.780311584472656,N,1031,5.0212122948212645,19
id0458955,2,2016-06-14 19:59:23,2016-06-14 20:14:19,2,-73.97531890869139,40.7894401550293,-73.94992828369139,40.82368087768555,N,896,4.370733906368779,19
id3677583,1,2016-06-10 19:59:03,2016-06-10 20:11:43,1,-73.97920989990233,40.74019241333008,-73.99339294433594,40.72245788574219,N,760,2.3083527488487943,19
id2626411,1,2016-02-01 19:15:40,2016-02-01 19:40:15,1,-73.96974182128906,40.74920272827149,-73.9558868408203,40.78462600708008,N,1475,4.104559935092892,19
id1995332,2,2016-01-11 19:20:57,2016-01-11 19:34:47,6,-73.99182891845702,40.72610855102539,-73.98822784423827,40.745880126953125,N,830,2.2158876887375087,19
id3685649,2,2016-01-26 19:04:23,2016-01-26 19:21:48,3,-73.99300384521484,40.742351531982415,-73.99030303955078,40.76987075805664,N,1045,3.0632484615781417,19
id3275092,2,2016-02-02 19:22:58,2016-02-02 19:36:01,1,-73.97413635253906,40.6795654296875,-73.99258422851561,40.65993118286133,N,783,2.6848896210928253,19
id3886401,1,2016-03-19 19:24:02,2016-03-19 19:38:23,1,-73.9776840209961,40.752174377441406,-73.95647430419923,40.74660110473633,N,861,1.9060137588129,19
id1173254,2,2016-06-28 19:15:04,2016-06-28 19:24:50,1,-74.0101547241211,40.703887939453125,-73.9677734375,40.751583099365234,N,586,6.403554672462088,19
id3153710,1,2016-02-12 19:58:51,2016-02-12 20:04:03,1,-73.94864654541014,40.7889518737793,-73.95599365234375,40.77376556396485,N,312,1.7976439393947776,19
id0591085,2,2016-02-29 19:29:54,2016-02-29 19:37:37,3,-73.99105072021484,40.74563980102539,-73.97911071777342,40.745361328125,N,463,1.0153708139088005,19
id2673138,1,2016-06-03 19:29:22,2016-06-03 19:38:50,1,-73.99498748779298,40.761940002441406,-73.98568725585938,40.74416732788086,N,568,2.12526011742096,19
id0291914,2,2016-02-19 19:22:31,2016-02-19 19:44:05,1,-73.95120239257811,40.77867889404297,-73.98516845703125,40.732200622558594,N,1294,5.911990034545977,19
id1144231,2,2016-03-04 19:35:06,2016-03-04 19:42:43,5,-73.97760009765625,40.74932098388672,-73.98756408691406,40.74446868896485,N,457,1.0036936180613412,19
id2918481,2,2016-05-02 19:18:35,2016-05-02 19:25:58,1,-73.97734832763672,40.76352310180664,-73.9822769165039,40.776565551757805,N,443,1.5071072504569132,19
id2776715,2,2016-05-25 19:17:04,2016-05-25 19:39:50,5,-73.99340057373048,40.75783920288086,-73.95184326171875,40.7745246887207,N,1366,3.9884686234691302,19
id3849226,2,2016-05-03 19:44:13,2016-05-03 19:57:30,1,-74.01075744628906,40.70907974243164,-74.0074691772461,40.72652816772461,N,797,1.956839303071975,19
id3941844,1,2016-06-07 19:37:32,2016-06-07 19:47:25,2,-74.0168685913086,40.704776763916016,-74.00840759277344,40.740455627441406,N,593,4.0251247822624405,19
id0669282,2,2016-03-22 19:47:24,2016-03-22 19:55:33,1,-73.97415924072266,40.788841247558594,-73.95307922363281,40.78342056274414,N,489,1.890129767878669,19
id0645821,1,2016-06-04 19:50:31,2016-06-04 19:57:07,2,-73.9866943359375,40.756999969482415,-73.99654388427734,40.76188659667969,N,396,0.9975660287311311,19
id0331243,2,2016-03-19 19:32:52,2016-03-19 20:01:16,1,-73.99485015869139,40.7400016784668,-73.94294738769531,40.79938125610352,N,1704,7.931358408417455,19
id2997280,1,2016-01-10 19:42:17,2016-01-10 19:49:58,3,-74.00446319580078,40.71965408325195,-74.00029754638672,40.734031677246094,N,461,1.6347204283922396,19
id1784725,2,2016-04-12 19:27:03,2016-04-12 19:40:21,1,-73.98394012451173,40.743560791015625,-73.96788024902342,40.771308898925774,N,798,3.368993229630982,19
id2508369,2,2016-03-03 19:42:17,2016-03-03 20:00:46,1,-73.98043060302734,40.73781967163086,-73.99227905273438,40.759960174560554,N,1109,2.6559488623362384,19
id3810360,2,2016-01-26 19:06:15,2016-01-26 19:18:04,3,-73.94763946533203,40.74740982055664,-73.9561996459961,40.71371841430664,N,709,3.809872038881808,19
id1151104,1,2016-05-20 19:24:39,2016-05-20 19:26:15,1,-73.9657974243164,40.79541015625,-73.96961212158203,40.78986740112305,N,96,0.6954602831469865,19
id1253787,2,2016-06-10 19:17:16,2016-06-10 20:13:30,1,-73.99893951416014,40.72441101074219,-73.790771484375,40.64648818969727,N,3374,19.69518539864046,19
id0008347,1,2016-02-11 20:20:28,2016-02-11 20:56:18,2,-73.9622802734375,40.779121398925774,-74.00019836425781,40.73800659179688,N,2150,5.587103696010668,20
id0559625,2,2016-05-03 20:52:02,2016-05-03 21:05:21,1,-73.96934509277344,40.74948501586913,-73.94824981689453,40.76362228393555,N,799,2.382793747841351,20
id1152909,1,2016-03-10 20:41:07,2016-03-10 20:46:51,1,-73.9779281616211,40.78689956665039,-73.98231506347656,40.77487564086913,N,344,1.3857671022913298,20
id1393526,1,2016-04-21 20:12:07,2016-04-21 20:27:32,1,-73.97955322265625,40.74972915649414,-73.98332214355469,40.71868133544922,N,925,3.4611658719862755,20
id2596019,2,2016-01-22 20:06:14,2016-01-22 20:25:09,1,-73.98332214355469,40.7659912109375,-73.98359680175781,40.73896026611328,N,1135,3.0005256998233003,20
id3198861,2,2016-02-10 20:30:30,2016-02-10 20:36:01,1,-73.94635009765625,40.77742385864258,-73.95536041259764,40.767520904541016,N,331,1.3397272911251488,20
id0624131,1,2016-03-15 20:06:34,2016-03-15 20:28:59,1,-74.00394439697266,40.725749969482415,-73.94678497314453,40.7805061340332,N,1345,7.7811826220476865,20
id2362642,2,2016-01-18 20:07:32,2016-01-18 20:22:23,1,-73.99440002441406,40.75012969970703,-74.01022338867188,40.711471557617195,N,891,4.496902235061364,20
id0155685,2,2016-02-09 20:33:13,2016-02-09 20:50:39,5,-73.9763412475586,40.75413131713867,-73.99434661865233,40.72443008422852,N,1046,3.634753150543541,20
id3265685,1,2016-02-05 20:50:08,2016-02-05 21:08:21,1,-74.01347351074217,40.71573638916016,-73.97872161865233,40.78776931762695,N,1093,8.523854117308279,20
id0809868,2,2016-03-22 20:50:57,2016-03-22 20:55:56,5,-74.01006317138672,40.720718383789055,-74.00759887695312,40.7123908996582,N,299,0.9477868353625404,20
id0241011,1,2016-05-07 20:32:08,2016-05-07 20:46:56,1,-74.0027618408203,40.76055908203125,-74.0013656616211,40.732669830322266,N,888,3.0979808371202067,20
id3709577,2,2016-04-05 20:34:47,2016-04-05 20:37:59,2,-73.98682403564453,40.74935150146485,-73.97928619384764,40.74622344970703,N,192,0.7287489867905271,20
id1375964,2,2016-01-29 20:00:38,2016-01-29 20:16:50,1,-73.97520446777344,40.75008010864258,-74.00233459472656,40.739700317382805,N,972,2.577863792444148,20
id1261716,2,2016-03-21 20:10:11,2016-03-21 20:22:35,2,-73.99049377441406,40.7561912536621,-73.9860076904297,40.750782012939446,N,744,0.7112761810573291,20
id0030862,2,2016-06-06 20:04:06,2016-06-06 20:07:42,1,-73.96580505371094,40.77427673339844,-73.96205139160156,40.77384185791016,N,216,0.3226921236841169,20
id0928964,1,2016-06-15 20:24:31,2016-06-15 20:26:10,1,-73.98490905761719,40.75923538208008,-73.98982238769531,40.761333465576165,N,99,0.47817763396677,20
id2831515,2,2016-06-21 20:07:37,2016-06-21 20:16:58,2,-73.97622680664062,40.75505828857422,-73.9599609375,40.77637100219727,N,561,2.740103865528971,20
id3249193,1,2016-01-11 20:19:11,2016-01-11 20:27:43,1,-73.99256896972656,40.743549346923835,-73.99971008300781,40.72230911254882,N,512,2.434549551921574,20
id2015271,1,2016-06-28 20:49:28,2016-06-28 20:56:07,1,-73.98152923583984,40.78112411499024,-73.97069549560547,40.783599853515625,N,399,0.9609977108058305,20
id1465622,1,2016-03-18 20:02:09,2016-03-18 20:07:54,1,-73.99242401123048,40.72127532958984,-73.99983978271484,40.71928024291992,N,345,0.6681103133811056,20
id1783676,2,2016-02-29 20:42:42,2016-02-29 20:46:17,1,-73.99170684814453,40.726341247558594,-73.98478698730467,40.73649978637695,N,215,1.2717869882400454,20
id2075103,2,2016-06-18 20:55:33,2016-06-18 21:13:53,1,-73.99555969238281,40.75970077514648,-73.95076751708984,40.77471160888672,N,1100,4.15596318096476,20
id1902908,1,2016-03-18 20:05:03,2016-03-18 20:17:46,4,-73.97618103027344,40.765640258789055,-73.98287963867188,40.751094818115234,N,763,1.7120010481553745,20
id3366218,2,2016-03-28 20:52:50,2016-03-28 21:10:34,1,-73.99314880371094,40.72712326049805,-73.95130920410156,40.77407836914063,N,1064,6.309743316213927,20
id3820234,2,2016-04-30 20:53:29,2016-04-30 21:02:22,6,-73.98622131347656,40.75171661376953,-73.99246215820312,40.73971557617188,N,533,1.4338518638619264,20
id3588268,1,2016-05-27 20:37:11,2016-05-27 20:45:04,2,-73.98165130615233,40.77420425415039,-73.97093200683594,40.79679870605469,N,473,2.668363067232647,20
id2387539,2,2016-05-25 20:05:52,2016-05-25 20:32:58,1,-74.02178955078125,40.87570190429688,-74.02178955078125,40.87570190429688,N,1626,0.0,20
id3350656,1,2016-02-27 20:11:00,2016-02-27 20:18:57,1,-74.00284576416014,40.73347091674805,-74.01033020019531,40.72401428222656,N,477,1.2274212238497848,20
id3769927,1,2016-02-07 20:53:41,2016-02-07 20:56:58,1,-73.95728302001953,40.76997756958008,-73.95568084716798,40.764137268066406,N,197,0.6624233991750368,20
id2191692,2,2016-01-21 20:26:03,2016-01-21 20:42:48,2,-73.97435760498048,40.764896392822266,-74.00450134277344,40.74202346801758,N,1005,3.6070688469172003,20
id1591552,1,2016-05-03 20:54:20,2016-05-03 20:59:35,1,-73.9900894165039,40.73525619506836,-73.98324584960938,40.73493957519531,N,315,0.5827638921774211,20
id3335957,2,2016-03-15 20:49:01,2016-03-15 20:55:52,1,-73.97294616699219,40.761478424072266,-73.95481109619139,40.77073669433594,N,411,1.8526373756840262,20
id3013330,1,2016-03-29 20:49:38,2016-03-29 21:04:24,1,-73.99691009521484,40.725685119628906,-73.98433685302734,40.77507781982422,N,886,5.585782347559311,20
id1434459,2,2016-06-03 20:13:42,2016-06-03 20:19:54,1,-73.97943878173827,40.764495849609375,-73.97623443603516,40.759544372558594,N,372,0.6134008303629075,20
id3644455,2,2016-04-08 20:10:19,2016-04-08 20:23:34,2,-73.9913330078125,40.7446174621582,-73.99078369140625,40.728397369384766,N,795,1.8010356438551636,20
id1099442,2,2016-05-15 20:36:46,2016-05-15 20:41:50,2,-73.98654174804686,40.73012161254882,-73.9764175415039,40.73965835571289,N,304,1.364238882859197,20
id2529050,1,2016-02-26 20:07:20,2016-02-26 20:17:47,1,-73.9776840209961,40.75187301635742,-73.99250030517578,40.749244689941406,N,627,1.2927347553008566,20
id1311509,2,2016-01-08 20:27:59,2016-01-08 20:34:34,5,-73.94490051269531,40.78328704833984,-73.95508575439453,40.773540496826165,N,395,1.3856233345060676,20
id2103136,2,2016-04-01 20:40:30,2016-04-01 20:52:50,1,-74.00476837158203,40.7346305847168,-73.99813842773438,40.72247695922852,N,740,1.4620279339526663,20
id3956087,2,2016-06-07 20:13:28,2016-06-07 20:29:12,1,-73.96923828125,40.75775909423828,-73.9968490600586,40.73609924316406,N,944,3.3598217665879835,20
id0281825,1,2016-05-18 20:19:07,2016-05-18 20:26:13,1,-73.99322509765625,40.75234222412109,-73.99267578125,40.740398406982415,N,426,1.3265856653818455,20
id3580700,2,2016-06-04 20:33:25,2016-06-04 20:42:00,1,-73.95954895019531,40.77711868286133,-73.97341918945312,40.755268096923835,N,515,2.6967775523817274,20
id1063999,2,2016-02-11 20:38:26,2016-02-11 20:56:59,2,-73.97772979736328,40.76275253295898,-73.98087310791014,40.73055648803711,N,1113,3.5837345724846914,20
id0272276,1,2016-04-21 20:58:52,2016-04-21 21:09:43,4,-73.99584197998048,40.738956451416016,-73.99505615234375,40.76048278808594,N,651,2.3903568063143332,20
id1082922,1,2016-03-02 20:54:36,2016-03-02 21:28:13,1,-73.78185272216798,40.64473342895508,-73.95445251464845,40.80097198486328,N,2017,22.71561854272352,20
id0001722,2,2016-02-17 20:26:50,2016-02-17 20:59:16,1,-73.98714447021484,40.72061538696289,-73.97553253173827,40.789745330810554,N,1946,7.7366420665915765,20
id0819120,1,2016-03-27 20:00:55,2016-03-27 20:08:02,4,-73.9765625,40.751930236816406,-73.98428344726561,40.74356460571289,N,427,1.1370902855355496,20
id2413206,2,2016-06-26 20:16:15,2016-06-26 20:32:19,1,-73.9817886352539,40.77859878540039,-73.95063781738281,40.77117919921875,N,964,2.7729447249953845,20
id0593873,2,2016-04-24 20:21:17,2016-04-24 20:29:58,2,-73.96047210693358,40.7728385925293,-73.95384216308594,40.77471160888672,N,521,0.6006726523745888,20
id3270794,1,2016-04-13 20:46:08,2016-04-13 20:54:27,2,-74.00645446777344,40.71731185913086,-73.99718475341797,40.73710250854492,N,499,2.333793178175394,20
id1641586,1,2016-01-06 20:54:38,2016-01-06 21:19:08,4,-73.99311065673827,40.75310134887695,-73.98046875,40.67235565185546,N,1470,9.02695808086089,20
id1383544,2,2016-01-06 20:02:27,2016-01-06 20:19:59,1,-74.00531005859375,40.72121810913086,-74.00519561767578,40.7210807800293,N,1052,0.018082838382556567,20
id3904551,1,2016-01-08 20:45:12,2016-01-08 21:05:37,1,-74.01006317138672,40.70606231689453,-73.98014068603516,40.74308013916016,N,1225,4.83245726799542,20
id0102541,2,2016-03-05 20:07:44,2016-03-05 20:28:24,1,-73.98194885253906,40.75788116455078,-73.95477294921875,40.805221557617195,N,1240,5.740089567091786,20
id1848238,1,2016-04-15 20:59:14,2016-04-15 21:04:36,1,-73.99590301513672,40.74899673461913,-74.0028305053711,40.74781799316406,N,322,0.6031979843672104,20
id0987546,2,2016-06-13 20:09:16,2016-06-13 20:27:55,1,-73.87306976318358,40.773975372314446,-73.93791198730467,40.85504531860352,N,1119,10.552505298387036,20
id3991883,2,2016-03-13 20:30:55,2016-03-13 20:37:33,1,-73.95951080322266,40.77114868164063,-73.93527984619139,40.79587173461913,N,398,3.4311861057191573,20
id1690101,1,2016-03-11 20:04:57,2016-03-11 20:14:27,2,-73.96220397949219,40.7789192199707,-73.98611450195312,40.77773666381836,N,570,2.0366288817657376,20
id3253676,2,2016-01-10 20:00:00,2016-01-10 20:10:50,1,-73.968017578125,40.7554931640625,-73.99363708496092,40.732925415039055,N,650,3.319234946160182,20
id1837894,2,2016-03-04 20:12:05,2016-03-04 20:17:27,1,-73.97439575195312,40.76205825805664,-73.9773712158203,40.74951553344727,N,322,1.4150281611006805,20
id1418018,2,2016-05-08 20:02:13,2016-05-08 20:37:13,1,-73.86370849609375,40.77004623413086,-74.00714874267578,40.73297882080078,N,2100,12.867948485280312,20
id0335280,2,2016-02-20 20:07:54,2016-02-20 20:19:13,2,-73.98196411132812,40.75690078735352,-73.97154998779298,40.782169342041016,N,679,2.941179466094297,20
id2030231,2,2016-01-12 20:03:10,2016-01-12 20:08:04,5,-73.97576904296875,40.74903106689453,-73.96820831298828,40.75349044799805,N,294,0.8111910366352321,20
id3173472,1,2016-01-30 20:21:44,2016-01-30 20:33:33,1,-73.98880004882812,40.734031677246094,-73.97760772705078,40.72158432006836,N,709,1.6775091272017029,20
id0693201,2,2016-06-03 20:03:50,2016-06-03 20:14:00,1,-74.00801849365233,40.74708938598633,-73.99282836914062,40.75851058959961,N,610,1.8095012697999147,20
id2793160,1,2016-01-02 20:28:31,2016-01-02 20:40:17,1,-73.94483184814453,40.78010940551758,-73.97654724121092,40.77902603149414,N,706,2.698489232081232,20
id2096665,1,2016-06-30 20:53:35,2016-06-30 21:05:21,1,-73.99921417236328,40.71876907348633,-73.98723602294923,40.72225189208984,N,706,1.0890677670463351,20
id2834436,2,2016-05-20 20:40:37,2016-05-20 20:52:14,5,-74.00373077392578,40.72228240966797,-73.9935531616211,40.721145629882805,N,697,0.8742510716605052,20
id2717752,1,2016-03-18 20:40:29,2016-03-18 20:44:34,1,-73.97715759277344,40.758888244628906,-73.96981811523438,40.76192092895508,N,245,0.7088823469304288,20
id1761375,1,2016-05-14 20:10:52,2016-05-14 20:37:38,1,-73.98768615722656,40.76226806640625,-73.9831771850586,40.730571746826165,N,1606,3.539105132453427,20
id3251980,1,2016-04-29 20:59:47,2016-04-29 21:10:35,1,-73.97357177734375,40.7477912902832,-73.98868560791014,40.727096557617195,N,648,2.631944188821899,20
id0996388,1,2016-05-17 20:06:17,2016-05-17 20:17:04,1,-74.00167846679686,40.719825744628906,-73.98748016357422,40.7197494506836,N,647,1.2068854861643166,20
id1202794,1,2016-06-29 20:47:56,2016-06-29 20:56:35,1,-74.00096893310547,40.761882781982415,-73.98488616943358,40.75472259521485,N,519,1.581284560607404,20
id0988124,2,2016-01-26 20:40:49,2016-01-26 20:49:51,6,-73.98578643798828,40.757030487060554,-74.00041198730467,40.74136352539063,N,542,2.137688177673223,20
id2615034,1,2016-03-29 20:26:23,2016-03-29 20:32:13,1,-73.9824676513672,40.77131271362305,-73.98621368408203,40.75922393798828,N,350,1.3791153368923466,20
id1104428,2,2016-04-23 20:14:52,2016-04-23 20:35:19,1,-73.86289215087889,40.768680572509766,-73.9968490600586,40.69089889526367,N,1227,14.289527459399851,20
id0431950,1,2016-02-03 20:56:37,2016-02-03 21:07:17,1,-73.98070526123048,40.76430130004882,-73.99815368652342,40.7452392578125,N,640,2.583913696610205,20
id0102763,2,2016-03-24 20:26:48,2016-03-24 20:35:53,2,-74.01029968261719,40.7098388671875,-73.99014282226561,40.71268844604492,N,545,1.74228532735787,20
id0561158,1,2016-03-07 20:45:42,2016-03-07 20:54:45,1,-73.99790954589844,40.7358283996582,-73.99951171875,40.76143646240234,N,543,2.845755417144814,20
id0530082,2,2016-05-19 20:07:41,2016-05-19 20:17:31,1,-73.98532104492188,40.761096954345696,-73.97087860107422,40.75581741333008,N,590,1.3603127515989144,20
id1189296,2,2016-04-04 20:29:26,2016-04-04 20:38:08,1,-73.98418426513672,40.7739372253418,-73.95862579345702,40.767974853515625,N,522,2.2710430089045732,20
id0698435,2,2016-05-05 20:50:36,2016-05-05 21:01:38,2,-73.99658203125,40.719062805175774,-73.98338317871094,40.72833633422852,N,662,1.5225802781496776,20
id2896193,1,2016-05-11 20:33:54,2016-05-11 20:57:59,1,-73.95613098144531,40.77635192871094,-73.91339111328125,40.88687896728516,N,1445,12.795077361595226,20
id3195677,1,2016-04-27 20:32:46,2016-04-27 21:04:05,1,-73.96979522705078,40.768463134765625,-73.97896575927734,40.757286071777344,N,1879,1.4652082292782822,20
id1568426,2,2016-06-13 20:59:46,2016-06-13 21:02:52,1,-73.97618103027344,40.744590759277344,-73.98812866210938,40.7281608581543,N,186,2.0874123347507596,20
id3230116,2,2016-05-20 20:08:02,2016-05-20 20:14:49,1,-73.98668670654298,40.75936126708984,-73.9806900024414,40.75355911254882,N,407,0.8213408281855046,20
id1341952,1,2016-03-29 20:23:36,2016-03-29 20:29:43,1,-73.98118591308595,40.769004821777344,-73.9695053100586,40.78546524047852,N,367,2.0794402355431547,20
id2161163,2,2016-05-04 20:20:35,2016-05-04 20:36:09,1,-73.98192596435547,40.76948165893555,-74.00215911865233,40.73468017578125,N,934,4.228506838482827,20
id2865082,1,2016-04-03 20:52:22,2016-04-03 21:39:05,1,-74.00012969970702,40.754051208496094,-73.94268035888672,40.69246673583984,N,2803,8.400880334142222,20
id0096239,2,2016-02-23 20:35:20,2016-02-23 20:40:39,1,-73.99019622802734,40.71908950805664,-73.98516082763672,40.72377014160156,N,319,0.6731450595066578,20
id3822792,1,2016-03-25 20:41:40,2016-03-25 20:53:08,1,-74.00115966796875,40.73160552978516,-73.98754119873048,40.74435043334961,N,688,1.8279222345637705,20
id2028842,2,2016-03-05 20:57:13,2016-03-05 21:04:18,1,-73.98216247558594,40.76813125610352,-73.97698974609375,40.754261016845696,N,425,1.6011489085549877,20
id3127107,2,2016-02-05 20:05:01,2016-02-05 20:24:19,1,-73.97705841064453,40.76430130004882,-73.99989318847656,40.73463821411133,N,1158,3.8221122593922865,20
id3526835,2,2016-04-26 20:29:13,2016-04-26 20:36:12,1,-73.98710632324217,40.755462646484375,-74.0029754638672,40.7505111694336,N,419,1.4565522756188298,20
id3621572,2,2016-06-29 20:10:03,2016-06-29 20:27:42,2,-73.99217987060547,40.7547607421875,-74.01080322265625,40.7236213684082,N,1059,3.801714023359844,20
id3105519,1,2016-05-21 20:49:38,2016-05-21 20:59:37,2,-74.01286315917967,40.707401275634766,-74.00214385986328,40.729774475097656,N,599,2.645293430364437,20
id2323444,2,2016-03-14 20:24:03,2016-03-14 20:33:46,1,-73.97852325439453,40.762859344482415,-73.9586410522461,40.77568817138672,N,583,2.2099393812985535,20
id1821887,1,2016-05-30 20:28:38,2016-05-30 20:37:55,1,-73.98334503173827,40.6937370300293,-73.9896469116211,40.73013305664063,N,557,4.075315909168897,20
id1148462,2,2016-01-19 20:23:32,2016-01-19 20:33:12,2,-73.99748229980467,40.72132873535156,-74.00091552734375,40.74187850952149,N,580,2.299616531127427,20
id3966184,2,2016-03-31 20:42:21,2016-03-31 20:58:03,1,-74.01583862304686,40.71160888671875,-73.99532318115233,40.6982536315918,N,942,2.288774954768929,20
id3979937,2,2016-05-23 20:52:46,2016-05-23 21:02:00,1,-73.94609069824217,40.80133056640625,-73.93472290039062,40.79484176635742,N,554,1.2051695723042244,20
id3753350,2,2016-02-26 20:55:57,2016-02-26 21:06:06,1,-73.98741149902342,40.719818115234375,-74.00115966796875,40.727630615234375,N,609,1.4552068372587281,20
id1104900,1,2016-02-07 20:45:36,2016-02-07 20:51:42,2,-73.99401092529298,40.73622131347656,-73.98562622070312,40.7327537536621,N,366,0.8099928894239679,20
id2131398,2,2016-03-04 20:34:03,2016-03-04 20:40:26,1,-74.00557708740233,40.7407112121582,-73.99446868896483,40.75074005126953,N,383,1.4597111385848367,20
id0347924,2,2016-05-03 20:06:26,2016-05-03 20:20:34,2,-74.0006103515625,40.74211883544922,-74.00585174560547,40.7076301574707,N,848,3.854080065638204,20
id2915459,2,2016-06-01 20:17:23,2016-06-01 20:31:44,1,-73.98504638671875,40.74505233764648,-73.98162841796875,40.7291145324707,N,861,1.7927933845745156,20
id1190361,2,2016-01-07 20:41:03,2016-01-07 20:54:48,1,-73.97928619384764,40.75276184082031,-73.94953155517578,40.781959533691406,N,825,4.110996016088535,20
id1570518,2,2016-03-07 20:53:46,2016-03-07 20:54:09,1,-73.97390747070312,40.78382110595703,-73.97216033935547,40.783111572265625,N,23,0.1680980108076443,20
id1808262,1,2016-01-02 20:26:00,2016-01-02 20:40:20,1,-73.98202514648438,40.76339721679688,-73.98492431640625,40.742286682128906,N,860,2.356191568720974,20
id0447847,2,2016-02-17 20:07:56,2016-02-17 20:33:33,1,-74.00562286376953,40.74053955078125,-73.95880889892578,40.77822113037109,N,1537,5.773087122261119,20
id2107528,1,2016-03-10 20:36:06,2016-03-10 20:40:28,2,-73.93560791015625,40.80009078979492,-73.94709014892578,40.7996940612793,N,262,0.9769832660974673,20
id1566180,2,2016-04-21 20:14:02,2016-04-21 20:30:18,1,-73.97260284423827,40.76374816894531,-73.99083709716798,40.75070190429688,N,976,2.121160465868875,20
id2115909,2,2016-02-13 20:50:08,2016-02-13 21:00:58,1,-73.99034881591797,40.750038146972656,-73.97787475585938,40.74549102783203,N,650,1.1742990714804187,20
id2030415,2,2016-02-11 20:20:56,2016-02-11 20:26:43,1,-73.99372863769531,40.73508834838867,-74.00566101074217,40.73318862915039,N,347,1.0359402467994883,20
id1949271,1,2016-02-11 20:24:02,2016-02-11 20:34:21,1,-73.98944854736328,40.7364616394043,-74.00354766845702,40.72281646728516,N,619,1.9313930388626996,20
id3323585,2,2016-06-22 20:02:25,2016-06-22 20:12:09,1,-74.01721954345702,40.704891204833984,-74.0000457763672,40.72533798217773,N,584,2.698514069879233,20
id3399470,1,2016-04-08 20:07:21,2016-04-08 20:24:54,1,-73.98770141601561,40.73598861694336,-74.0057601928711,40.724563598632805,N,1053,1.9911016564058743,20
id1865617,1,2016-04-25 20:04:15,2016-04-25 20:11:07,1,-73.96430206298828,40.79241180419922,-73.9486312866211,40.78149032592773,N,412,1.8010828163047663,20
id1177587,2,2016-02-25 20:23:21,2016-02-25 20:32:38,1,-73.97537994384764,40.7612190246582,-73.96144104003906,40.78010177612305,N,557,2.4076798083170416,20
id0996739,2,2016-05-08 20:01:53,2016-05-08 20:15:53,5,-73.98812103271484,40.77483749389648,-73.95238494873048,40.772743225097656,N,840,3.046449336078123,20
id3415431,1,2016-06-30 20:34:41,2016-06-30 20:49:01,1,-73.99171447753906,40.74773406982422,-73.98175048828125,40.73401641845703,N,860,1.742353915303207,20
id2992069,1,2016-03-11 20:45:04,2016-03-11 21:11:56,1,-73.98541259765625,40.72203063964844,-73.9813461303711,40.768020629882805,N,1612,5.116577427662033,20
id1905722,2,2016-06-17 20:57:09,2016-06-17 21:02:30,5,-73.97952270507811,40.77645111083984,-73.98037719726561,40.76163864135742,N,321,1.6457875863996045,20
id2062959,2,2016-01-13 20:34:37,2016-01-13 21:01:30,1,-73.95088195800781,40.77475357055664,-73.97303009033203,40.63609313964844,N,1613,15.506015173091837,20
id1171845,2,2016-03-24 20:51:26,2016-03-24 21:09:15,2,-73.97608184814453,40.760150909423835,-74.0017318725586,40.73949813842773,N,1069,3.163678376525825,20
id2489664,1,2016-05-10 20:31:04,2016-05-10 21:07:06,2,-73.78972625732422,40.64401626586913,-73.95205688476561,40.74979019165039,N,2162,18.11729901724957,20
id3023269,1,2016-02-11 20:22:57,2016-02-11 20:36:38,1,-73.98677062988281,40.74528884887695,-73.97157287597656,40.75461196899414,N,821,1.65520966394335,20
id2973968,2,2016-04-23 20:34:58,2016-04-23 21:03:32,1,-73.98380279541014,40.7487907409668,-73.98619842529298,40.72243881225586,N,1714,2.9321433278190585,20
id1722942,1,2016-01-25 20:54:03,2016-01-25 21:00:26,1,-73.98950958251953,40.726119995117195,-73.99005126953125,40.7190055847168,N,383,0.7910406946574488,20
id2647572,1,2016-05-14 20:14:11,2016-05-14 20:26:04,1,-73.98958587646483,40.747406005859375,-74.00810241699219,40.73881149291992,N,713,1.840456092836737,20
id1788870,1,2016-03-29 20:58:59,2016-03-29 21:25:11,2,-73.98870849609375,40.7202033996582,-73.9188232421875,40.6854248046875,N,1572,7.084447983960379,20
id0653208,2,2016-03-28 20:43:59,2016-03-28 21:02:17,5,-73.97728729248048,40.75212097167969,-74.00984191894531,40.712867736816406,N,1098,5.1615386475019305,20
id1780552,1,2016-04-25 20:45:23,2016-04-25 21:08:55,1,-73.77670288085938,40.64532470703125,-73.93396759033203,40.608768463134766,N,1412,13.969801117101689,20
id1496569,1,2016-05-13 20:28:20,2016-05-13 20:42:52,1,-73.97775268554686,40.737895965576165,-73.98537445068358,40.74169921875,N,872,0.7732591197273279,20
id1903022,2,2016-05-20 20:52:01,2016-05-20 21:13:20,1,-73.9559097290039,40.73004150390625,-73.82510375976561,40.755889892578125,N,1279,11.482741376577962,20
id0095231,1,2016-04-18 20:31:28,2016-04-18 20:35:24,1,-74.00505065917967,40.7228889465332,-74.00064849853516,40.73646926879882,N,236,1.5531631323286452,20
id1922473,1,2016-06-18 20:13:10,2016-06-18 20:21:59,1,-73.99779510498048,40.72427749633789,-73.98879241943358,40.7185935974121,N,529,0.9917788283746238,20
id2159399,1,2016-05-20 20:12:47,2016-05-20 20:26:38,1,-74.00462341308595,40.75704574584961,-73.93544006347656,40.8473014831543,N,831,11.61677026990552,20
id1084498,1,2016-06-09 20:54:57,2016-06-09 21:01:18,1,-73.98049926757811,40.742618560791016,-73.97779083251953,40.751628875732415,N,381,1.026299077206224,20
id0363328,2,2016-03-15 20:04:41,2016-03-15 20:12:37,1,-73.95680236816406,40.766616821289055,-73.97373199462889,40.78452301025391,N,476,2.453828744229804,20
id0377025,2,2016-04-19 20:17:28,2016-04-19 20:45:07,2,-73.97736358642578,40.78702926635742,-73.99101257324217,40.69226837158203,N,1659,10.582247714686229,20
id2866858,2,2016-01-09 20:34:04,2016-01-09 20:50:59,1,-73.95697784423827,40.7843017578125,-73.95960998535155,40.78264236450195,N,1015,0.28979810297299863,20
id2450811,2,2016-04-25 20:21:40,2016-04-25 20:27:55,1,-73.99421691894531,40.72649002075195,-73.99999237060547,40.734840393066406,N,375,1.0488677178103774,20
id3613335,2,2016-05-16 20:49:25,2016-05-16 20:58:33,5,-73.98422241210938,40.74602890014648,-73.9758071899414,40.73263931274414,N,548,1.6494141892959029,20
id2946529,1,2016-05-23 20:19:46,2016-05-23 20:38:17,1,-73.97808074951173,40.75213623046875,-73.98683166503906,40.77684783935546,N,1111,2.8420531681867653,20
id2258773,2,2016-01-29 20:55:05,2016-01-29 20:59:57,1,-73.95833587646483,40.76456451416016,-73.9564437866211,40.774715423583984,N,292,1.1381709990785651,20
id1164108,2,2016-02-04 20:13:34,2016-02-04 20:16:17,1,-73.98196411132812,40.7721061706543,-73.98138427734375,40.780235290527344,N,163,0.9036773147024283,20
id1346454,2,2016-03-16 20:27:39,2016-03-16 20:33:41,3,-73.96049499511719,40.79749298095703,-73.97949981689453,40.77773666381836,N,362,2.723707760208992,20
id3294383,2,2016-04-20 20:29:06,2016-04-20 20:36:19,1,-73.98985290527344,40.73419189453125,-73.9793243408203,40.72761154174805,N,433,1.1551658904557114,20
id3945316,2,2016-03-24 20:31:58,2016-03-24 20:42:08,3,-73.96211242675781,40.81076049804688,-73.93910217285155,40.804988861083984,N,610,2.058122506025165,20
id2639040,1,2016-02-27 20:59:10,2016-02-27 21:17:14,1,-73.95410919189453,40.78464126586913,-73.99199676513672,40.74247741699219,N,1084,5.68114515339214,20
id2003763,2,2016-05-11 20:12:04,2016-05-11 20:19:27,2,-73.98761749267578,40.743061065673835,-73.99253845214845,40.740581512451165,N,443,0.5007107315936299,20
id2868161,2,2016-01-16 20:36:58,2016-01-16 20:39:20,2,-73.96430206298828,40.76070785522461,-73.96902465820312,40.7575798034668,N,142,0.5307502967431045,20
id1788023,2,2016-01-26 20:08:18,2016-01-26 20:46:38,1,-73.7747573852539,40.66796112060546,-73.98008728027342,40.66468048095703,N,2300,17.456839598709045,20
id0426954,2,2016-02-25 20:40:57,2016-02-25 20:46:32,1,-73.96758270263672,40.76002883911133,-73.96145629882812,40.76338958740234,N,335,0.640574566726579,20
id2142613,2,2016-06-10 20:37:18,2016-06-10 20:53:32,1,-73.9941177368164,40.7510986328125,-73.98573303222656,40.72623062133789,N,974,2.8508716642661507,20
id3974849,1,2016-06-18 20:23:52,2016-06-18 20:34:41,1,-73.9869384765625,40.75479888916016,-73.9727783203125,40.74951934814453,N,649,1.338698988365594,20
id0665054,1,2016-02-10 20:11:19,2016-02-10 20:18:48,1,-73.98291015625,40.762733459472656,-73.972900390625,40.75821685791016,N,449,0.9875507067079681,20
id0409491,1,2016-05-04 20:16:40,2016-05-04 20:35:38,1,-73.98395538330078,40.72624969482422,-74.00577545166014,40.74856948852539,N,1138,3.0948223742717937,20
id3865262,1,2016-05-28 20:04:53,2016-05-28 20:14:17,2,-73.96573638916014,40.76538848876953,-73.98110961914062,40.758056640625,N,564,1.5394338852047413,20
id3627201,2,2016-06-09 20:41:26,2016-06-09 20:57:14,1,-73.99838256835938,40.71985626220703,-73.990966796875,40.749168395996094,N,948,3.314143489696317,20
id0927938,1,2016-03-04 20:33:21,2016-03-04 20:41:17,3,-74.00484466552734,40.73006439208984,-73.99730682373048,40.71944046020508,N,476,1.3420743088071787,20
id0949210,1,2016-03-01 20:42:14,2016-03-01 20:57:39,1,-73.96087646484375,40.76497268676758,-73.99301147460938,40.74157333374024,N,925,3.7692272306494816,20
id1351247,1,2016-03-13 20:27:07,2016-03-13 20:35:28,2,-73.985595703125,40.75269317626953,-73.97840118408203,40.76647567749024,N,501,1.6475552686237833,20
id0682390,2,2016-03-22 20:58:29,2016-03-22 21:10:28,1,-73.96672058105469,40.77228164672852,-73.97946166992188,40.74771118164063,N,719,2.934477145294248,20
id2501005,2,2016-01-26 20:24:16,2016-01-26 20:33:44,1,-73.98467254638672,40.75691986083984,-73.97698974609375,40.747440338134766,N,568,1.2384023434004234,20
id2254474,1,2016-05-12 20:45:01,2016-05-12 20:49:24,1,-73.96683502197266,40.75678634643555,-73.97992706298828,40.739288330078125,N,263,2.238487657794307,20
id3611997,1,2016-02-17 20:34:03,2016-02-17 20:44:45,1,-73.98355102539062,40.73832321166992,-73.986328125,40.75483322143555,N,642,1.8477512344277325,20
id1110443,2,2016-01-30 20:23:26,2016-01-30 20:45:35,5,-73.98461151123048,40.75897979736328,-74.00398254394531,40.707740783691406,N,1329,5.921071697915356,20
id1825438,1,2016-02-13 20:41:15,2016-02-13 21:04:22,1,-73.99303436279298,40.75265502929688,-73.92342376708984,40.704788208007805,N,1387,7.952357495977648,20
id0250055,2,2016-05-20 20:32:44,2016-05-20 20:49:47,1,-73.96663665771484,40.76145553588867,-73.94463348388672,40.72739410400391,N,1023,4.218115797819577,20
id2262889,1,2016-01-13 20:55:35,2016-01-13 20:59:19,1,-73.97959136962889,40.755474090576165,-73.98827362060547,40.75977325439453,N,224,0.878838952199818,20
id2424941,2,2016-05-17 20:08:06,2016-05-17 20:21:04,1,-73.95070648193358,40.77933120727539,-73.96125030517578,40.756660461425774,N,778,2.671283183730119,20
id3343341,2,2016-03-01 20:39:25,2016-03-01 20:42:02,1,-73.96034240722656,40.761680603027344,-73.95187377929686,40.76620864868164,N,157,0.8779407623006699,20
id1194700,1,2016-06-11 20:59:24,2016-06-11 21:08:43,1,-73.99198150634764,40.74978256225586,-73.98418426513672,40.737838745117195,N,559,1.4821968514511241,20
id1069686,1,2016-05-19 20:01:00,2016-05-19 20:40:51,2,-73.79088592529298,40.643550872802734,-73.9793243408203,40.734840393066406,N,2391,18.953449519940254,20
id0708916,2,2016-05-10 20:25:57,2016-05-10 20:31:58,1,-73.99588775634764,40.76436996459961,-73.98699951171875,40.77613830566406,N,361,1.509027565065094,20
id3836635,1,2016-02-19 20:16:25,2016-02-19 20:23:46,1,-73.95668029785155,40.80514526367188,-73.95227813720702,40.8237190246582,N,441,2.095368375566921,20
id1847165,2,2016-03-28 20:46:02,2016-03-28 20:57:19,1,-73.99199676513672,40.744049072265625,-73.97918701171875,40.77513122558594,N,677,3.6178543256588505,20
id0474927,1,2016-01-11 20:23:03,2016-01-11 20:29:54,1,-74.0138168334961,40.708194732666016,-74.01654052734375,40.716426849365234,N,411,0.9426373173292852,20
id2477956,2,2016-04-14 20:14:45,2016-04-14 20:34:42,4,-73.992431640625,40.72385025024414,-73.94522857666014,40.69033050537109,N,1197,5.471908295905966,20
id2562015,1,2016-02-26 20:23:29,2016-02-26 20:39:58,1,-74.0089111328125,40.71266555786133,-73.99610137939453,40.7623405456543,N,989,5.6204005767028,20
id1444072,1,2016-04-13 20:23:30,2016-04-13 20:43:32,1,-73.98283386230467,40.74219512939453,-74.0080337524414,40.70668029785156,N,1202,4.486495453590718,20
id2771666,2,2016-06-20 20:38:54,2016-06-20 20:55:17,1,-73.9840316772461,40.72143173217773,-73.95169830322266,40.749019622802734,N,983,4.114701212785596,20
id1043422,1,2016-03-22 20:45:44,2016-03-22 20:53:31,1,-73.98936462402342,40.76814651489258,-73.99447631835938,40.749454498291016,N,467,2.1198201655624302,20
id1554388,1,2016-05-27 20:15:43,2016-05-27 20:30:03,1,-73.99541473388672,40.74953079223633,-73.9776611328125,40.75215530395508,N,860,1.5369183763893903,20
id1469757,2,2016-03-05 20:14:37,2016-03-05 20:23:35,5,-74.0002212524414,40.7304801940918,-74.00438690185547,40.740631103515625,N,538,1.1810759851015002,20
id2407549,2,2016-04-11 20:28:23,2016-04-11 21:05:48,1,-73.7822036743164,40.644580841064446,-73.777099609375,40.77104949951172,N,2245,14.04472349291614,20
id1217028,1,2016-01-30 20:24:40,2016-01-30 20:41:07,1,-73.98534393310547,40.75879669189453,-73.9955062866211,40.739154815673835,N,987,2.345129634318067,20
id1999555,1,2016-05-29 20:01:05,2016-05-29 20:12:57,2,-73.98931121826173,40.75838470458984,-73.98455047607422,40.74859619140625,N,712,1.1594346506661157,20
id0683047,2,2016-04-18 20:09:02,2016-04-18 20:24:48,2,-74.00711059570312,40.71810150146485,-73.99545288085938,40.76480102539063,N,946,5.277508130173176,20
id0441660,1,2016-04-12 20:09:32,2016-04-12 20:14:48,1,-73.98806762695312,40.764694213867195,-74.00149536132812,40.761348724365234,N,316,1.200248762908898,20
id3195183,2,2016-06-07 20:26:50,2016-06-07 20:37:34,2,-73.98091125488281,40.7549934387207,-74.00332641601561,40.732666015625,N,644,3.1260700277231583,20
id2819290,1,2016-04-18 20:56:25,2016-04-18 21:06:58,1,-73.94420623779298,40.77591323852539,-73.96599578857422,40.79241180419922,N,633,2.6046357267061113,20
id1159335,2,2016-04-10 20:09:48,2016-04-10 20:19:03,1,-73.98342132568358,40.76106643676758,-73.96757507324217,40.75251388549805,N,555,1.647864636016618,20
id3428911,1,2016-04-09 20:29:26,2016-04-09 20:34:07,2,-73.99372863769531,40.741596221923835,-73.98686218261719,40.75089645385742,N,281,1.185893008075702,20
id2237494,2,2016-04-18 20:20:38,2016-04-18 20:24:56,1,-74.00357055664062,40.74792098999024,-74.00080108642578,40.74222183227539,N,258,0.6749862894583014,20
id1811518,2,2016-03-02 20:20:59,2016-03-02 20:33:43,1,-73.98085021972656,40.77975845336913,-73.9553985595703,40.770240783691406,N,764,2.4075655047677813,20
id2054464,2,2016-02-26 20:53:26,2016-02-26 21:04:52,1,-73.984619140625,40.69155502319336,-73.97634887695312,40.67641067504882,N,686,1.822088730543806,20
id1863124,2,2016-06-22 20:50:36,2016-06-22 21:04:30,1,-73.98319244384764,40.74465560913086,-73.95060729980467,40.783321380615234,N,834,5.10801874091868,20
id3536926,2,2016-03-16 20:32:37,2016-03-16 20:40:24,5,-73.97245025634764,40.76256942749024,-73.98433685302734,40.77975082397461,N,467,2.1582383384354977,20
id2578496,2,2016-05-18 20:53:29,2016-05-18 21:37:21,3,-73.78221893310547,40.64470291137695,-73.93898773193358,40.836944580078125,N,2632,25.15770972654178,20
id3006714,2,2016-06-05 20:46:44,2016-06-05 20:57:35,6,-73.95550537109375,40.80418014526367,-73.9522933959961,40.81890869140625,N,651,1.6575084238802062,20
id1312658,2,2016-05-09 20:10:35,2016-05-09 20:26:08,1,-73.9793243408203,40.75287628173828,-73.97420501708984,40.791210174560554,N,933,4.277254085611713,20
id0233433,1,2016-06-08 20:12:06,2016-06-08 20:15:37,1,-73.98355102539062,40.75665664672852,-73.97886657714845,40.76151657104492,N,211,0.6704877534889935,20
id2499553,1,2016-05-25 20:39:37,2016-05-25 20:57:06,1,-73.93274688720702,40.74442672729492,-73.87675476074217,40.74825668334961,N,1049,4.7782800831118175,20
id0043963,2,2016-01-31 20:11:00,2016-01-31 20:15:52,1,-73.98603820800781,40.77756881713867,-73.98348236083984,40.7672233581543,N,292,1.1687149685194145,20
id2486114,2,2016-03-28 21:04:34,2016-03-28 21:13:15,1,-73.96843719482422,40.754749298095696,-73.98552703857422,40.74714660644531,N,521,1.679975766508759,21
id1548095,2,2016-03-23 21:05:47,2016-03-23 21:06:38,1,-73.95762634277344,40.77674102783203,-73.96044921875,40.7728385925293,N,51,0.49518669999075515,21
id3328957,1,2016-02-23 21:57:45,2016-02-23 22:37:45,3,-73.95394897460938,40.77545547485352,-73.98857116699219,40.727325439453125,N,2400,6.099359013407614,21
id2616257,1,2016-01-28 21:44:38,2016-01-28 21:57:55,2,-73.9723129272461,40.7599983215332,-73.95458221435547,40.783634185791016,N,797,3.02565022064235,21
id3774780,1,2016-02-24 21:32:58,2016-02-24 21:59:03,1,-73.97554016113281,40.76531600952149,-73.98928833007811,40.71662521362305,N,1565,5.529571483307493,21
id1682695,2,2016-03-24 21:02:43,2016-03-24 21:11:54,5,-74.00383758544923,40.72596740722656,-73.98492431640625,40.725898742675774,N,551,1.6076459359496333,21
id2788992,2,2016-06-24 21:07:25,2016-06-24 21:22:02,5,-73.99253845214845,40.75862884521485,-73.96795654296875,40.75640106201172,N,877,2.1040441928511058,21
id2225034,2,2016-06-08 21:04:34,2016-06-08 21:15:32,1,-73.98971557617188,40.747173309326165,-73.96444702148438,40.76478576660156,N,658,2.9043276402564904,21
id0655202,1,2016-05-23 21:47:13,2016-05-23 21:50:15,1,-73.96702575683594,40.7667236328125,-73.9671401977539,40.7634391784668,N,182,0.36470418227503476,21
id2077985,2,2016-04-12 21:43:25,2016-04-12 21:54:33,2,-73.97840118408203,40.76366424560546,-73.98639678955078,40.736175537109375,N,668,3.1260195470494443,21
id2697073,1,2016-03-10 21:20:37,2016-03-10 21:32:19,1,-74.00030517578125,40.72876739501953,-73.98432922363281,40.737110137939446,N,702,1.6436552754272995,21
id0053412,2,2016-02-27 21:49:00,2016-02-27 22:00:06,1,-73.99815368652342,40.74045181274414,-73.9930191040039,40.75273132324219,N,666,1.4311947504585172,21
id3113244,2,2016-01-20 21:42:33,2016-01-20 21:57:16,6,-73.98711395263672,40.74502182006836,-74.00675201416014,40.704078674316406,N,883,4.841543760026033,21
id3025891,1,2016-04-13 21:18:04,2016-04-13 21:36:53,1,-73.955322265625,40.76878356933594,-73.9818115234375,40.75077819824219,N,1129,3.0106528142383104,21
id1325018,1,2016-06-27 21:26:23,2016-06-27 21:35:47,1,-73.98625946044923,40.7586669921875,-73.97239685058595,40.75257110595703,N,564,1.3587820307564213,21
id0045246,1,2016-05-26 21:51:53,2016-05-26 22:04:15,1,-73.98417663574217,40.77389526367188,-73.95828247070312,40.77301788330078,N,742,2.2031575960610144,21
id2077710,1,2016-05-21 21:57:36,2016-05-21 22:06:21,2,-73.97750091552734,40.75175476074219,-73.99237823486328,40.7343978881836,N,525,2.304556312061941,21
id1593404,2,2016-06-19 21:16:12,2016-06-19 21:26:36,1,-74.00153350830078,40.727840423583984,-73.98959350585938,40.71775817871094,N,624,1.5107854099055409,21
id2994453,1,2016-06-11 21:51:09,2016-06-11 21:53:36,1,-73.99375915527344,40.73509979248047,-73.99179077148438,40.730228424072266,N,147,0.5660156176373454,21
id3261346,1,2016-06-15 21:14:50,2016-06-15 21:21:36,1,-73.99649047851561,40.723796844482415,-73.98709869384764,40.742408752441406,N,406,2.2147953436836496,21
id3552307,2,2016-05-26 21:56:54,2016-05-26 22:12:39,5,-74.00606536865233,40.73522567749024,-73.99150085449217,40.75551986694336,N,945,2.570419874538984,21
id1288836,1,2016-02-06 21:26:30,2016-02-06 21:41:27,1,-73.95671844482422,40.766948699951165,-73.97787475585938,40.79135513305664,N,897,3.251635462783703,21
id1451596,1,2016-06-25 21:32:39,2016-06-25 21:44:54,1,-73.98460388183594,40.76341247558594,-73.98841094970702,40.75782012939453,N,735,0.7000346781771792,21
id2714271,2,2016-04-18 21:54:10,2016-04-18 22:01:32,1,-73.97833251953125,40.75025177001953,-73.99304962158203,40.75643539428711,N,442,1.4268867328531019,21
id0861355,2,2016-04-06 21:01:46,2016-04-06 21:12:38,1,-73.97098541259764,40.795631408691406,-73.94550323486328,40.807735443115234,N,652,2.548845274433636,21
id3098748,2,2016-03-10 21:35:56,2016-03-10 21:49:05,1,-73.9981918334961,40.72394180297852,-73.99349975585938,40.695255279541016,N,789,3.209083734740957,21
id2960820,2,2016-05-07 21:09:08,2016-05-07 21:18:29,1,-74.00546264648438,40.7410888671875,-74.00176239013672,40.73051071166992,N,561,1.2155704434768493,21
id2701944,1,2016-02-23 21:34:36,2016-02-23 21:59:34,1,-73.97026062011719,40.76485061645508,-73.98418426513672,40.72018051147461,N,1498,5.097670460606733,21
id3416912,1,2016-05-13 21:54:40,2016-05-13 22:05:21,1,-73.91950225830078,40.79681015014648,-73.95834350585938,40.77335739135742,N,641,4.204388793223443,21
id3141510,2,2016-01-05 21:35:34,2016-01-05 21:45:07,2,-73.97052764892578,40.75617980957031,-73.9398193359375,40.80047607421875,N,573,5.566771085295118,21
id1007580,1,2016-02-10 21:53:06,2016-02-10 21:57:42,1,-73.96968078613281,40.75700759887695,-73.97086334228516,40.7486686706543,N,276,0.9310628434027649,21
id3837636,1,2016-01-22 21:26:44,2016-01-22 21:31:35,1,-73.99205780029298,40.749053955078125,-73.9872817993164,40.739643096923835,N,291,1.1207157213289594,21
id0999931,1,2016-01-22 21:38:38,2016-01-22 21:47:32,1,-74.00972747802734,40.70351791381836,-73.985107421875,40.717803955078125,N,534,2.6256462381989425,21
id0431015,1,2016-04-06 21:38:52,2016-04-06 21:43:11,1,-73.99849700927734,40.73236083984375,-74.00455474853516,40.72859954833984,N,259,0.6629020542787578,21
id2219027,2,2016-06-29 21:31:15,2016-06-29 21:43:30,2,-73.98202514648438,40.77109146118164,-73.95458984375,40.78765869140625,N,735,2.969850281488424,21
id0717873,2,2016-04-15 21:52:24,2016-04-15 22:15:31,3,-73.97252655029298,40.75640106201172,-73.9875259399414,40.71991729736328,N,1387,4.245650197045954,21
id0009878,2,2016-02-02 21:13:32,2016-02-02 21:35:03,3,-73.98422241210938,40.754791259765625,-73.95654296875,40.74739837646485,N,1291,2.491755615540487,21
id0789134,1,2016-01-09 21:38:19,2016-01-09 21:56:24,1,-73.989013671875,40.72173690795898,-73.99226379394531,40.74932861328125,N,1085,3.0751136943957156,21
id3091411,1,2016-06-11 21:55:48,2016-06-11 22:21:15,1,-73.98716735839844,40.729251861572266,-73.98650360107422,40.76028823852539,N,1527,3.4454998007563975,21
id3226956,1,2016-03-02 21:14:15,2016-03-02 21:22:21,1,-73.99518585205078,40.720260620117195,-73.96175384521484,40.713809967041016,N,486,2.930539893784157,21
id2096409,2,2016-06-17 21:25:02,2016-06-17 21:58:11,1,-73.86373138427734,40.769508361816406,-73.99497985839844,40.72146987915039,N,1989,12.364956138784146,21
id3176871,1,2016-03-04 21:53:30,2016-03-04 22:03:06,1,-73.983642578125,40.75526428222656,-73.95381927490233,40.77372741699219,N,576,3.2597853466950824,21
id2062874,2,2016-06-09 21:23:45,2016-06-09 21:39:07,1,-73.99616241455078,40.72423553466797,-73.97844696044923,40.75143051147461,N,922,3.373377637780334,21
id1932260,1,2016-03-18 21:27:47,2016-03-18 21:38:11,2,-73.97998046875,40.73915863037109,-73.99388122558594,40.72263717651367,N,624,2.181562554141081,21
id0329305,2,2016-03-03 21:30:08,2016-03-03 21:33:41,2,-73.97840881347656,40.74410629272461,-73.98532104492188,40.73591995239258,N,213,1.0820855204164042,21
id1489257,1,2016-06-21 21:43:05,2016-06-21 21:54:04,1,-74.00637054443358,40.74053192138672,-74.01469421386719,40.70307159423828,N,659,4.217859414847326,21
id1124630,2,2016-03-17 21:51:53,2016-03-17 21:58:00,2,-74.00205230712889,40.73045349121094,-73.98986053466798,40.73471832275391,N,367,1.1393081735279824,21
id1872197,2,2016-04-14 21:21:14,2016-04-14 21:39:16,1,-73.97582244873048,40.789447784423835,-74.01155853271484,40.71497344970703,N,1082,8.807061678941135,21
id3963144,2,2016-06-11 21:12:29,2016-06-11 21:22:12,1,-73.98857116699219,40.769039154052734,-73.96675872802734,40.75738143920898,N,583,2.260969027651823,21
id1484477,2,2016-02-26 21:18:54,2016-02-26 21:21:10,1,-74.00302886962889,40.723182678222656,-74.00830078125,40.719921112060554,N,136,0.5760844607465895,21
id0020391,1,2016-01-19 21:06:58,2016-01-19 21:17:19,1,-73.99235534667967,40.72586441040039,-73.97293090820312,40.75563049316406,N,621,3.69360320941243,21
id3450584,2,2016-03-06 21:23:31,2016-03-06 21:29:35,1,-73.95803833007811,40.7762565612793,-73.9522933959961,40.76897811889648,N,364,0.9440178615623667,21
id3926493,1,2016-03-17 21:11:00,2016-03-17 21:20:03,1,-73.9725570678711,40.79338073730469,-73.93849945068358,40.84628677368164,N,543,6.5473284749359095,21
id0879468,1,2016-04-05 21:35:45,2016-04-05 21:41:09,1,-73.98290252685547,40.738765716552734,-73.9954376220703,40.744094848632805,N,324,1.2186739900348278,21
id1099363,1,2016-04-16 21:12:09,2016-04-16 21:42:05,1,-73.97715759277344,40.75847625732422,-73.98982238769531,40.714115142822266,N,1796,5.040383807314017,21
id3293459,1,2016-01-28 21:09:10,2016-01-28 21:34:23,1,-73.99279022216798,40.728271484375,-73.98899078369139,40.778053283691406,N,1513,5.535209095285877,21
id2752170,1,2016-01-22 21:26:14,2016-01-22 21:29:50,1,-73.97518920898438,40.76520156860352,-73.9693832397461,40.76844787597656,N,216,0.6110601772608135,21
id2995251,2,2016-02-09 21:50:02,2016-02-09 22:04:30,3,-73.99745178222656,40.721504211425774,-73.97403717041014,40.75333023071289,N,868,4.054743979180955,21
id0152576,2,2016-02-17 21:30:21,2016-02-17 21:38:56,1,-73.97161865234375,40.75740051269531,-73.94973754882812,40.78456115722656,N,515,3.5423740874445557,21
id1492300,2,2016-02-02 21:33:01,2016-02-02 21:38:40,3,-73.99136352539062,40.7276611328125,-73.99738311767578,40.72698974609375,N,339,0.5170640579351151,21
id1311941,1,2016-04-11 21:49:55,2016-04-11 22:10:29,1,-73.98242950439453,40.76021194458008,-74.00882720947266,40.710208892822266,N,1234,5.986728719159055,21
id2453255,2,2016-03-12 21:51:29,2016-03-12 21:52:41,2,-73.97620391845702,40.7635154724121,-73.97026062011719,40.76088333129882,N,72,0.5835830177807708,21
id2349951,2,2016-02-25 21:33:27,2016-02-25 21:52:30,2,-73.98915100097656,40.74155044555664,-73.9854736328125,40.72050094604492,N,1143,2.3573099573018577,21
id1416022,1,2016-04-19 21:42:10,2016-04-19 21:46:28,1,-73.96577453613281,40.762088775634766,-73.96822357177734,40.767120361328125,N,258,0.5960393393252883,21
id1128255,2,2016-01-04 21:52:48,2016-01-04 22:09:23,1,-73.9713363647461,40.760860443115234,-73.98941040039062,40.69113159179688,N,995,7.890898993535005,21
id0734170,1,2016-02-13 21:07:25,2016-02-13 21:26:50,1,-73.95052337646483,40.77970123291016,-73.9524154663086,40.823951721191406,N,1165,4.91443649060481,21
id0958919,2,2016-04-25 21:43:31,2016-04-25 22:02:53,1,-74.00582122802734,40.74025344848633,-73.98653411865233,40.754589080810554,N,1162,2.2846749269684525,21
id2219742,2,2016-04-03 21:56:33,2016-04-03 21:59:44,2,-73.9927978515625,40.751811981201165,-73.99069213867188,40.75657653808594,N,191,0.5583322424049758,21
id2776630,1,2016-03-20 21:19:00,2016-03-20 21:31:24,1,-74.00682830810547,40.73040390014648,-73.98905181884764,40.75841522216797,N,744,3.4569644629598844,21
id1598501,2,2016-03-09 21:58:51,2016-03-09 22:03:24,2,-73.96542358398438,40.76924896240234,-73.9697265625,40.78567123413086,N,273,1.859203674337875,21
id3181832,2,2016-06-14 21:53:03,2016-06-14 22:24:53,1,-73.9522933959961,40.777809143066406,-74.00382995605469,40.73741912841797,N,1910,6.2681438075688956,21
id3404922,1,2016-04-27 21:18:02,2016-04-27 21:26:11,1,-73.97840881347656,40.741653442382805,-73.99504089355469,40.75309753417969,N,489,1.9005974880480807,21
id2261602,2,2016-03-25 21:00:43,2016-03-25 21:17:39,1,-73.95442962646483,40.764278411865234,-73.99329376220702,40.757339477539055,N,1016,3.3920544729344777,21
id3989959,1,2016-02-11 21:58:22,2016-02-11 22:28:15,1,-73.9903564453125,40.7463493347168,-73.98818969726561,40.664249420166016,N,1793,9.114951379251176,21
id3897725,1,2016-04-07 21:39:58,2016-04-07 21:58:34,1,-73.96703338623048,40.756591796875,-73.9946060180664,40.7406005859375,N,1116,2.9399860732602754,21
id0416648,2,2016-06-11 21:04:41,2016-06-11 21:12:58,2,-73.97467041015625,40.77806854248047,-73.99211120605469,40.76409912109375,N,497,2.1452479118931955,21
id2620764,2,2016-04-03 21:21:03,2016-04-03 21:36:47,2,-74.00273895263672,40.73363876342773,-73.9915771484375,40.6924934387207,N,944,4.664634915132619,21
id2546307,2,2016-06-25 21:24:06,2016-06-25 22:13:50,1,-73.97989654541014,40.757190704345696,-73.74226379394531,40.656158447265625,N,2984,23.103196458609386,21
id0575513,2,2016-02-20 21:12:46,2016-02-20 21:31:24,4,-73.8731918334961,40.77399063110352,-73.96144104003906,40.76765060424805,N,1118,7.534121974322662,21
id2921460,1,2016-01-24 21:42:07,2016-01-24 21:56:14,1,-73.98841094970702,40.72761154174805,-73.95421600341797,40.76692199707031,N,847,5.242894199006977,21
id1316549,2,2016-04-06 21:52:36,2016-04-06 22:01:16,1,-73.99061584472656,40.75106048583984,-73.98125457763672,40.744388580322266,N,520,1.0870196523608493,21
id2418441,2,2016-02-04 21:53:34,2016-02-04 22:24:34,3,-73.88288116455078,40.85348892211913,-73.89656066894531,40.66690826416016,N,1860,20.743068016159704,21
id0956112,2,2016-03-15 21:20:30,2016-03-15 21:24:42,4,-73.98695373535155,40.765972137451165,-73.97824096679686,40.76305770874024,N,252,0.8081583406254336,21
id1887483,1,2016-04-29 21:07:19,2016-04-29 21:22:10,1,-73.96885681152342,40.76276016235352,-73.98799133300781,40.73221969604492,N,891,3.759964461527371,21
id0701441,2,2016-04-17 21:05:09,2016-04-17 21:08:20,6,-73.98731994628906,40.744678497314446,-73.98480987548828,40.7369499206543,N,191,0.8840051893203718,21
id0903924,1,2016-02-04 21:49:04,2016-02-04 22:15:49,1,-73.9713363647461,40.76067733764648,-73.93737030029298,40.85338592529297,N,1605,10.68798295567866,21
id1879756,2,2016-06-21 21:23:00,2016-06-21 21:29:03,3,-73.97268676757811,40.759498596191406,-73.97915649414062,40.77674865722656,N,363,1.9921628813914594,21
id1730235,2,2016-05-04 21:31:03,2016-05-04 21:41:09,1,-73.99358367919923,40.72727966308594,-73.9811248779297,40.7447509765625,N,606,2.2096204988138757,21
id3324957,2,2016-04-22 21:01:21,2016-04-22 21:05:18,2,-73.98809814453125,40.74570083618164,-73.9873504638672,40.7501335144043,N,237,0.4961147170745469,21
id3826700,2,2016-03-22 21:13:11,2016-03-22 21:19:14,4,-73.97953033447266,40.75281524658203,-73.99143981933594,40.7500114440918,N,363,1.0590670660983825,21
id3373736,1,2016-05-21 21:57:01,2016-05-21 22:06:42,1,-74.00423431396483,40.70749282836913,-73.99183654785155,40.6873779296875,N,581,2.4689481753817772,21
id2693465,2,2016-05-26 21:25:11,2016-05-26 21:47:44,1,-73.78988647460938,40.64371109008789,-73.86146545410156,40.73820877075195,N,1353,12.126081819996042,21
id0721540,1,2016-06-19 21:19:30,2016-06-19 21:34:16,1,-73.9558868408203,40.71134948730469,-73.95615386962889,40.675384521484375,N,886,3.9921757295597953,21
id2208173,2,2016-05-14 21:31:54,2016-05-14 21:45:18,5,-73.94322967529298,40.796424865722656,-73.90110778808595,40.81794357299805,N,804,4.303984016769105,21
id0655496,2,2016-02-12 21:35:14,2016-02-12 21:45:10,1,-73.98297119140625,40.74362182617188,-74.00466918945312,40.729591369628906,N,596,2.4139153065807903,21
id1353675,1,2016-04-10 21:15:32,2016-04-10 21:25:10,1,-74.00251770019531,40.73037338256836,-73.99170684814453,40.758602142333984,N,578,3.2653584704567415,21
id0723188,1,2016-02-20 21:42:51,2016-02-20 22:02:24,1,-74.00008392333984,40.73862075805664,-73.97882080078125,40.776634216308594,N,1173,4.590283023652875,21
id0693035,2,2016-02-29 21:02:37,2016-02-29 21:22:06,4,-73.9749298095703,40.755069732666016,-73.98969268798828,40.70233154296875,N,1169,5.986922215179485,21
id2293739,2,2016-06-19 21:25:41,2016-06-19 21:28:55,3,-73.97425079345702,40.75336837768555,-73.98107147216798,40.74365997314453,N,194,1.2236877279405463,21
id3604208,1,2016-03-04 21:50:24,2016-03-04 21:56:01,2,-73.96920013427734,40.76605224609375,-73.98194122314453,40.77768325805664,N,337,1.6851300139079377,21
id3451208,1,2016-04-25 21:28:19,2016-04-25 21:37:49,1,-73.99234008789062,40.75905990600586,-73.9802474975586,40.78231048583984,N,570,2.7779704591973373,21
id2531753,1,2016-06-07 21:14:52,2016-06-07 21:27:03,1,-73.97351837158203,40.75607681274414,-73.92587280273438,40.740478515625,N,731,4.40445889413142,21
id1694810,2,2016-06-11 21:13:27,2016-06-11 21:31:18,1,-73.97889709472656,40.76211166381836,-73.99764251708984,40.72161865234375,N,1071,4.768788657182513,21
id0607940,2,2016-01-20 21:50:13,2016-01-20 21:57:32,1,-73.98323822021484,40.75700378417969,-73.99715423583984,40.75621795654297,N,439,1.1860731208564534,21
id0392434,1,2016-04-28 21:27:17,2016-04-28 21:39:06,1,-73.99852752685547,40.74072265625,-73.98746490478516,40.76881790161133,N,709,3.2572534283760812,21
id2756366,2,2016-04-28 21:44:01,2016-04-28 22:07:38,6,-73.99243927001953,40.72427368164063,-73.94609832763672,40.780376434326165,N,1417,7.368591731710486,21
id0494459,1,2016-03-25 21:42:22,2016-03-25 21:47:40,2,-73.98540496826173,40.758087158203125,-73.9837646484375,40.75498962402344,N,318,0.37102083545519193,21
id1563290,2,2016-02-09 21:01:26,2016-02-09 21:09:40,1,-73.98035430908203,40.74553298950195,-73.9904556274414,40.751510620117195,N,494,1.0851126566116152,21
id1491942,1,2016-05-26 21:39:11,2016-05-26 22:03:16,3,-74.00166320800781,40.719844818115234,-73.97518920898438,40.76514434814453,N,1445,5.508818474330014,21
id3036088,2,2016-03-07 21:05:02,2016-03-07 21:07:56,2,-73.99356842041014,40.755409240722656,-73.98944854736328,40.757720947265625,N,174,0.43413793620243424,21
id0743434,1,2016-01-30 21:05:37,2016-01-30 21:26:07,4,-74.00047302246092,40.73233795166016,-73.9826889038086,40.77095413208008,N,1230,4.545137718241065,21
id1792022,1,2016-02-10 21:26:10,2016-02-10 21:42:37,1,-74.00754547119139,40.7259635925293,-73.966552734375,40.69144058227539,N,987,5.179339844612239,21
id0056693,2,2016-02-11 21:46:27,2016-02-11 21:56:29,5,-74.00543975830078,40.74604034423828,-73.98336791992188,40.75035095214844,N,602,1.9361599634513273,21
id2788003,2,2016-05-21 21:16:27,2016-05-21 21:19:55,5,-73.98761749267578,40.74355697631836,-73.98436737060547,40.74309539794922,N,208,0.28097124576845844,21
id1793095,2,2016-01-30 21:48:03,2016-01-30 21:53:09,1,-73.98297119140625,40.73527145385742,-73.99555206298828,40.73680114746094,N,306,1.0827703407271994,21
id3238339,2,2016-05-12 21:02:18,2016-05-12 21:44:11,1,-73.7818603515625,40.64468002319336,-73.9635009765625,40.7712287902832,N,2513,20.87324799253019,21
id0928043,2,2016-05-24 21:15:00,2016-05-24 21:29:48,1,-73.95442962646483,40.78101348876953,-73.98487854003906,40.76842880249024,N,888,2.9410695580825936,21
id1188729,2,2016-04-01 21:51:19,2016-04-01 21:56:35,4,-74.00537872314453,40.728561401367195,-74.0126724243164,40.714691162109375,N,316,1.659733010154927,21
id1420141,2,2016-05-10 21:22:10,2016-05-10 21:53:53,1,-73.7820816040039,40.644561767578125,-73.97860717773438,40.762489318847656,N,1903,21.222467601692315,21
id2939549,1,2016-04-26 21:44:22,2016-04-26 21:51:51,1,-73.97752380371094,40.76483917236328,-73.98781585693358,40.775184631347656,N,449,1.443612261745252,21
id1796195,1,2016-06-06 21:11:40,2016-06-06 21:26:29,1,-73.98230743408203,40.759803771972656,-73.98076629638672,40.72980880737305,N,889,3.33201710361679,21
id1086704,1,2016-05-24 21:22:06,2016-05-24 21:31:21,1,-73.97832489013672,40.74569320678711,-73.95481872558594,40.77565002441406,Y,555,3.879316927756414,21
id1700579,2,2016-02-09 21:31:41,2016-02-09 21:42:18,1,-73.98995208740233,40.752300262451165,-73.95401000976561,40.742767333984375,N,637,3.2331385923134452,21
id2796093,2,2016-02-22 21:15:49,2016-02-22 21:21:11,3,-73.99331665039062,40.747833251953125,-74.00379943847656,40.73350524902344,N,322,1.8230045402015795,21
id0150562,2,2016-01-05 21:23:43,2016-01-05 21:32:17,1,-73.9580078125,40.769412994384766,-73.97711944580078,40.74773025512695,N,514,2.903717179863642,21
id2871098,1,2016-06-15 21:09:37,2016-06-15 21:21:27,2,-73.97260284423827,40.7553939819336,-73.99579620361328,40.764453887939446,N,710,2.2131175220462285,21
id1018105,2,2016-04-06 21:45:21,2016-04-06 21:53:05,1,-73.97324371337889,40.7576904296875,-73.95748138427734,40.782573699951165,N,464,3.069843667020527,21
id2181011,2,2016-03-08 21:30:30,2016-03-08 21:43:03,1,-73.9896240234375,40.73441696166992,-73.97488403320312,40.72080993652344,N,753,1.9623973715424754,21
id1120241,2,2016-05-07 21:29:44,2016-05-07 21:38:40,1,-73.99437713623048,40.766361236572266,-73.99054718017578,40.7411003112793,N,536,2.822797767390997,21
id0363215,1,2016-05-06 21:05:33,2016-05-06 21:18:37,2,-73.96460723876953,40.7607650756836,-73.98060607910156,40.735401153564446,N,784,3.126624841696107,21
id1052252,2,2016-02-27 21:05:28,2016-02-27 21:21:47,4,-73.97100830078125,40.75509262084961,-74.00254821777344,40.76065826416016,N,979,2.7511537623780216,21
id3835755,2,2016-05-04 21:14:02,2016-05-04 21:24:05,1,-73.97895812988281,40.75333023071289,-73.98104858398438,40.774120330810554,N,603,2.314531843604486,21
id2862958,1,2016-05-02 21:12:57,2016-05-02 21:20:59,1,-73.97333526611328,40.7578010559082,-73.96086120605469,40.777538299560554,N,482,2.4339226619137326,21
id2626628,1,2016-03-16 21:00:59,2016-03-16 21:04:08,1,-73.97336578369139,40.76357650756836,-73.96800994873048,40.76828384399414,N,189,0.693015247770645,21
id0350842,2,2016-06-20 21:58:53,2016-06-20 22:07:10,1,-74.00502014160156,40.722850799560554,-74.0037612915039,40.74208831787109,N,497,2.1380437717241794,21
id0547212,1,2016-05-19 21:51:38,2016-05-19 22:05:17,1,-73.99494171142578,40.7498435974121,-73.9814224243164,40.7676887512207,N,819,2.290008261574296,21
id1055653,1,2016-05-21 21:41:42,2016-05-21 21:57:17,2,-73.97157287597656,40.750991821289055,-73.98888397216798,40.75653839111328,N,935,1.5950528665193184,21
id3220355,2,2016-02-29 21:39:14,2016-02-29 21:46:03,5,-73.99137115478516,40.74995040893555,-74.00245666503906,40.73047637939453,N,409,2.358062540558074,21
id0214778,2,2016-01-04 21:06:13,2016-01-04 21:11:58,1,-73.96144104003906,40.77151870727539,-73.9540023803711,40.787139892578125,N,345,1.8456363994097582,21
id2213736,1,2016-05-06 21:25:43,2016-05-06 21:40:47,1,-73.94427490234375,40.79488754272461,-73.91746520996092,40.83502960205078,N,904,5.004688984922734,21
id2571875,2,2016-06-28 21:10:32,2016-06-28 21:25:38,2,-73.99201202392578,40.75381851196289,-73.96241760253906,40.76066970825195,N,906,2.627965793413414,21
id3638013,1,2016-04-05 21:31:48,2016-04-05 21:47:35,1,-73.99033355712889,40.756301879882805,-73.98734283447266,40.73311996459961,N,947,2.585719162504655,21
id2029128,1,2016-03-08 21:47:50,2016-03-08 21:52:35,1,-73.99131011962889,40.74979782104492,-73.98351287841797,40.75577545166016,N,285,0.9378235009287231,21
id1661249,2,2016-03-08 21:23:48,2016-03-08 21:29:36,6,-73.97416687011719,40.759590148925774,-73.95915222167967,40.7710189819336,N,348,1.7994856865438147,21
id3510946,1,2016-04-02 21:42:25,2016-04-02 21:50:39,1,-73.95211029052734,40.71663665771485,-73.9552001953125,40.73381805419922,N,494,1.9251349866037557,21
id1832996,1,2016-05-08 21:15:13,2016-05-08 21:29:04,3,-73.95387268066406,40.7746467590332,-73.97013092041014,40.76266098022461,N,831,1.91828258529598,21
id2094059,1,2016-05-16 21:09:42,2016-05-16 21:20:14,1,-73.98271179199219,40.75754165649414,-73.98067474365233,40.77979278564453,N,632,2.475937153438081,21
id0765895,1,2016-06-30 21:35:19,2016-06-30 21:38:33,1,-73.98321533203125,40.73884963989258,-73.99215698242188,40.742671966552734,N,194,0.8704442965445287,21
id1216581,2,2016-06-04 21:13:09,2016-06-04 21:19:36,3,-73.93778228759764,40.80105972290039,-73.93608093261719,40.80625915527344,N,387,0.5949795437828296,21
id1144300,1,2016-03-23 21:40:04,2016-03-23 21:54:31,1,-73.96769714355469,40.76276397705078,-73.99015808105469,40.756473541259766,N,867,2.0328560953537287,21
id0810610,1,2016-05-06 21:37:10,2016-05-06 21:42:53,1,-74.00539398193358,40.736961364746094,-73.99496459960938,40.7361717224121,N,343,0.8908200649419068,21
id3140656,2,2016-06-03 21:35:03,2016-06-03 21:38:57,1,-73.95262908935547,40.7766227722168,-73.96173858642578,40.7675666809082,N,234,1.2688700886664426,21
id2398724,2,2016-06-26 21:49:14,2016-06-26 21:55:06,1,-73.99384307861328,40.75239944458008,-73.99320220947266,40.762741088867195,N,352,1.1492142992981997,21
id0048117,2,2016-06-16 21:22:38,2016-06-16 21:37:42,5,-74.00578308105469,40.745220184326165,-73.96495819091797,40.77154922485352,N,904,4.536832188270511,21
id1561603,1,2016-03-11 21:11:18,2016-03-11 21:13:43,1,-73.96578979492188,40.795455932617195,-73.97430419921875,40.788673400878906,N,145,1.044306792427987,21
id0567157,2,2016-03-18 21:43:30,2016-03-18 21:50:32,6,-74.00228881835938,40.73447036743164,-74.01085662841797,40.72021865844727,N,422,1.7415227383681717,21
id1602975,2,2016-05-27 21:43:34,2016-05-27 22:02:25,2,-73.97813415527344,40.75442886352539,-73.93492126464845,40.76948165893555,N,1131,4.035270270349631,21
id3767475,2,2016-05-03 21:14:50,2016-05-03 21:22:19,2,-74.00233459472656,40.71467208862305,-73.99237823486328,40.72757339477539,N,449,1.6634183457738059,21
id2945423,2,2016-03-17 21:33:38,2016-03-17 21:49:52,1,-73.98049163818358,40.7617416381836,-73.94805908203125,40.7729606628418,N,974,3.024990432985864,21
id3421316,2,2016-02-02 21:26:08,2016-02-02 21:31:01,1,-73.97174072265625,40.79434967041016,-73.96373748779298,40.795448303222656,N,293,0.6911189474836857,21
id0844855,2,2016-06-24 21:53:57,2016-06-24 22:12:15,1,-73.95459747314453,40.76921844482422,-73.91484069824217,40.74813079833984,N,1098,4.110821625922025,21
id2719109,1,2016-05-26 21:38:02,2016-05-26 22:00:20,1,-74.00540924072266,40.709087371826165,-74.03364562988281,40.620243072509766,N,1338,10.149577005694299,21
id3460615,2,2016-01-21 21:57:55,2016-01-21 22:05:56,1,-73.98641204833984,40.72198867797852,-73.97496795654298,40.73297119140625,N,481,1.5595970986080923,21
id0954355,2,2016-04-06 21:09:59,2016-04-06 21:23:56,5,-73.96464538574217,40.77568054199219,-73.98780822753906,40.74893569946289,N,837,3.562216063351046,21
id3917579,1,2016-02-02 21:37:46,2016-02-02 21:42:15,1,-73.98790740966798,40.77030563354492,-73.99842071533203,40.76074600219727,N,269,1.387281525886032,21
id2002195,1,2016-02-18 21:04:01,2016-02-18 21:06:55,1,-74.0019989013672,40.75077819824219,-73.99951171875,40.76115036010742,N,174,1.1705592890647196,21
id3379691,1,2016-01-15 21:28:14,2016-01-15 21:58:00,1,-73.87073516845702,40.773563385009766,-73.9817123413086,40.78215026855469,N,1786,9.481091645211654,21
id0594289,1,2016-01-14 21:09:28,2016-01-14 21:41:51,1,-73.98311614990233,40.74585723876953,-73.99269866943358,40.618518829345696,N,1943,14.158012470943321,21
id3045425,1,2016-03-24 21:56:48,2016-03-24 22:08:20,1,-73.93964385986328,40.82075119018555,-73.90693664550781,40.854286193847656,N,692,4.645985646953066,21
id2546406,1,2016-06-24 21:44:34,2016-06-24 21:48:20,1,-73.96173858642578,40.76437377929688,-73.96815490722656,40.758953094482415,N,226,0.8120870433154639,21
id3761903,1,2016-04-04 21:10:48,2016-04-04 21:12:38,1,-73.97718811035155,40.78473281860352,-73.968994140625,40.79167556762695,N,110,1.0387437941585564,21
id1666116,1,2016-02-18 21:29:47,2016-02-18 21:42:42,1,-73.9562759399414,40.763126373291016,-73.99182891845702,40.74943923950195,N,775,3.382408925396629,21
id0330623,2,2016-01-02 21:49:39,2016-01-02 21:59:28,1,-74.00089263916014,40.76177978515625,-73.98700714111328,40.7469482421875,N,589,2.0256699755211702,21
id1249589,1,2016-01-29 21:50:02,2016-01-29 21:56:38,2,-73.97415161132812,40.762882232666016,-73.9853286743164,40.74776840209961,N,396,1.9279666790436445,21
id0931525,2,2016-03-19 21:00:31,2016-03-19 21:19:43,1,-73.99060821533203,40.7672004699707,-73.98177337646483,40.73672866821289,N,1152,3.4647322643376195,21
id2295413,2,2016-02-27 21:49:32,2016-02-27 21:55:02,2,-74.00508880615233,40.733917236328125,-74.00300598144531,40.72784805297852,N,330,0.6965537065379189,21
id3466724,1,2016-05-03 21:51:55,2016-05-03 22:37:05,1,-74.00806427001953,40.74817657470703,-73.8484878540039,40.726177215576165,N,2710,13.782053066820385,21
id2100578,2,2016-05-19 21:50:49,2016-05-19 22:03:31,3,-73.98870849609375,40.74851608276367,-74.0047149658203,40.74235534667969,N,762,1.5227394987769465,21
id2093582,2,2016-02-17 21:43:29,2016-02-17 22:06:59,1,-74.00727081298828,40.70531845092773,-73.88600158691406,40.7575569152832,N,1410,11.826864591396648,21
id0105975,1,2016-06-03 21:36:01,2016-06-03 21:50:11,1,-73.9763946533203,40.77552795410156,-73.94573974609375,40.7801513671875,N,850,2.6557247923242633,21
id0800542,2,2016-03-08 21:55:59,2016-03-08 22:17:21,1,-73.97803497314453,40.76290130615234,-73.9361801147461,40.85724258422852,N,1282,11.059714082628718,21
id1338132,1,2016-01-20 21:22:49,2016-01-20 21:28:42,3,-73.98066711425781,40.72994613647461,-73.98839569091797,40.72010040283203,N,353,1.2751214188919624,21
id2660886,2,2016-05-24 21:47:10,2016-05-24 22:10:40,2,-73.87071228027344,40.77360916137695,-73.98345947265625,40.74441909790039,N,1410,10.116418274818656,21
id0510963,1,2016-01-14 21:12:48,2016-01-14 21:25:42,1,-73.99738311767578,40.720752716064446,-73.98184967041014,40.72224426269531,N,774,1.3306826641386353,21
id2088900,1,2016-05-16 21:31:25,2016-05-16 21:43:19,1,-73.994140625,40.75101089477539,-73.96756744384764,40.75432205200195,N,714,2.2884279210683047,21
id0412953,1,2016-01-18 21:27:54,2016-01-18 21:39:43,1,-73.98361206054686,40.72592926025391,-74.00942993164062,40.70519256591797,N,709,3.1802630554205567,21
id2949825,2,2016-03-31 21:02:15,2016-03-31 21:12:02,1,-73.9778594970703,40.745849609375,-73.99269866943358,40.756080627441406,N,587,1.6972440967151996,21
id1031902,2,2016-01-19 21:04:56,2016-01-19 21:09:18,1,-73.9935531616211,40.74705123901367,-73.99491882324217,40.73435974121094,N,262,1.413530701073755,21
id0955609,2,2016-05-23 21:02:17,2016-05-23 21:13:37,1,-73.96817779541014,40.76227951049805,-73.9706802368164,40.788421630859375,N,680,2.9095609169412846,21
id3971704,2,2016-04-09 21:22:40,2016-04-09 21:32:45,2,-74.0062484741211,40.71682357788086,-73.99351501464844,40.72205352783203,N,605,1.2282008323272553,21
id1037510,2,2016-01-19 21:09:57,2016-01-19 21:19:36,3,-73.98686218261719,40.74528884887695,-73.97959899902342,40.765491485595696,N,579,2.3259234435869454,21
id0444111,2,2016-06-01 21:08:41,2016-06-01 21:21:37,6,-73.97270965576173,40.75307083129882,-73.98462677001953,40.75897979736328,N,776,1.206762530600788,21
id1181484,2,2016-01-15 21:42:01,2016-01-15 21:49:06,1,-73.97232055664062,40.75101089477539,-73.96376037597656,40.7589111328125,N,425,1.139484118689557,21
id1145161,2,2016-03-01 21:04:11,2016-03-01 21:15:46,2,-73.97901153564453,40.76266860961913,-73.94837188720702,40.78313064575195,N,695,3.4556452147033654,21
id2135047,2,2016-06-05 21:43:25,2016-06-05 21:54:11,1,-73.9861068725586,40.76728057861328,-73.95520782470702,40.777881622314446,N,646,2.8779745153686207,21
id1437580,2,2016-01-14 21:35:22,2016-01-14 21:39:59,1,-73.99492645263672,40.72557830810546,-73.98661041259764,40.73397064208984,N,277,1.1693757073730535,21
id2444007,1,2016-06-18 21:34:56,2016-06-18 21:37:00,1,-73.98895263671875,40.74887847900391,-73.98833465576173,40.747684478759766,N,124,0.14256401785277711,21
id0239769,1,2016-03-02 21:13:57,2016-03-02 21:17:33,1,-73.98473358154298,40.748329162597656,-73.99376678466798,40.73579788208008,N,216,1.5888217391372104,21
id1369152,2,2016-06-04 21:15:46,2016-06-04 21:23:07,1,-73.95988464355469,40.81380081176758,-73.9709701538086,40.795536041259766,N,441,2.2356605233593094,21
id2256653,1,2016-06-03 21:07:20,2016-06-03 21:11:29,1,-73.98038482666014,40.716407775878906,-73.97777557373048,40.72598648071289,N,249,1.086121791471084,21
id2725528,1,2016-03-15 21:57:50,2016-03-15 22:03:40,1,-73.98783874511719,40.723968505859375,-73.99955749511719,40.72863006591797,N,350,1.1224704185800718,21
id0520990,1,2016-02-26 21:49:02,2016-02-26 22:01:20,1,-73.99026489257811,40.75143432617188,-74.00055694580078,40.72990036010742,N,738,2.545330967707608,21
id0179917,1,2016-05-04 21:13:38,2016-05-04 21:42:07,1,-73.98558807373048,40.731815338134766,-74.00662231445312,40.70831298828125,N,1709,3.1626344881646493,21
id0568590,1,2016-05-04 21:53:51,2016-05-04 21:59:50,1,-74.00305938720702,40.7269401550293,-74.00949096679686,40.735198974609375,N,359,1.0673592161958982,21
id2531314,1,2016-01-26 21:43:27,2016-01-26 21:57:00,1,-73.9796142578125,40.766162872314446,-73.98502349853516,40.745429992675774,N,813,2.3468303806564754,21
id1564695,2,2016-03-24 21:22:56,2016-03-24 21:36:33,1,-73.9797134399414,40.77624130249024,-73.94699859619139,40.77677917480469,N,817,2.781402574856631,21
id0354045,2,2016-04-18 21:47:09,2016-04-18 22:09:14,1,-73.98164367675781,40.76213073730469,-73.9569091796875,40.73004913330078,N,1325,4.135378551689263,21
id1217117,2,2016-01-28 21:53:08,2016-01-28 22:04:27,2,-74.0111312866211,40.70943832397461,-73.9974365234375,40.73659133911133,N,679,3.2309638490881665,21
id2949352,1,2016-03-25 22:53:57,2016-03-25 23:05:49,1,-73.98625183105469,40.76242446899414,-73.94864654541014,40.77085113525391,N,712,3.330493393381118,22
id1755898,2,2016-01-07 22:33:29,2016-01-07 22:40:09,1,-73.9999771118164,40.7347068786621,-73.983642578125,40.723731994628906,N,400,1.8471040976090265,22
id0782972,1,2016-04-04 22:04:38,2016-04-04 22:24:47,1,-73.86355590820312,40.76995468139648,-73.98724365234375,40.735889434814446,N,1209,11.172761443833988,22
id0708511,2,2016-06-29 22:13:20,2016-06-29 22:16:10,2,-73.99114227294923,40.75534057617188,-73.98663330078125,40.761451721191406,N,170,0.7791222395923063,22
id2452428,2,2016-04-14 22:22:11,2016-04-14 22:30:01,2,-74.00142669677734,40.72613906860352,-73.99396514892578,40.7458381652832,N,470,2.2767230983626714,22
id2586860,1,2016-04-03 22:32:19,2016-04-03 22:40:38,1,-73.99578857421875,40.74388122558594,-73.9745864868164,40.74421310424805,N,499,1.8025539003640778,22
id1454376,2,2016-06-03 22:30:06,2016-06-03 22:36:46,1,-74.00106811523438,40.75209045410156,-73.98322296142578,40.76792907714844,N,400,2.3219965972750907,22
id0765080,2,2016-06-08 22:41:42,2016-06-08 22:44:55,2,-73.9661636352539,40.75426864624024,-73.95939636230467,40.763229370117195,N,193,1.148993213612297,22
id2847039,2,2016-04-08 22:57:37,2016-04-08 23:04:07,1,-73.98442840576173,40.740360260009766,-74.00084686279298,40.737110137939446,N,390,1.4414446737273137,22
id1084310,1,2016-02-20 22:54:15,2016-02-20 23:07:11,2,-73.97380828857422,40.74774932861328,-74.01190948486328,40.70334243774414,N,776,5.897898553667731,22
id3738982,1,2016-02-27 22:27:04,2016-02-27 22:33:21,1,-73.98052978515625,40.68862533569336,-73.9947967529297,40.7161521911621,N,377,3.2873372808464163,22
id1938377,2,2016-02-17 22:34:24,2016-02-17 22:48:12,2,-74.00032806396483,40.74789810180664,-73.98171997070312,40.72854995727539,N,828,2.667229205466111,22
id0074135,2,2016-05-31 22:42:53,2016-05-31 23:07:39,1,-73.98477172851561,40.69248962402344,-73.98583984375,40.746429443359375,N,1486,5.9880082603561124,22
id1563891,1,2016-04-27 22:52:01,2016-04-27 23:15:20,1,-74.0002212524414,40.713882446289055,-73.9427490234375,40.714668273925774,N,1399,4.885918145260832,22
id3077860,2,2016-03-12 22:57:12,2016-03-12 23:09:32,1,-73.98188018798828,40.768569946289055,-73.95651245117188,40.780960083007805,N,740,2.557520535763656,22
id1462276,2,2016-03-11 22:13:29,2016-03-11 22:26:03,1,-73.98253631591797,40.77214050292969,-73.97902679443358,40.750534057617195,N,754,2.41679650660853,22
id1356103,2,2016-02-23 22:39:44,2016-02-23 22:45:20,1,-73.94920349121094,40.8078498840332,-73.95172882080078,40.8036003112793,N,336,0.5182463090209335,22
id2172509,1,2016-05-06 22:10:19,2016-05-06 22:14:35,2,-73.99890899658203,40.73466110229492,-73.98609924316406,40.7354736328125,N,256,1.0925580422453198,22
id2818608,2,2016-06-27 22:41:50,2016-06-27 22:48:58,2,-73.99122619628906,40.750045776367195,-73.99628448486328,40.72674560546875,N,428,2.621813629916239,22
id1459856,1,2016-02-07 22:33:04,2016-02-07 22:55:54,1,-73.97915649414062,40.75590133666992,-73.82555389404298,40.701030731201165,N,1370,14.406969445558152,22
id3328401,2,2016-03-07 22:30:23,2016-03-07 22:32:04,5,-73.94412994384764,40.77581787109375,-73.95169067382812,40.77375793457031,N,101,0.6821265878099808,22
id2281644,2,2016-05-31 22:38:00,2016-05-31 22:45:20,1,-73.97147369384764,40.795608520507805,-73.94979858398438,40.80559158325195,N,440,2.149955791695591,22
id2535899,1,2016-06-09 22:57:01,2016-06-09 23:03:18,1,-74.00225067138672,40.72674560546875,-73.9916000366211,40.73353576660156,N,377,1.177985920166304,22
id1667664,2,2016-01-20 22:38:49,2016-01-20 23:10:53,1,-73.96507263183594,40.76921844482422,-73.97366333007811,40.670711517333984,N,1924,10.958624147108143,22
id3349013,1,2016-04-02 22:35:53,2016-04-02 23:14:59,1,-73.7821273803711,40.644493103027344,-74.0042495727539,40.72178649902344,N,2346,20.738321001618967,22
id3245279,2,2016-01-08 22:57:52,2016-01-08 23:05:47,5,-73.98197174072266,40.75891876220703,-73.97367095947266,40.74792098999024,N,475,1.4099862224168553,22
id1763910,2,2016-02-11 22:10:11,2016-02-11 22:21:40,1,-73.99797821044923,40.73019027709961,-73.98338317871094,40.75598907470703,N,689,3.1208362732681696,22
id2326113,2,2016-05-05 22:50:50,2016-05-05 23:08:38,1,-73.97295379638672,40.755569458007805,-74.00269317626953,40.73392105102539,N,1068,3.4877345084966382,22
id1964985,2,2016-05-23 22:11:40,2016-05-23 22:20:50,1,-73.990478515625,40.760936737060554,-73.98574829101561,40.7571678161621,N,550,0.5802382794386443,22
id3975925,1,2016-06-23 22:08:05,2016-06-23 22:39:08,1,-73.79010009765625,40.64363098144531,-73.95848846435547,40.71267318725586,N,1863,16.235589122029555,22
id2092419,1,2016-06-29 22:14:44,2016-06-29 22:24:49,1,-73.9806900024414,40.76410675048828,-73.96411895751953,40.77058029174805,N,605,1.5812382813876362,22
id2873654,2,2016-06-15 22:33:12,2016-06-15 22:50:42,5,-73.98613739013672,40.74032974243164,-73.95327758789062,40.779441833496094,N,1050,5.162308910734007,22
id3744751,1,2016-03-24 22:08:24,2016-03-24 22:14:54,1,-73.98820495605469,40.731666564941406,-73.97753143310547,40.74647521972656,N,390,1.8775118488755536,22
id2651022,2,2016-05-12 22:21:46,2016-05-12 22:34:02,1,-74.00665283203125,40.7314453125,-73.97813415527344,40.75124740600586,N,736,3.2722387849625867,22
id3517619,1,2016-04-27 22:06:54,2016-04-27 22:20:27,1,-74.00407409667967,40.742706298828125,-73.99505615234375,40.72314453125,N,813,2.3026829438067544,22
id0078269,2,2016-03-09 22:02:39,2016-03-09 22:02:47,1,-73.995361328125,40.67961883544922,-73.99443054199219,40.680999755859375,N,8,0.17249606859183042,22
id1845466,2,2016-05-27 22:19:14,2016-05-27 23:02:51,1,-73.8626480102539,40.768951416015625,-73.98670959472656,40.758419036865234,N,2617,10.609842385313044,22
id1433826,2,2016-06-30 22:48:35,2016-06-30 23:05:47,1,-73.95565032958984,40.77930068969727,-73.9876480102539,40.74916076660156,N,1032,4.31160159940887,22
id2108970,1,2016-05-02 22:57:08,2016-05-02 23:10:31,1,-73.98649597167967,40.74654769897461,-73.97370147705078,40.7912483215332,N,803,5.079554959540346,22
id3805642,1,2016-02-29 22:07:08,2016-02-29 22:18:38,4,-73.97489166259764,40.75297164916992,-73.98625183105469,40.73039245605469,N,690,2.6858709502326197,22
id0477432,1,2016-06-16 22:57:53,2016-06-16 23:06:44,1,-73.98807525634764,40.72052383422852,-74.00618743896483,40.71432113647461,N,531,1.6864759466152395,22
id1969215,2,2016-02-07 22:31:21,2016-02-07 22:42:17,1,-73.9559555053711,40.71180725097656,-73.93407440185547,40.69300079345703,N,656,2.7958775490335426,22
id0184615,2,2016-03-23 22:29:45,2016-03-23 22:33:06,1,-73.95552062988281,40.77958679199219,-73.94977569580078,40.784427642822266,N,201,0.7260744701256314,22
id2319769,2,2016-06-13 22:44:12,2016-06-13 22:58:26,2,-73.98384857177734,40.77087020874024,-74.0028076171875,40.760528564453125,N,854,1.9785649188581602,22
id1768054,1,2016-04-18 22:17:23,2016-04-18 22:22:16,2,-73.9635238647461,40.77456665039063,-73.9716567993164,40.76613235473633,N,293,1.1637775212688526,22
id2377652,1,2016-01-11 22:18:14,2016-01-11 22:25:51,1,-73.98136901855469,40.767799377441406,-73.97762298583984,40.753765106201165,N,457,1.5900126844827305,22
id1207191,2,2016-05-28 22:27:14,2016-05-28 22:31:00,1,-74.00480651855469,40.734760284423835,-74.00340270996092,40.725040435791016,N,226,1.0854815815260017,22
id3464991,1,2016-05-11 22:34:17,2016-05-11 22:59:52,1,-73.9971923828125,40.74705505371094,-73.9691390991211,40.69159698486328,Y,1535,6.601546384268691,22
id0575539,2,2016-05-20 22:45:27,2016-05-20 22:53:53,2,-73.9916000366211,40.73138046264648,-73.98222351074217,40.72467041015625,N,506,1.0908561347105392,22
id3744211,1,2016-04-13 22:36:01,2016-04-13 22:42:09,1,-73.97787475585938,40.7637939453125,-73.98332977294923,40.77935791015625,N,368,1.7887420021212606,22
id1944519,2,2016-06-28 22:03:19,2016-06-28 22:11:40,2,-73.98853302001953,40.76411056518555,-73.97059631347656,40.75616836547852,N,501,1.7611521683184608,22
id3510597,2,2016-04-21 22:23:51,2016-04-21 22:50:54,5,-74.01303100585938,40.70650863647461,-73.95288848876953,40.78030014038086,N,1623,9.655249679389126,22
id2257689,1,2016-03-21 22:14:36,2016-03-21 22:25:31,1,-73.97463226318358,40.7619743347168,-73.98876953125,40.736793518066406,N,655,3.0424374102766323,22
id3711838,1,2016-05-20 22:58:31,2016-05-20 23:00:52,1,-73.9765625,40.78817367553711,-73.96975708007811,40.7949447631836,N,141,0.9484225837262773,22
id0669828,2,2016-03-14 22:25:10,2016-03-14 22:31:43,1,-73.98341369628906,40.73918914794922,-73.99813842773438,40.74512100219727,N,393,1.4142297303358797,22
id1579692,2,2016-05-25 22:05:56,2016-05-25 22:20:02,1,-73.98358917236328,40.77106094360352,-73.95121002197266,40.77172088623047,N,846,2.7532024744243673,22
id1976142,2,2016-01-07 22:48:19,2016-01-07 22:54:53,1,-73.96862030029298,40.78630065917969,-73.98258972167967,40.782520294189446,N,394,1.2593657443233115,22
id0309770,2,2016-04-08 22:46:42,2016-04-08 23:02:53,3,-73.98825073242188,40.72323989868164,-73.9752197265625,40.7511100769043,N,971,3.2859023327316383,22
id0672963,1,2016-06-03 22:14:25,2016-06-03 22:25:07,1,-73.97907257080078,40.74129104614258,-73.99005889892578,40.723438262939446,N,642,2.1906677846727125,22
id3566452,1,2016-02-12 22:30:31,2016-02-12 22:48:04,1,-74.0014419555664,40.731178283691406,-73.97333526611328,40.743873596191406,N,1053,2.773704415392292,22
id0350174,2,2016-02-28 22:16:09,2016-02-28 22:22:18,1,-73.99797821044923,40.74586868286133,-73.98944854736328,40.75775146484375,N,369,1.5051204039724344,22
id3598786,2,2016-02-24 22:00:28,2016-02-24 22:04:55,1,-73.97368621826173,40.78457260131836,-73.9825439453125,40.774799346923835,N,267,1.3205027311387016,22
id3429785,1,2016-03-12 22:22:28,2016-03-12 22:38:31,1,-73.95650482177734,40.77114486694336,-73.98728942871094,40.7326545715332,N,963,5.0100570231107255,22
id0162131,2,2016-02-13 22:00:43,2016-02-13 22:14:42,6,-74.00334167480467,40.743629455566406,-73.97909545898438,40.75544357299805,N,839,2.442766698304725,22
id3954368,1,2016-04-06 22:47:57,2016-04-06 23:01:41,1,-73.96499633789062,40.7690658569336,-73.96663665771484,40.807910919189446,N,824,4.314055592415589,22
id3342279,1,2016-02-06 22:10:00,2016-02-06 22:31:35,2,-73.98967742919923,40.71891021728516,-73.9916000366211,40.74461364746094,N,1295,2.857757231232596,22
id3229995,2,2016-01-22 22:25:14,2016-01-22 22:48:49,3,-73.99205780029298,40.72731018066406,-73.94314575195312,40.70661544799805,N,1415,4.749920582135709,22
id1427629,1,2016-05-05 22:26:58,2016-05-05 23:08:28,1,-73.99476623535155,40.75180435180664,-73.99617004394531,40.68663787841797,N,2490,7.234462663540272,22
id1519918,2,2016-04-18 22:14:57,2016-04-18 22:31:02,1,-73.97882080078125,40.66622161865234,-73.95128631591797,40.69365692138672,N,965,3.8407790435641336,22
id0849076,1,2016-02-24 22:26:12,2016-02-24 22:34:50,2,-73.97113037109375,40.755470275878906,-73.98159790039062,40.74468994140625,N,518,1.491150494608524,22
id0943368,1,2016-04-20 22:55:07,2016-04-20 23:00:17,1,-73.96258544921875,40.66342544555664,-73.97910308837889,40.668132781982415,N,310,1.498077218856409,22
id2857673,1,2016-01-30 22:00:14,2016-01-30 22:04:07,1,-73.97887420654298,40.77724456787109,-73.98454284667967,40.76989364624024,N,233,0.9475983103435617,22
id2183690,1,2016-06-06 22:42:40,2016-06-06 22:46:51,1,-73.99821472167967,40.74528884887695,-74.00780487060547,40.751480102539055,N,251,1.066196076555047,22
id3241665,1,2016-05-18 22:27:38,2016-05-18 23:03:59,1,-73.97901916503906,40.740428924560554,-73.99922180175781,40.693950653076165,N,2181,5.437375199888447,22
id3489472,2,2016-04-19 22:03:48,2016-04-19 22:16:57,4,-73.98560333251953,40.752220153808594,-74.00064086914062,40.73596954345703,N,789,2.2107758172922116,22
id3003508,1,2016-05-18 22:24:09,2016-05-18 22:35:20,1,-73.98384857177734,40.72538757324219,-74.00393676757811,40.71834182739258,N,671,1.8780815889107916,22
id1190852,2,2016-06-03 22:35:49,2016-06-03 22:47:19,2,-73.96613311767578,40.75796127319336,-73.98397827148438,40.774715423583984,N,690,2.39985866352866,22
id0407922,2,2016-06-02 22:03:23,2016-06-02 22:08:57,1,-74.00399780273438,40.722259521484375,-74.00737762451173,40.71041870117188,N,334,1.3453619241569583,22
id0609187,1,2016-04-15 22:15:13,2016-04-15 22:23:15,1,-74.00924682617188,40.71629333496094,-74.00391387939453,40.722312927246094,N,482,0.8074272782511058,22
id2568690,1,2016-05-03 22:37:11,2016-05-03 22:41:15,1,-73.95411682128906,40.77030944824219,-73.9525146484375,40.7839469909668,N,244,1.519880763316154,22
id1251021,2,2016-04-28 22:34:22,2016-04-28 22:40:14,1,-73.97685241699219,40.76485061645508,-73.97598266601561,40.77886962890625,N,352,1.5578655248664701,22
id3113551,1,2016-02-05 22:42:39,2016-02-05 22:46:39,1,-73.99651336669923,40.73248291015625,-74.00113677978516,40.7254295349121,N,240,0.8760206842505666,22
id1622807,2,2016-06-04 22:34:38,2016-06-04 23:13:08,2,-73.78957366943358,40.647098541259766,-73.83680725097656,40.72603988647461,N,2310,9.63847888238972,22
id0534138,1,2016-02-15 22:58:58,2016-02-15 23:05:19,1,-73.99401092529298,40.746479034423835,-73.98636627197266,40.730514526367195,N,381,1.8874406678632727,22
id0454056,2,2016-03-11 22:30:48,2016-03-11 22:37:42,1,-73.98778533935547,40.73606872558594,-73.9798355102539,40.74905776977539,N,414,1.5922811495233151,22
id1365539,1,2016-06-14 22:23:32,2016-06-14 22:26:12,1,-73.96430206298828,40.76472473144531,-73.95878601074217,40.76844787597656,N,160,0.6250001326677929,22
id2914554,2,2016-01-16 22:31:13,2016-01-16 22:43:39,1,-73.982421875,40.771331787109375,-73.96672058105469,40.80786895751953,N,746,4.269576721373807,22
id0639331,2,2016-05-20 22:57:15,2016-05-20 23:16:09,1,-73.96537780761719,40.769058227539055,-73.98593139648438,40.74399185180664,N,1134,3.2853875591392776,22
id3517844,1,2016-06-02 22:12:40,2016-06-02 22:15:29,1,-73.9590301513672,40.78080368041992,-73.94822692871094,40.78465270996094,N,169,1.0127995694026048,22
id1306694,1,2016-05-23 22:51:08,2016-05-23 22:58:11,2,-73.98804473876953,40.72799301147461,-73.9897232055664,40.71563720703125,N,423,1.378894931914813,22
id2100669,2,2016-06-03 22:29:04,2016-06-03 22:34:32,1,-73.95171356201173,40.7862434387207,-73.96572875976561,40.793094635009766,N,328,1.413333027051708,22
id3161938,2,2016-01-24 22:29:03,2016-01-24 22:32:36,1,-73.9869613647461,40.756290435791016,-73.99535369873048,40.74449920654297,N,213,1.490601419148397,22
id3898737,2,2016-06-13 22:31:03,2016-06-13 22:40:20,1,-73.99076080322266,40.75627899169922,-73.98848724365233,40.748191833496094,N,557,0.9182408017201995,22
id1239724,2,2016-02-16 22:22:47,2016-02-16 22:28:37,1,-74.01007843017578,40.71994018554688,-74.01458740234375,40.70975875854492,N,350,1.1933578858409335,22
id1623072,2,2016-02-04 22:35:13,2016-02-04 22:45:33,6,-73.9749298095703,40.750789642333984,-73.9991683959961,40.760738372802734,N,620,2.3375738690540167,22
id3033045,2,2016-04-12 22:04:38,2016-04-12 22:11:07,1,-73.99165344238281,40.75028610229492,-74.00514221191406,40.72955703735352,N,389,2.5707640487782895,22
id0265881,1,2016-05-10 22:21:04,2016-05-10 22:30:40,1,-73.97701263427734,40.749038696289055,-73.96192169189453,40.767845153808594,N,576,2.4501271073627304,22
id1487899,2,2016-02-22 22:10:28,2016-02-22 22:17:08,5,-73.97834014892578,40.68418884277344,-73.96535491943358,40.67884063720703,N,400,1.2532650278102362,22
id1775289,2,2016-02-18 22:56:40,2016-02-18 23:03:12,1,-73.98503875732422,40.72783660888672,-73.97250366210938,40.744976043701165,N,392,2.1805214889101223,22
id0470430,1,2016-06-28 22:46:57,2016-06-28 23:01:05,1,-73.96192932128906,40.767742156982415,-73.98732757568358,40.727638244628906,N,848,4.947403126939877,22
id0791675,2,2016-06-14 22:48:28,2016-06-14 22:58:01,1,-73.99684143066406,40.72515106201172,-73.98198699951173,40.74324035644531,N,573,2.3719054313648686,22
id0828592,1,2016-06-13 22:18:26,2016-06-13 22:32:15,1,-73.97119903564453,40.7568244934082,-73.98334503173827,40.722217559814446,N,829,3.977686557334835,22
id2567047,2,2016-06-28 22:56:23,2016-06-28 23:03:25,1,-73.97605895996092,40.740131378173835,-74.0123291015625,40.701541900634766,N,422,5.277541536874621,22
id1820104,2,2016-05-20 22:13:03,2016-05-20 22:46:28,2,-73.77667236328125,40.64537048339844,-73.9729232788086,40.74597930908203,N,2005,20.07439994348937,22
id2973735,1,2016-01-03 22:14:22,2016-01-03 22:41:13,1,-73.98516082763672,40.76347351074219,-73.84327697753906,40.891719818115234,N,1611,18.657212486681164,22
id2878786,1,2016-06-14 22:16:14,2016-06-14 22:45:32,1,-74.00997161865233,40.721004486083984,-73.95423126220702,40.78420639038086,N,1758,8.46545806765252,22
id1403496,1,2016-05-23 22:53:38,2016-05-23 23:02:27,1,-73.95281219482422,40.77654647827149,-73.982421875,40.77752685546875,N,529,2.5191743252422083,22
id1895369,1,2016-02-05 22:50:09,2016-02-05 23:02:43,4,-73.98297882080078,40.730690002441406,-73.98785400390625,40.724075317382805,N,754,0.8430974400098054,22
id0876956,1,2016-05-06 22:01:38,2016-05-06 22:06:46,1,-73.99168395996092,40.7597770690918,-73.99445343017578,40.75067901611328,N,308,1.0369575456157085,22
id2223958,2,2016-04-23 22:57:13,2016-04-23 23:24:45,2,-73.98632049560547,40.75027847290039,-73.98873138427734,40.71933364868164,N,1652,3.4409830130000527,22
id3602123,2,2016-04-28 22:24:43,2016-04-28 22:27:42,2,-73.9705581665039,40.7677001953125,-73.9612045288086,40.775875091552734,N,179,1.2064486588954697,22
id2985394,1,2016-04-23 22:58:14,2016-04-23 23:32:46,1,-73.95954895019531,40.77625274658203,-74.00702667236328,40.74142074584961,N,2072,5.588810007987732,22
id0384783,1,2016-03-03 22:07:41,2016-03-03 22:18:26,1,-73.96863555908203,40.79932022094727,-73.94170379638672,40.81299209594727,N,645,2.746539499631698,22
id3348859,1,2016-05-28 22:09:05,2016-05-28 22:16:13,1,-73.98661804199219,40.74916076660156,-73.98780059814453,40.760135650634766,N,428,1.2223520402082597,22
id1127943,1,2016-02-05 22:41:28,2016-02-05 23:04:08,1,-73.98158264160156,40.75244522094727,-73.98779296875,40.72099304199219,N,1360,3.53087462410314,22
id0930439,2,2016-05-31 22:14:58,2016-05-31 22:21:15,1,-73.96295166015625,40.77036285400391,-73.94518280029298,40.78004455566406,N,377,1.8536665456344266,22
id0964747,2,2016-01-06 22:22:24,2016-01-06 22:33:50,2,-73.93406677246092,40.7447395324707,-73.87625122070312,40.76865005493164,N,686,5.585215899442624,22
id0933430,2,2016-06-17 22:21:39,2016-06-17 22:25:42,6,-74.00743865966798,40.74114990234375,-74.00836181640625,40.734909057617195,N,243,0.6971637873258519,22
id1844713,1,2016-06-01 22:54:55,2016-06-01 23:06:38,1,-73.99380493164062,40.720561981201165,-73.96216583251953,40.7177848815918,N,703,2.7069324918277653,22
id3624008,2,2016-03-23 22:25:19,2016-03-23 22:33:17,3,-73.9883270263672,40.72808837890625,-73.99983978271484,40.73274993896485,N,478,1.106961739877363,22
id2561301,1,2016-04-30 22:21:36,2016-04-30 22:29:14,1,-73.97501373291014,40.75043487548828,-73.9648208618164,40.754707336425774,N,458,0.9876969253515505,22
id1465355,2,2016-01-07 22:22:04,2016-01-07 22:31:52,1,-73.9929962158203,40.75812911987305,-74.00704193115233,40.73023986816406,N,588,3.317945865686542,22
id3873900,1,2016-04-23 22:01:43,2016-04-23 22:11:16,1,-73.97885131835938,40.74116897583008,-73.98700714111328,40.72561264038086,N,573,1.8607163332279335,22
id3032422,2,2016-02-27 22:14:35,2016-02-27 22:19:35,1,-73.96873474121092,40.766414642333984,-73.96524810791014,40.75942611694336,N,300,0.8304112481556256,22
id2456770,2,2016-04-21 22:01:44,2016-04-21 22:32:35,4,-73.87315368652342,40.77404022216797,-74.00627899169923,40.65367889404297,N,1851,17.508181702241124,22
id1977926,1,2016-06-30 22:17:28,2016-06-30 22:25:52,1,-74.01251220703125,40.702884674072266,-73.97943115234375,40.73491668701172,N,504,4.533065588895387,22
id0555221,2,2016-06-28 22:02:33,2016-06-28 22:22:47,1,-73.95793151855469,40.77336883544922,-73.99681091308595,40.720680236816406,N,1214,6.717555238032008,22
id2121980,1,2016-03-23 22:29:42,2016-03-23 22:36:59,1,-73.98048400878906,40.742237091064446,-73.99002075195312,40.75629425048828,N,437,1.7583473753809062,22
id1157548,1,2016-04-20 22:14:22,2016-04-20 22:29:36,1,-74.0058364868164,40.73621368408203,-73.97787475585938,40.752395629882805,N,914,2.979135266968799,22
id0967278,2,2016-06-07 22:35:52,2016-06-07 22:42:58,1,-73.98394775390625,40.74421310424805,-74.0009765625,40.741947174072266,N,426,1.4691389509413448,22
id3329285,2,2016-04-05 22:31:18,2016-04-05 22:42:45,6,-73.98466491699219,40.72845077514648,-73.99427795410156,40.717193603515625,N,687,1.4929939951150584,22
id1444361,2,2016-05-16 22:27:19,2016-05-16 22:40:18,1,-73.98896026611328,40.69192886352539,-73.98204803466798,40.73199844360352,N,779,4.486362246778445,22
id0338813,2,2016-06-09 22:11:47,2016-06-09 22:15:38,5,-73.98219299316406,40.752777099609375,-73.98894500732422,40.74603271484375,N,231,0.9433066825596507,22
id3278537,2,2016-04-18 22:46:35,2016-04-18 23:20:48,1,-73.78972625732422,40.64328384399414,-73.97840881347656,40.72463607788086,N,2053,18.40545210638314,22
id2955233,2,2016-05-06 22:35:58,2016-05-06 23:07:47,3,-73.97518920898438,40.76504135131836,-73.87657165527344,40.87654113769531,N,1909,14.948021224580259,22
id1622286,1,2016-03-19 22:47:00,2016-03-19 22:55:32,1,-73.86302185058595,40.768997192382805,-73.91890716552734,40.77480697631836,N,512,4.793826222683332,22
id0072882,1,2016-05-20 22:39:53,2016-05-20 22:42:39,2,-74.01069641113281,40.71127700805664,-74.01497650146483,40.7157096862793,N,166,0.6119206432770786,22
id0855622,2,2016-02-01 22:49:03,2016-02-01 22:51:05,2,-73.96457672119139,40.764381408691406,-73.95567321777344,40.776397705078125,N,122,1.5335543924487471,22
id3816442,1,2016-06-15 22:08:44,2016-06-15 22:27:17,1,-73.99164581298828,40.72703552246094,-73.99356079101561,40.75196075439453,N,1113,2.771484819178411,22
id2317857,2,2016-02-15 22:56:02,2016-02-15 23:05:21,1,-73.99506378173827,40.72488784790039,-73.95240783691406,40.710762023925774,N,559,3.950268394907146,22
id0977191,2,2016-01-29 22:06:22,2016-01-29 22:18:15,1,-73.99784851074217,40.734405517578125,-73.98025512695312,40.741790771484375,N,713,1.7053871580012143,22
id2672393,2,2016-06-06 22:14:47,2016-06-06 22:16:09,5,-73.99564361572266,40.76478958129882,-73.99174499511719,40.76796722412109,N,82,0.4839677310554476,22
id3610004,2,2016-04-02 22:44:59,2016-04-02 23:30:36,2,-73.78975677490233,40.643909454345696,-74.00750732421875,40.740848541259766,N,2737,21.409303835768682,22
id2630083,1,2016-02-29 22:55:26,2016-02-29 23:08:42,3,-73.97391510009764,40.76031875610352,-73.97616577148438,40.79517364501953,N,796,3.8736196100931104,22
id0783892,1,2016-06-22 22:32:53,2016-06-22 22:45:32,4,-74.01033782958984,40.718944549560554,-73.9996337890625,40.75804901123047,N,759,4.434927527946328,22
id1989693,2,2016-01-28 22:08:41,2016-01-28 22:17:16,1,-73.99910736083984,40.73413848876953,-73.98351287841797,40.726749420166016,N,515,1.5587618583041174,22
id2804036,2,2016-02-18 22:36:20,2016-02-18 23:14:41,6,-73.98117828369139,40.766128540039055,-73.96681976318358,40.71024703979492,N,2301,6.321776840174667,22
id1492514,1,2016-03-04 22:02:15,2016-03-04 22:06:39,1,-73.98726654052734,40.722759246826165,-73.99931335449217,40.72674179077149,N,264,1.1153261950716262,22
id0700675,1,2016-05-24 22:32:20,2016-05-24 22:36:49,1,-73.96871948242188,40.76472473144531,-73.97642517089844,40.7647590637207,N,269,0.6549946068195965,22
id0777827,1,2016-03-09 22:26:06,2016-03-09 22:30:33,1,-73.97740173339844,40.74283218383789,-73.96415710449219,40.75690078735352,N,267,1.9251109800792119,22
id0867768,1,2016-05-15 22:52:47,2016-05-15 22:55:11,1,-73.96994018554686,40.78533554077149,-73.9596176147461,40.77995681762695,N,144,1.061281277770646,22
id1697048,2,2016-04-11 22:32:44,2016-04-11 22:45:55,1,-73.98302459716798,40.77159118652344,-73.94966125488281,40.77111053466797,N,791,2.8363859169454875,22
id3873461,2,2016-01-06 22:06:13,2016-01-06 22:26:33,2,-74.00775146484375,40.74062347412109,-73.98467254638672,40.70322036743164,N,1220,4.591871490453982,22
id2498958,1,2016-02-25 22:29:43,2016-02-25 22:34:12,1,-73.98413848876953,40.76996612548828,-73.9875717163086,40.769844055175774,N,269,0.2921387394754429,22
id3220206,1,2016-03-09 22:33:20,2016-03-09 22:52:45,1,-73.98716735839844,40.75085067749024,-73.92622375488281,40.74008941650391,N,1165,5.316142160957708,22
id1277637,1,2016-06-01 22:39:21,2016-06-01 22:48:20,1,-73.98348236083984,40.74385833740234,-74.0030517578125,40.73301696777344,N,539,2.053058146310897,22
id0667282,1,2016-05-24 22:13:39,2016-05-24 22:34:42,1,-73.98950958251953,40.7263069152832,-73.97542572021484,40.765567779541016,N,1263,4.519391116895509,22
id3760571,1,2016-03-18 22:39:55,2016-03-18 22:59:10,1,-74.00946044921875,40.715614318847656,-73.95055389404298,40.71400451660156,N,1155,5.010244617012261,22
id2743162,2,2016-01-12 22:42:13,2016-01-12 23:06:15,1,-74.00148773193358,40.74104309082031,-73.94863891601561,40.801517486572266,N,1442,8.077077582548785,22
id2300277,2,2016-02-26 22:50:55,2016-02-26 22:56:08,1,-73.98423767089844,40.75223159790039,-73.97864532470702,40.7500228881836,N,313,0.5348493492257476,22
id2704150,2,2016-05-30 22:06:26,2016-05-30 22:12:18,1,-73.9840316772461,40.765018463134766,-73.9773178100586,40.78432846069336,N,352,2.2180801287387895,22
id2946025,1,2016-03-15 22:10:23,2016-03-15 22:19:22,1,-74.00398254394531,40.72551727294922,-73.97929382324217,40.735645294189446,N,539,2.3806982898354727,22
id0986061,2,2016-03-30 22:01:03,2016-03-30 22:04:26,2,-73.98356628417967,40.74394989013672,-73.99326324462889,40.73844909667969,N,203,1.0257641414562406,22
id1536734,1,2016-06-15 22:06:16,2016-06-15 22:13:28,2,-73.9937744140625,40.74599838256836,-74.00420379638672,40.74266815185546,N,432,0.9604806518301858,22
id3512544,1,2016-06-22 22:40:54,2016-06-22 22:47:32,1,-73.9832534790039,40.7305908203125,-73.9721450805664,40.7473030090332,N,398,2.0815285890098694,22
id1296061,2,2016-02-16 22:33:35,2016-02-16 22:36:05,1,-73.97617340087889,40.786087036132805,-73.96790313720702,40.78806686401367,N,150,0.7365222760105087,22
id2735879,2,2016-04-20 22:34:43,2016-04-20 22:46:31,1,-73.98516845703125,40.7647590637207,-74.00562286376953,40.73834991455078,N,708,3.4082271898826146,22
id0308919,2,2016-06-19 22:57:56,2016-06-19 23:18:47,1,-73.9877700805664,40.735469818115234,-73.97221374511719,40.747291564941406,N,1251,1.8628881408790041,22
id0982501,1,2016-01-02 22:28:49,2016-01-02 22:33:49,1,-74.01541137695312,40.71434020996094,-74.01435852050781,40.70269393920898,N,300,1.2958300292871163,22
id2308323,2,2016-02-04 22:27:00,2016-02-04 22:36:23,2,-73.96492004394531,40.75948715209961,-73.92305755615233,40.76413345336913,N,563,3.595492683122866,22
id1797000,1,2016-05-03 22:42:13,2016-05-03 22:49:33,1,-74.00132751464844,40.7310791015625,-74.00594329833984,40.73814392089844,N,440,0.8768658139536435,22
id1092730,1,2016-02-11 22:33:11,2016-02-11 22:47:10,1,-73.99574279785155,40.7540168762207,-73.96446228027344,40.758106231689446,N,839,2.697312245700183,22
id2873677,2,2016-01-15 22:16:39,2016-01-15 22:24:23,6,-73.9960708618164,40.732791900634766,-74.0047836303711,40.72564697265625,N,464,1.085105352149411,22
id0339095,2,2016-03-10 22:36:46,2016-03-10 22:48:02,1,-73.98792266845702,40.74390411376953,-73.98413848876953,40.764019012451165,N,676,2.255803945252799,22
id0834604,2,2016-06-07 22:25:08,2016-06-07 22:39:31,2,-73.95242309570312,40.7766990661621,-73.9706802368164,40.75569534301758,N,863,2.8006691991102066,22
id0108843,1,2016-04-22 22:13:52,2016-04-22 22:16:34,1,-73.99117279052734,40.74505233764648,-73.9959259033203,40.74855422973633,N,162,0.5606454030985236,22
id0129764,2,2016-04-05 22:14:15,2016-04-05 22:30:55,1,-73.97821807861328,40.68785858154297,-73.98056793212889,40.64326858520508,N,1000,4.953518176471565,22
id1434247,1,2016-01-15 22:16:29,2016-01-15 22:17:29,1,-73.99119567871094,40.75038909912109,-73.99124145507811,40.75032043457031,N,60,0.008557518120429054,22
id2790163,1,2016-06-29 22:44:44,2016-06-29 23:16:09,1,-73.98221588134764,40.748920440673835,-73.8172836303711,40.71754837036133,N,1885,14.445260104366861,22
id0695079,2,2016-03-06 22:03:19,2016-03-06 22:15:24,2,-73.98237609863281,40.761451721191406,-74.00568389892578,40.72461700439453,N,725,4.543357228014924,22
id0207641,1,2016-04-03 22:22:16,2016-04-03 22:26:25,1,-73.95454406738281,40.77823257446289,-73.94361877441406,40.77710723876953,N,249,0.9370131879070551,22
id0977217,1,2016-06-15 22:40:36,2016-06-15 23:13:39,1,-73.97276306152342,40.67779541015625,-73.97808837890625,40.76217269897461,N,1983,9.37681099081928,22
id0791544,1,2016-01-19 22:43:01,2016-01-19 22:57:23,2,-73.98834228515625,40.72333526611328,-73.95028686523438,40.772159576416016,N,862,6.31144330957305,22
id3790989,2,2016-03-20 22:09:05,2016-03-20 22:13:56,6,-73.9944076538086,40.734668731689446,-74.0027618408203,40.7336311340332,N,291,0.7193853499601461,22
id3745256,2,2016-01-19 22:04:02,2016-01-19 22:16:56,1,-73.98200988769531,40.76287078857422,-74.00430297851561,40.72193145751953,N,774,4.923519614602286,22
id3061826,1,2016-04-07 22:33:04,2016-04-07 23:08:29,1,-73.79013061523438,40.64394378662109,-74.00128936767578,40.72772216796875,N,2125,20.214531452227764,22
id3007269,2,2016-01-02 22:42:22,2016-01-02 23:06:55,1,-73.98823547363281,40.7483787536621,-73.9635009765625,40.71671676635742,N,1473,4.095338226959225,22
id3922145,2,2016-01-05 22:50:41,2016-01-05 23:22:19,1,-73.78810882568358,40.64175796508789,-73.99552917480467,40.72813415527344,N,1898,20.06907360330901,22
id0105278,1,2016-01-16 22:34:31,2016-01-16 22:50:35,1,-73.98735809326173,40.75047302246094,-73.98789215087889,40.779296875,N,964,3.1997696550807935,22
id3300645,1,2016-04-01 22:34:36,2016-04-01 22:43:05,4,-73.9615936279297,40.759056091308594,-73.9615936279297,40.759056091308594,N,509,0.0,22
id0665112,1,2016-04-08 22:51:02,2016-04-08 22:59:16,1,-73.99288177490233,40.7303123474121,-73.9826889038086,40.7310676574707,N,494,0.8704410867195383,22
id1461760,2,2016-05-12 22:54:33,2016-05-12 23:08:24,6,-73.99703216552734,40.72241973876953,-73.99931335449217,40.76105880737305,N,831,4.293317471286358,22
id2266525,2,2016-01-29 22:46:48,2016-01-29 22:51:14,1,-73.93854522705078,40.80298614501953,-73.94116973876953,40.79507064819336,N,266,0.9064985439495772,22
id3672932,1,2016-05-29 22:07:32,2016-05-29 22:16:09,1,-74.00263214111328,40.739532470703125,-73.9909896850586,40.75022506713867,N,517,1.545317242193294,22
id0528231,1,2016-04-02 22:11:15,2016-04-02 22:29:26,1,-73.9853515625,40.759307861328125,-73.97775268554686,40.74971389770508,N,1091,1.2454992976346626,22
id2124152,1,2016-05-20 22:08:50,2016-05-20 22:15:42,2,-73.98884582519531,40.736492156982415,-73.97604370117188,40.7332763671875,N,412,1.1452301509377827,22
id2355772,2,2016-03-01 22:57:25,2016-03-01 23:01:11,1,-73.98299407958984,40.73079681396485,-73.97513580322266,40.7415428161621,N,226,1.3670949498464093,22
id0883562,1,2016-04-12 22:08:54,2016-04-12 22:19:16,1,-73.94906616210938,40.780879974365234,-73.96456909179686,40.75381088256836,N,622,3.2809296589253787,22
id0427882,1,2016-04-07 22:35:07,2016-04-07 22:38:31,1,-73.9584732055664,40.78140640258789,-73.95011901855469,40.78438186645508,N,204,0.7831557590191628,22
id3788927,2,2016-01-18 22:34:32,2016-01-18 22:44:11,1,-73.99376678466798,40.741966247558594,-74.00909423828125,40.73200225830078,N,579,1.7089814182825724,22
id3639016,1,2016-02-11 22:35:03,2016-02-11 22:50:01,1,-73.96954345703125,40.7576560974121,-73.99044036865233,40.77170181274414,N,898,2.363415453017144,22
id3361922,1,2016-04-01 22:28:37,2016-04-01 22:42:11,3,-73.9806900024414,40.74227142333984,-73.98313903808595,40.760250091552734,N,814,2.0064599904001037,22
id0883479,2,2016-02-18 22:09:10,2016-02-18 22:26:44,1,-73.9626693725586,40.76677322387695,-73.99127197265625,40.75029754638672,N,1054,3.0422599770404775,22
id2809816,2,2016-04-19 22:27:34,2016-04-19 22:37:37,5,-73.95745086669923,40.77378082275391,-73.93609619140625,40.811908721923835,N,603,4.60502441946275,22
id3897460,2,2016-03-24 22:13:09,2016-03-24 22:20:35,1,-73.99263763427734,40.730201721191406,-73.99459075927734,40.72114181518555,N,446,1.019260633326069,22
id1681891,1,2016-05-02 22:06:17,2016-05-02 22:21:24,1,-73.98871612548828,40.74526596069336,-74.01416015625,40.7095947265625,N,907,4.511668339962522,22
id2487396,1,2016-03-12 22:13:34,2016-03-12 22:18:29,1,-73.99946594238281,40.7613525390625,-73.9920654296875,40.764354705810554,N,295,0.7118602821271445,22
id1821693,1,2016-06-26 22:54:53,2016-06-26 23:11:32,1,-73.98143005371094,40.74116134643555,-73.97496795654298,40.79279708862305,N,999,5.75782695726726,22
id1404671,2,2016-03-25 23:03:39,2016-03-25 23:30:47,1,-73.98834991455078,40.723339080810554,-73.86245727539062,40.82823944091797,N,1628,15.814235658624854,23
id1751862,2,2016-02-13 23:04:40,2016-02-13 23:11:43,1,-73.98362731933594,40.726089477539055,-73.9781723022461,40.72489929199219,N,423,0.4821297151458282,23
id1861198,2,2016-01-22 23:29:03,2016-01-22 23:33:02,6,-74.003173828125,40.72026824951172,-73.99278259277344,40.71852111816406,N,239,0.9042946760944405,23
id0242289,2,2016-02-08 23:09:51,2016-02-08 23:33:25,3,-73.98113250732422,40.747188568115234,-73.79212188720702,40.78596878051758,N,1414,16.63258373909972,23
id0558797,2,2016-05-13 23:35:18,2016-05-13 23:43:49,5,-74.00410461425781,40.75110626220703,-73.98381042480467,40.74936676025391,N,511,1.7357787200650177,23
id3204044,2,2016-01-21 23:41:57,2016-01-21 23:50:46,1,-74.00180053710938,40.73052978515625,-73.97863006591797,40.74525833129882,N,529,2.559626236910164,23
id1462497,2,2016-04-15 23:47:54,2016-04-15 23:52:28,1,-73.96152496337889,40.71571350097656,-73.9509506225586,40.70999526977539,N,274,1.1003407059312593,23
id3565577,2,2016-05-06 23:06:32,2016-05-06 23:30:49,1,-73.97477722167967,40.782981872558594,-73.99311065673827,40.736770629882805,N,1457,5.360938897720372,23
id3911783,2,2016-03-17 23:35:39,2016-03-17 23:58:35,2,-74.00421905517578,40.7254295349121,-73.967041015625,40.67366409301758,N,1376,6.557632631652613,23
id3827327,1,2016-01-19 23:10:00,2016-01-19 23:16:48,1,-73.98363494873048,40.760292053222656,-73.97048950195312,40.75213241577149,N,408,1.4383422049943129,23
id1712494,1,2016-02-24 23:48:12,2016-02-24 23:56:05,1,-73.98046875,40.75984954833984,-73.97532653808595,40.7822494506836,N,473,2.5245151983284293,23
id1001862,2,2016-03-21 23:40:21,2016-03-21 23:51:59,1,-73.86281585693358,40.76902389526367,-73.87564849853516,40.733829498291016,N,698,4.056000648240788,23
id1665464,1,2016-02-22 23:45:02,2016-02-22 23:55:54,1,-73.95819854736328,40.7132568359375,-73.90988922119139,40.709148406982415,N,652,4.1315382633396185,23
id3729833,1,2016-03-21 23:21:15,2016-03-21 23:52:35,2,-73.7825698852539,40.644344329833984,-73.96283721923827,40.71212005615234,N,1880,17.069943474877384,23
id3904148,2,2016-06-18 23:42:25,2016-06-18 23:52:13,2,-73.99909210205078,40.72818756103516,-73.99877166748048,40.728328704833984,N,588,0.031421402028750066,23
id0906735,1,2016-06-23 23:49:53,2016-06-23 23:53:03,2,-73.99015808105469,40.7352294921875,-73.99549102783203,40.72677612304688,N,190,1.0420811882643157,23
id3907167,1,2016-03-12 23:43:06,2016-03-12 23:54:45,1,-73.98540496826173,40.747116088867195,-73.97824859619139,40.72917938232422,N,699,2.0818256094828356,23
id3580691,1,2016-04-14 23:11:17,2016-04-14 23:23:13,1,-73.97808074951173,40.764923095703125,-73.97846221923827,40.74103164672852,N,716,2.652149055651928,23
id3061158,2,2016-03-02 23:28:12,2016-03-03 00:02:11,5,-73.98216247558594,40.76945114135742,-73.98365020751953,40.66529846191406,N,2039,11.561639011565179,23
id0649207,1,2016-01-17 23:46:39,2016-01-17 23:57:08,2,-73.98868560791014,40.731224060058594,-74.0019302368164,40.70763397216797,N,629,2.8502547042909514,23
id0457518,1,2016-04-04 23:26:02,2016-04-04 23:47:00,1,-73.9974594116211,40.721923828125,-73.95169067382812,40.76637649536133,N,1258,6.283434620688488,23
id0976099,2,2016-06-06 23:52:38,2016-06-07 00:02:41,1,-73.97473907470702,40.76171875,-73.98584747314453,40.73263168334961,N,603,3.3638985750394945,23
id2897686,1,2016-03-29 23:48:10,2016-03-30 00:04:47,1,-73.9914779663086,40.73912048339844,-73.95153045654298,40.7250862121582,N,997,3.7358311242456677,23
id3809503,1,2016-02-10 23:04:31,2016-02-10 23:17:32,1,-74.00355529785155,40.719135284423835,-73.9969711303711,40.68016052246094,N,781,4.362247929560781,23
id3305615,1,2016-06-09 23:10:24,2016-06-09 23:24:20,1,-74.01066589355469,40.70442199707031,-73.97035217285155,40.75176239013672,N,836,6.27333983280361,23
id1659968,1,2016-05-07 23:56:57,2016-05-08 00:00:12,1,-73.99034881591797,40.740333557128906,-73.98573303222656,40.73875427246094,Y,195,0.42972344781860633,23
id2675877,1,2016-03-16 23:44:05,2016-03-16 23:47:19,1,-73.98182678222656,40.758167266845696,-73.98060607910156,40.76761245727539,N,194,1.0535380803483874,23
id1528064,1,2016-06-16 23:04:48,2016-06-16 23:16:48,1,-73.99580383300781,40.7442741394043,-73.97056579589844,40.78923797607422,N,720,5.432491623964177,23
id2909613,1,2016-01-14 23:10:35,2016-01-14 23:49:25,2,-73.95186614990233,40.76894760131836,-73.95186614990233,40.76894760131836,N,2330,0.0,23
id0428059,2,2016-06-20 23:19:13,2016-06-20 23:24:00,2,-73.97454071044923,40.79067611694336,-73.96953582763672,40.80203628540039,N,287,1.3308062346237945,23
id1775295,1,2016-03-26 23:41:36,2016-03-26 23:48:16,1,-74.00411987304686,40.72211456298828,-73.99372863769531,40.72718811035156,N,400,1.0475174562802927,23
id2057994,2,2016-03-11 23:53:21,2016-03-12 00:06:42,2,-73.98236846923827,40.756568908691406,-73.96266174316406,40.80438995361328,N,801,5.566163212134965,23
id0344737,2,2016-03-10 23:17:44,2016-03-10 23:30:49,6,-73.99005126953125,40.729316711425774,-73.99139404296875,40.74907684326172,N,785,2.1963422437765603,23
id0886401,1,2016-04-09 23:53:45,2016-04-09 23:58:04,1,-73.99668884277344,40.725540161132805,-74.00176239013672,40.73064041137695,N,259,0.7116730559586495,23
id1787946,2,2016-01-02 23:01:31,2016-01-02 23:15:17,5,-73.99217987060547,40.75917816162109,-74.00266265869139,40.72486877441406,N,826,3.9111910652918005,23
id1663529,2,2016-06-09 23:03:03,2016-06-09 23:24:05,1,-73.98489379882812,40.760231018066406,-73.98612976074217,40.73114013671875,N,1262,3.230796362291039,23
id2615161,1,2016-04-18 23:33:40,2016-04-18 23:57:44,1,-73.9891586303711,40.748382568359375,-73.9445571899414,40.79050064086913,N,1444,6.019071846573239,23
id3481631,2,2016-04-01 23:39:47,2016-04-02 00:15:10,1,-74.00718688964845,40.74372863769531,-73.94931793212889,40.80276107788086,N,2123,8.19339828179211,23
id1653338,2,2016-04-28 23:01:33,2016-04-28 23:24:34,1,-73.94745635986328,40.763580322265625,-73.92046356201173,40.8665885925293,N,1381,11.661847892616514,23
id0176168,2,2016-03-12 23:43:16,2016-03-12 23:46:52,1,-74.00173950195312,40.74073028564453,-73.99874877929686,40.7501106262207,N,216,1.0718012708853193,23
id3886004,2,2016-03-08 23:52:15,2016-03-08 23:56:20,1,-73.98876190185547,40.73876190185546,-73.98104858398438,40.73248672485352,N,245,0.9565708494191815,23
id3601728,2,2016-02-25 23:23:28,2016-02-25 23:39:59,6,-73.87442016601561,40.77403259277344,-73.98197937011719,40.749778747558594,N,991,9.530672262215305,23
id1676768,1,2016-02-27 23:50:23,2016-02-28 00:04:25,1,-73.98001861572266,40.7303581237793,-74.00435638427734,40.71966552734375,N,842,2.385003624651643,23
id3670310,2,2016-03-20 23:35:00,2016-03-20 23:44:31,1,-73.96597290039062,40.80052947998047,-73.98240661621094,40.76573944091797,N,571,4.106570020391156,23
id0311094,2,2016-06-23 23:52:04,2016-06-24 00:12:14,1,-73.98391723632812,40.72552108764648,-73.94230651855469,40.700958251953125,N,1210,4.465803861067526,23
id1620829,2,2016-01-17 23:59:31,2016-01-18 00:08:29,1,-74.00242614746092,40.734283447265625,-73.98008728027342,40.73480224609375,N,538,1.899676750719109,23
id1450793,1,2016-06-05 23:06:12,2016-06-05 23:14:35,2,-73.9847183227539,40.75469970703125,-73.97792053222656,40.7460823059082,N,503,1.1175059239899032,23
id0950492,2,2016-05-16 23:27:19,2016-05-16 23:43:03,1,-73.9734115600586,40.76471328735352,-73.97856903076173,40.72963333129882,N,944,3.918474815930127,23
id1956799,2,2016-01-14 23:54:03,2016-01-14 23:57:52,3,-73.94976043701173,40.7811279296875,-73.96055603027344,40.77395248413086,N,229,1.2150753001524968,23
id1724340,1,2016-04-17 23:44:49,2016-04-18 00:00:22,1,-73.98429870605469,40.73191833496094,-73.98733520507811,40.76752853393555,N,933,3.961149808172679,23
id2300599,1,2016-03-11 23:52:50,2016-03-11 23:56:57,1,-73.99571228027342,40.726829528808594,-74.00392913818358,40.72104644775391,N,247,0.9486160431716507,23
id1409028,1,2016-06-02 23:19:02,2016-06-02 23:31:59,1,-73.97441864013672,40.75439453125,-73.98950958251953,40.75725555419922,N,777,1.3214573295966738,23
id3494116,2,2016-04-08 23:15:37,2016-04-08 23:34:12,1,-73.98782348632812,40.72418975830078,-74.00881958007811,40.7381591796875,N,1115,2.3641950056647,23
id1336718,2,2016-05-05 23:11:30,2016-05-05 23:20:52,1,-73.9529037475586,40.7984733581543,-73.96185302734375,40.80068206787109,N,562,0.7992209781867311,23
id1455053,2,2016-03-22 23:39:07,2016-03-23 00:09:57,1,-73.9902114868164,40.76072311401367,-73.85857391357422,40.72872924804688,N,1850,11.73924715376597,23
id3668134,2,2016-06-25 23:18:57,2016-06-25 23:31:11,1,-73.98848724365233,40.745960235595696,-73.99793243408203,40.71950912475586,N,734,3.0438594600724374,23
id0634282,1,2016-03-05 23:40:36,2016-03-05 23:55:38,2,-73.99208068847656,40.740760803222656,-73.97191619873048,40.74966049194336,N,902,1.9782849051384266,23
id0670399,2,2016-02-05 23:04:01,2016-02-05 23:17:58,1,-73.98922729492188,40.72039031982422,-73.94484710693358,40.71377182006836,N,837,3.843186642709656,23
id3345450,1,2016-03-11 23:57:46,2016-03-12 00:06:31,1,-73.9792709350586,40.72739410400391,-73.98682403564453,40.721134185791016,N,525,0.9460439743612168,23
id2796924,1,2016-02-06 23:29:29,2016-02-06 23:39:58,1,-73.97701263427734,40.76451873779297,-73.9788818359375,40.74763107299805,N,629,1.8812520367582055,23
id2868819,2,2016-04-13 23:28:10,2016-04-14 00:00:09,2,-74.00656890869139,40.72095489501953,-73.96302795410156,40.63880157470703,N,1919,9.841430830950022,23
id0834674,1,2016-02-27 23:19:55,2016-02-27 23:30:26,1,-74.00218963623048,40.72953414916992,-73.99762725830078,40.756511688232415,N,631,3.019513483637674,23
id1105308,1,2016-04-15 23:44:24,2016-04-15 23:49:31,1,-73.99979400634764,40.74331283569336,-73.98300170898438,40.7391471862793,N,307,1.5003720714906206,23
id0906821,2,2016-05-18 23:05:48,2016-05-18 23:15:20,5,-73.97447967529298,40.74197006225586,-73.99993896484375,40.71154022216797,N,572,4.01148444888623,23
id0510174,2,2016-05-19 23:53:45,2016-05-20 00:09:09,1,-73.9847183227539,40.760101318359375,-73.97794342041014,40.73926162719727,N,924,2.3838085396386264,23
id1067237,2,2016-01-13 23:07:30,2016-01-13 23:17:56,1,-74.01583099365233,40.714668273925774,-73.99266815185547,40.732181549072266,N,626,2.766833964821498,23
id0482332,2,2016-01-17 23:52:13,2016-01-17 23:54:31,1,-74.00199127197266,40.740509033203125,-74.0011215209961,40.746490478515625,N,138,0.6680436860891054,23
id2729874,1,2016-05-03 23:10:02,2016-05-03 23:34:05,2,-73.95700073242188,40.770633697509766,-74.00006103515625,40.682720184326165,N,1443,10.422230578068477,23
id0747140,1,2016-05-26 23:05:18,2016-05-26 23:09:04,1,-73.9973907470703,40.684043884277344,-73.9957504272461,40.67893600463867,N,226,0.5838665791209026,23
id2596111,2,2016-04-09 23:50:39,2016-04-10 00:08:20,1,-73.99420166015625,40.71981048583984,-73.93341827392578,40.713661193847656,N,1061,5.211480934644264,23
id1002271,1,2016-06-05 23:07:10,2016-06-05 23:14:52,1,-73.97792053222656,40.75339126586913,-74.00162506103516,40.74568557739258,N,462,2.188915986554846,23
id2250025,2,2016-01-04 23:27:27,2016-01-04 23:46:02,2,-73.98507690429686,40.723979949951165,-73.97151947021484,40.63724136352539,N,1115,9.696702660213203,23
id1748853,1,2016-04-09 23:47:43,2016-04-10 00:03:47,1,-73.9740219116211,40.74757766723633,-73.99507904052734,40.71977996826172,N,964,3.56709542067984,23
id2731964,2,2016-04-23 23:45:29,2016-04-23 23:49:24,1,-74.00749969482422,40.71556854248047,-74.00115203857422,40.717559814453125,N,235,0.5830693201007046,23
id1102501,2,2016-02-24 23:32:12,2016-02-24 23:34:36,1,-73.98230743408203,40.74588394165039,-73.97830200195312,40.75101089477539,N,144,0.6631588524001426,23
id2611283,2,2016-05-12 23:21:43,2016-05-12 23:28:34,2,-73.99101257324217,40.71775817871094,-73.98375701904298,40.73194122314453,N,411,1.6908054614887742,23
id3565096,1,2016-02-28 23:01:59,2016-02-28 23:30:01,1,-73.77682495117188,40.64517974853516,-73.9988784790039,40.68919372558594,N,1682,19.4965957446423,23
id0885593,2,2016-04-20 23:59:05,2016-04-21 00:32:07,1,-73.98918914794923,40.7373161315918,-73.99494171142578,40.662273406982415,N,1982,8.34408164990753,23
id0808200,1,2016-04-27 23:40:50,2016-04-28 00:00:22,1,-74.00193786621092,40.727096557617195,-73.95983123779298,40.682964324951165,N,1172,6.066855806313555,23
id3244974,1,2016-05-26 23:52:27,2016-05-27 00:17:52,1,-73.78185272216798,40.64472198486328,-73.95660400390625,40.640384674072266,N,1525,14.861659111806441,23
id2329958,1,2016-02-22 23:29:32,2016-02-22 23:49:36,2,-73.97772216796875,40.78425216674805,-73.98074340820312,40.76332473754882,N,1204,2.337096666674664,23
id3362819,2,2016-06-29 23:11:03,2016-06-29 23:25:39,4,-74.00421905517578,40.74264144897461,-73.97382354736328,40.74882125854492,N,876,2.6731296972739695,23
id1110548,2,2016-02-24 23:20:20,2016-02-24 23:35:15,1,-73.98301696777342,40.74966049194336,-73.97572326660156,40.788040161132805,N,895,4.305017638888297,23
id3281745,1,2016-05-18 23:05:04,2016-05-18 23:51:25,1,-73.98257446289062,40.76512908935546,-73.9817886352539,40.68373489379882,N,2781,9.0350026175971,23
id2231195,1,2016-02-19 23:54:07,2016-02-19 23:56:37,3,-73.97659301757811,40.78570556640625,-73.96887969970702,40.78593444824219,N,150,0.6561240761665914,23
id1871815,1,2016-02-15 23:26:24,2016-02-15 23:31:35,1,-73.99356079101561,40.7246208190918,-74.00157165527344,40.73387908935546,N,311,1.2327847653599888,23
id0503850,2,2016-01-14 23:33:16,2016-01-14 23:40:59,1,-73.99993896484375,40.73477935791016,-73.98835754394531,40.732940673828125,N,463,1.0053549614311146,23
id3165373,1,2016-04-27 23:51:07,2016-04-28 00:11:53,1,-74.01173400878906,40.709766387939446,-73.9828109741211,40.669597625732415,N,1246,5.09159227735181,23
id0395652,2,2016-05-14 23:55:45,2016-05-15 00:02:05,1,-73.98005676269531,40.782222747802734,-73.99095916748048,40.771331787109375,N,380,1.523224256743102,23
id3730221,1,2016-05-11 23:59:26,2016-05-12 00:13:00,2,-73.98982238769531,40.735443115234375,-73.98235321044923,40.764915466308594,N,814,3.332466546657264,23
id1908944,2,2016-03-15 23:33:54,2016-03-15 23:40:30,1,-73.98652648925781,40.75762176513672,-73.99382019042967,40.73782730102539,N,396,2.2829761930554917,23
id2134256,1,2016-02-12 23:10:35,2016-02-12 23:14:53,1,-73.98902130126953,40.74859619140625,-73.99115753173827,40.75589370727539,N,258,0.8301267684064116,23
id0507277,2,2016-04-06 23:41:42,2016-04-07 00:05:15,1,-73.98551940917967,40.71925735473633,-73.98600006103516,40.76123046875,N,1413,4.659194784798928,23
id2937833,2,2016-03-18 23:28:08,2016-03-18 23:46:27,1,-73.99593353271484,40.73279571533203,-73.94721221923827,40.78387069702149,N,1099,7.020803732863693,23
id3558919,2,2016-06-10 23:20:46,2016-06-10 23:31:26,1,-73.9825668334961,40.76275253295898,-73.98833465576173,40.743106842041016,N,640,2.235103731982599,23
id1912060,1,2016-06-08 23:52:19,2016-06-09 00:16:14,1,-73.98757934570312,40.74395751953125,-73.95042419433594,40.805908203125,N,1435,7.5670839007869715,23
id0303676,2,2016-02-16 23:52:21,2016-02-16 23:58:36,1,-73.98841857910156,40.7598876953125,-73.97742462158203,40.75338363647461,N,375,1.1808799180040404,23
id0713159,1,2016-02-19 23:14:15,2016-02-19 23:22:04,2,-74.000732421875,40.736034393310554,-73.98358154296875,40.72695541381836,N,469,1.772243393468841,23
id3549643,1,2016-04-18 23:18:13,2016-04-18 23:25:12,1,-73.99358367919923,40.75008010864258,-74.00646209716798,40.74382019042969,N,419,1.2965764227557222,23
id3236164,2,2016-01-16 23:54:54,2016-01-17 00:03:53,1,-73.99993896484375,40.71784973144531,-73.98663330078125,40.71091842651367,N,539,1.367865741025616,23
id2230554,1,2016-06-22 23:05:38,2016-06-22 23:14:43,1,-74.00787353515625,40.70534133911133,-73.98719024658203,40.72262954711913,N,545,2.6025699661612354,23
id2422163,1,2016-02-06 23:39:56,2016-02-06 23:44:41,1,-73.98228454589844,40.77544784545898,-73.98778533935547,40.77132034301758,N,285,0.6546168926302678,23
id0795151,1,2016-02-10 23:13:55,2016-02-10 23:45:10,1,-74.00025939941406,40.73023223876953,-74.03218078613281,40.631732940673835,N,1875,11.26507045861542,23
id2934561,1,2016-04-06 23:06:06,2016-04-06 23:16:15,1,-73.98057556152342,40.7651252746582,-73.97744750976561,40.77701187133789,N,609,1.3459357898277597,23
id1027452,1,2016-05-23 23:49:38,2016-05-23 23:51:10,1,-73.96849060058595,40.75486373901367,-73.9768829345703,40.75224304199219,N,92,0.770381206372722,23
id1781394,1,2016-05-30 23:56:20,2016-05-31 00:02:44,1,-73.98107147216798,40.74166488647461,-73.99147033691406,40.749061584472656,N,384,1.2063918828445446,23
id0770354,1,2016-04-07 23:30:19,2016-04-07 23:58:34,2,-73.97205352783203,40.793983459472656,-73.927001953125,40.86516571044922,N,1695,8.780296916769714,23
id1964277,2,2016-06-06 23:31:32,2016-06-07 00:01:43,6,-73.88581848144531,40.76499176025391,-73.98603057861328,40.71800231933594,N,1811,9.98807621843683,23
id0256205,1,2016-03-24 23:36:25,2016-03-24 23:52:42,1,-73.97213745117188,40.7586326599121,-73.93742370605469,40.819278717041016,N,977,7.3499928346276775,23
id3456826,1,2016-05-19 23:31:47,2016-05-19 23:33:51,1,-73.99371337890625,40.75876998901367,-73.98782348632812,40.75626373291016,N,124,0.5727420181373643,23
id2585030,1,2016-05-21 23:16:26,2016-05-21 23:27:58,1,-73.98304748535155,40.766647338867195,-73.99362182617188,40.75983428955078,N,692,1.1746434756785424,23
id2790367,2,2016-01-29 23:00:26,2016-01-29 23:30:47,1,-73.87093353271484,40.7737693786621,-73.73343658447266,40.930938720703125,N,1821,20.998748168740736,23
id3572296,2,2016-06-28 23:08:08,2016-06-28 23:21:15,1,-73.97598266601561,40.75577163696289,-73.9822998046875,40.7318115234375,N,787,2.7132358933398004,23
id1043451,1,2016-06-29 23:59:08,2016-06-30 00:06:31,1,-73.99149322509764,40.74485778808594,-73.99283599853516,40.76321029663086,N,443,2.0403233281216195,23
id1974113,1,2016-01-27 23:42:48,2016-01-27 23:51:11,1,-73.99617004394531,40.73317337036133,-73.99038696289062,40.724708557128906,N,503,1.0604105248979505,23
id2491713,2,2016-02-29 23:05:08,2016-02-29 23:18:47,2,-74.01043701171875,40.73263168334961,-74.00733184814453,40.705390930175774,N,819,3.0352212716742466,23
id3655515,1,2016-06-24 23:10:51,2016-06-24 23:15:36,3,-73.9964599609375,40.747955322265625,-73.98565673828125,40.75212478637695,N,285,1.0283095724638238,23
id1770083,2,2016-01-17 23:48:53,2016-01-18 00:16:01,1,-73.99363708496092,40.720359802246094,-73.92034912109375,40.8668212890625,N,1628,17.409875033918723,23
id3651471,1,2016-03-06 23:27:14,2016-03-06 23:33:17,1,-73.99211120605469,40.74987030029297,-73.98002624511719,40.74894332885742,N,363,1.0323621066938826,23
id1130875,1,2016-04-15 23:01:57,2016-04-15 23:10:28,2,-73.98244476318358,40.71455764770508,-73.98847198486328,40.72134780883789,N,511,0.9113402495931376,23
id2200996,2,2016-06-30 23:34:32,2016-06-30 23:40:06,3,-73.99122619628906,40.723342895507805,-73.99974060058595,40.7193603515625,N,334,0.8480543041667792,23
id0572154,1,2016-01-14 23:36:23,2016-01-14 23:52:44,1,-73.96892547607422,40.75794982910156,-73.87982940673827,40.769676208496094,N,981,7.684209614223915,23
id3038609,2,2016-04-07 23:33:50,2016-04-08 00:00:17,1,-73.98014831542967,40.75510025024414,-73.97119140625,40.671550750732415,N,1587,9.305192498551047,23
id2076656,1,2016-04-13 23:23:07,2016-04-13 23:31:39,1,-73.97264099121092,40.79340744018555,-73.94837188720702,40.8035888671875,N,512,2.3521609804581773,23
id2162377,1,2016-01-15 23:15:29,2016-01-15 23:25:13,2,-73.98204803466798,40.77235412597656,-73.9706039428711,40.75853729248047,N,584,1.8161435546329787,23
id1841494,2,2016-02-27 23:43:36,2016-02-27 23:55:34,6,-73.989013671875,40.7215690612793,-73.98023986816406,40.74414825439453,N,718,2.6148938002420876,23
id3911430,1,2016-05-11 23:42:16,2016-05-11 23:47:05,1,-73.97602081298828,40.74485397338867,-73.98209381103516,40.745582580566406,N,289,0.5225019238479711,23
id3193270,1,2016-03-12 23:31:19,2016-03-12 23:38:23,1,-73.95487976074217,40.777729034423835,-73.93331909179686,40.7968978881836,N,424,2.808188108324606,23
id2584932,2,2016-04-16 23:36:19,2016-04-16 23:44:40,1,-73.98139190673827,40.7740592956543,-73.96556091308594,40.80466842651367,N,501,3.6543822691478955,23
id2556933,1,2016-04-30 23:31:51,2016-04-30 23:43:43,1,-73.98621368408203,40.728679656982415,-73.9771728515625,40.75150680541992,N,712,2.6477836107549715,23
id2829339,1,2016-02-04 23:24:02,2016-02-04 23:31:51,1,-73.99101257324217,40.73507308959961,-73.98770141601561,40.72454833984375,N,469,1.2016716504760663,23
id2621550,1,2016-04-21 23:37:05,2016-04-21 23:52:59,1,-73.98731231689453,40.736038208007805,-73.95484924316406,40.76704788208008,N,954,4.411569652466873,23
id0945814,1,2016-05-08 23:31:11,2016-05-08 23:37:26,1,-73.98308563232422,40.76147079467773,-73.9874267578125,40.745513916015625,N,375,1.8092416024522024,23
id1743160,2,2016-03-01 23:40:49,2016-03-02 00:00:35,6,-73.99491119384764,40.72544860839844,-73.9815673828125,40.76448059082031,N,1186,4.478554886021103,23
id1909964,2,2016-04-14 23:25:02,2016-04-14 23:30:54,1,-73.9603042602539,40.76207733154297,-73.94756317138672,40.77552795410156,N,352,1.844445422427556,23
id2905967,1,2016-04-11 23:46:16,2016-04-11 23:57:09,1,-73.9841537475586,40.7223014831543,-73.99855041503906,40.74432373046875,N,653,2.7336630280390843,23
id0647593,1,2016-04-12 23:25:27,2016-04-13 00:01:14,2,-73.78189086914062,40.6446533203125,-73.9796142578125,40.66666412353516,N,2147,16.98314641831021,23
id2322603,2,2016-05-25 23:59:08,2016-05-26 00:14:32,1,-73.99612426757811,40.74357223510742,-73.99420928955078,40.73687744140625,N,924,0.7607401326000576,23
id1229632,1,2016-01-15 23:24:08,2016-01-15 23:28:40,1,-74.00804901123048,40.73918151855469,-73.9983139038086,40.73614883422852,N,272,0.8933355307035509,23
id3316371,1,2016-02-04 23:14:00,2016-02-04 23:19:16,1,-73.97542572021484,40.75161743164063,-73.98441314697266,40.740100860595696,N,316,1.4892087086086454,23
id0897404,2,2016-04-24 23:54:25,2016-04-25 00:03:20,2,-73.97539520263672,40.75017547607422,-73.98748016357422,40.77427673339844,N,535,2.8656746323680466,23
id1482653,2,2016-01-02 23:25:51,2016-01-02 23:54:01,5,-73.7768325805664,40.64508056640625,-73.98165130615233,40.73690032958984,N,1690,20.17351278624835,23
id2906383,2,2016-03-09 23:22:31,2016-03-09 23:35:41,1,-73.98592376708984,40.72296142578125,-73.95740509033203,40.72039031982422,N,790,2.440829644645986,23
id0075877,2,2016-01-29 23:02:14,2016-01-29 23:22:51,2,-73.98206329345702,40.73025131225586,-73.94161987304686,40.79774475097656,N,1237,8.242836936606802,23
id0225277,2,2016-02-17 23:10:20,2016-02-17 23:27:52,1,-73.99289703369139,40.72692108154297,-73.956787109375,40.734329223632805,N,1052,3.1775861003328596,23
id1567799,1,2016-04-09 23:47:42,2016-04-09 23:53:52,2,-73.98084259033203,40.68541717529297,-73.99095153808595,40.68191146850586,Y,370,0.9432674874748064,23
id0141344,2,2016-03-06 23:00:22,2016-03-06 23:10:12,5,-73.96509552001953,40.76323699951172,-73.93273162841797,40.76223373413086,N,590,2.7531839362788144,23
id2986774,2,2016-02-11 23:59:33,2016-02-12 00:12:14,1,-73.99124908447266,40.74995040893555,-73.97142791748048,40.766361236572266,N,761,2.481286297376997,23
id0323164,2,2016-03-27 23:26:59,2016-03-27 23:40:13,6,-73.87101745605469,40.773822784423835,-73.9407730102539,40.799198150634766,N,794,6.564242543807682,23
id0350393,2,2016-03-05 23:33:20,2016-03-05 23:53:39,1,-73.98766326904298,40.727821350097656,-73.95625305175781,40.766143798828125,N,1219,5.022244756884375,23
id0196838,2,2016-03-23 23:32:04,2016-03-23 23:41:55,6,-73.98938751220702,40.73026657104492,-73.98826599121092,40.74889373779297,N,591,2.0698119638532235,23
id0486106,1,2016-02-13 23:10:49,2016-02-13 23:22:59,1,-73.98975372314453,40.723247528076165,-73.95753479003906,40.763835906982415,N,730,5.272361870983536,23
id1409632,1,2016-01-09 23:03:52,2016-01-09 23:29:21,2,-73.97725677490233,40.74291229248047,-73.99034118652342,40.758975982666016,N,1529,2.1014924315119963,23
id0346286,1,2016-01-21 23:27:44,2016-01-21 23:45:27,1,-73.98331451416014,40.7626953125,-73.98599243164062,40.72646713256836,N,1063,4.027764998778762,23
id0862540,1,2016-02-02 23:27:14,2016-02-02 23:49:53,1,-73.98252868652342,40.76164627075195,-73.94479370117188,40.80329513549805,N,1359,5.6267431673157215,23
id0699451,2,2016-04-26 23:14:07,2016-04-26 23:18:02,5,-73.97943115234375,40.75276184082031,-73.97064208984375,40.74861145019531,N,235,0.877697227517024,23
id1553573,2,2016-03-01 23:15:42,2016-03-01 23:27:05,1,-73.96530151367188,40.754928588867195,-73.9884262084961,40.76449966430664,N,683,2.2343345421894005,23
id2937612,2,2016-01-01 23:41:51,2016-01-01 23:48:34,1,-73.99085998535155,40.75114822387695,-73.98670196533203,40.757469177246094,N,403,0.7856161687526482,23
id3647883,2,2016-01-06 23:24:45,2016-01-06 23:31:12,1,-73.98634338378906,40.73051071166992,-73.97808074951173,40.741790771484375,N,387,1.435611309565112,23
id2641377,2,2016-02-20 23:57:52,2016-02-21 00:18:36,1,-73.9894027709961,40.75289916992188,-73.9826431274414,40.723140716552734,N,1244,3.3527874144171954,23
id2910313,1,2016-05-26 23:32:31,2016-05-27 00:09:15,2,-73.98236846923827,40.76852035522461,-73.99935150146483,40.71980667114258,N,2204,5.596594994914798,23
id2269064,2,2016-01-15 23:47:47,2016-01-16 00:12:53,1,-73.78196716308595,40.64475631713867,-73.9494400024414,40.78530883789063,N,1506,21.119710326408626,23
id2513007,1,2016-05-18 23:23:27,2016-05-18 23:24:58,1,-74.0006103515625,40.73223876953125,-73.99797058105469,40.73876953125,N,91,0.7588463030462291,23
id3574992,2,2016-03-06 23:33:59,2016-03-06 23:47:26,1,-73.99207305908203,40.74900817871094,-73.94934844970702,40.77189636230469,N,807,4.432047866412552,23
id2339286,1,2016-05-21 23:48:03,2016-05-21 23:56:59,2,-73.95825958251953,40.680084228515625,-73.94640350341797,40.68827819824219,N,536,1.3575123401726075,23
id2462023,1,2016-06-05 23:34:57,2016-06-05 23:52:05,1,-73.99066925048828,40.75614929199219,-73.94766998291014,40.78133010864258,N,1028,4.601194392975007,23
id2624638,2,2016-06-02 23:11:28,2016-06-02 23:14:20,1,-73.99060821533203,40.761768341064446,-73.98728942871094,40.771041870117195,N,172,1.0673163545052082,23
id1941468,2,2016-06-17 23:15:41,2016-06-17 23:23:37,1,-73.99730682373048,40.74176025390625,-73.97872924804686,40.744258880615234,N,476,1.6032652061407784,23
id0920573,2,2016-06-23 23:20:01,2016-06-23 23:28:37,3,-73.98664093017578,40.7641716003418,-73.95918273925781,40.77425003051758,N,516,2.588205468913479,23
id2165306,1,2016-04-25 23:12:01,2016-04-25 23:33:17,1,-74.00846862792967,40.722034454345696,-73.96319580078125,40.76624298095703,N,1276,6.236076888817422,23
id0412037,2,2016-06-01 23:22:40,2016-06-01 23:38:02,1,-73.99227142333984,40.71535110473633,-73.96504974365233,40.75572967529297,N,922,5.044044369232811,23
id0012953,1,2016-06-10 23:43:46,2016-06-11 00:02:38,1,-73.99114990234375,40.75551986694336,-73.94132995605469,40.8394889831543,N,1132,10.237465797535917,23
id1629123,1,2016-04-23 23:52:41,2016-04-24 00:04:46,1,-73.98046875,40.751712799072266,-73.99236297607422,40.74102783203125,N,725,1.5584639805290001,23
id3738572,2,2016-01-24 23:45:06,2016-01-24 23:58:21,6,-73.98233032226561,40.75600051879882,-73.98477172851561,40.76845932006836,N,795,1.3984102687584685,23
id0034033,2,2016-02-24 23:04:36,2016-02-24 23:21:42,1,-73.96021270751953,40.7619514465332,-74.0099105834961,40.7209587097168,N,1026,6.208795243773838,23
id3747687,1,2016-03-26 23:40:02,2016-03-26 23:49:01,1,-73.98584747314453,40.756378173828125,-74.00296783447266,40.73321533203125,N,539,2.9543400858904576,23
id3752122,1,2016-04-23 23:16:57,2016-04-23 23:25:03,1,-73.98059844970702,40.74845886230469,-73.97806549072266,40.734050750732415,N,486,1.613727505411608,23
id1232549,1,2016-05-05 23:35:07,2016-05-06 00:03:49,1,-74.0061798095703,40.73307037353516,-73.95278930664062,40.80587768554688,N,1722,9.268637441327634,23
id0908173,1,2016-04-09 23:44:40,2016-04-09 23:50:23,1,-74.00025939941406,40.738086700439446,-73.98645782470702,40.75163650512695,N,343,1.9074444208291357,23
id1424421,1,2016-05-01 23:54:23,2016-05-01 23:59:38,1,-73.98784637451173,40.748043060302734,-73.9807357788086,40.742870330810554,N,315,0.8336514445234239,23
id1237149,1,2016-01-13 23:25:31,2016-01-13 23:30:26,2,-73.94837188720702,40.71128845214844,-73.96512603759764,40.71429443359375,N,295,1.4626689175168635,23
id3584282,1,2016-02-05 23:08:29,2016-02-05 23:14:29,1,-74.0021743774414,40.74534225463867,-73.98419952392578,40.73737716674805,N,360,1.7652310194518377,23
id1206566,1,2016-04-24 23:55:48,2016-04-25 00:00:34,1,-73.99008178710938,40.756641387939446,-73.98479461669923,40.75128555297852,N,286,0.7452492048952942,23
id0379017,2,2016-04-30 23:41:25,2016-05-01 00:03:12,3,-73.99180603027342,40.7315788269043,-73.99504089355469,40.72062301635742,N,1307,1.2467926200895003,23
id0738871,2,2016-04-05 23:37:37,2016-04-05 23:58:26,1,-73.9954605102539,40.735145568847656,-73.96702575683594,40.683502197265625,N,1249,6.221112434062092,23
id3346138,1,2016-02-13 23:24:06,2016-02-13 23:33:33,1,-73.98826599121092,40.74587631225586,-73.98690032958984,40.73067855834961,N,567,1.6909398163875282,23
id0375908,1,2016-01-03 23:14:19,2016-01-03 23:28:30,1,-73.99405670166014,40.751102447509766,-73.95634460449219,40.767486572265625,N,851,3.685492510212666,23
id1354484,2,2016-04-21 23:22:25,2016-04-21 23:22:55,1,-73.98475646972656,40.72833633422852,-73.98416137695312,40.729202270507805,N,30,0.10861618874601867,23
id2263262,1,2016-02-19 23:06:23,2016-02-19 23:29:36,1,-73.98432922363281,40.75938415527344,-73.98758697509764,40.72016143798828,N,1393,4.36251882030364,23
id2794669,2,2016-02-29 23:02:12,2016-02-29 23:18:01,1,-73.99768829345702,40.68331146240234,-73.93167877197266,40.705379486083984,N,949,6.122211983999454,23
id0472595,1,2016-01-02 23:26:20,2016-01-02 23:39:39,1,-73.98727416992188,40.74391555786133,-73.99039459228516,40.71941375732422,N,799,2.7326026805094474,23
id2931617,2,2016-02-05 23:40:14,2016-02-05 23:46:32,2,-73.98784637451173,40.73809051513672,-73.98784637451173,40.73809051513672,N,378,0.0,23
id1390883,2,2016-04-11 23:59:42,2016-04-12 00:08:58,5,-73.98065948486328,40.75138854980469,-74.00541687011719,40.74354553222656,N,556,2.277346360551592,23
id3219103,2,2016-06-14 23:28:08,2016-06-14 23:52:34,1,-73.97664642333984,40.74926376342773,-73.99159240722656,40.68952178955078,N,1466,6.751952429171644,23
id0849926,1,2016-04-17 23:18:46,2016-04-17 23:35:44,1,-74.00592803955078,40.74018096923828,-73.95360565185547,40.76702499389648,N,1018,5.353309825440812,23
id1803797,2,2016-04-06 23:32:31,2016-04-06 23:40:02,1,-73.98528289794923,40.759063720703125,-73.97771453857422,40.75385284423828,N,451,0.8651031441789143,23
id3973355,2,2016-05-31 23:24:42,2016-05-31 23:53:40,5,-73.96317291259764,40.774898529052734,-73.94853210449219,40.67679977416992,N,1738,10.959844489100956,23
id2715286,1,2016-01-02 23:01:28,2016-01-02 23:10:31,1,-74.00623321533203,40.740528106689446,-73.98349761962889,40.750274658203125,N,543,2.2147442304821006,23
id3885187,1,2016-06-29 23:13:21,2016-06-29 23:41:14,1,-73.97806549072266,40.786399841308594,-73.95476531982422,40.7344856262207,N,1673,6.093323317057963,23
id1209044,1,2016-06-08 23:05:17,2016-06-08 23:12:44,1,-73.9859619140625,40.72110748291016,-73.98992919921875,40.73338317871094,N,447,1.403709963795197,23
id2114732,2,2016-02-03 23:28:51,2016-02-03 23:35:29,3,-73.97770690917967,40.7579231262207,-73.97866821289062,40.744827270507805,N,398,1.4559347034893564,23
id1155720,1,2016-03-07 23:05:55,2016-03-07 23:27:42,1,-73.98736572265625,40.750579833984375,-73.92254638671875,40.76061248779297,N,1307,5.621061446804405,23
id1111179,1,2016-04-17 23:59:43,2016-04-18 00:15:52,1,-73.86289978027344,40.76910400390625,-73.98470306396483,40.6965217590332,N,969,13.118676082831415,23
id0578886,2,2016-02-08 23:31:05,2016-02-08 23:49:43,1,-73.98734283447266,40.76068115234375,-73.95060729980467,40.725860595703125,N,1118,4.968801783286865,23
id2542369,2,2016-06-09 23:19:24,2016-06-09 23:31:04,4,-73.97899627685547,40.7620964050293,-73.98764038085938,40.744258880615234,N,700,2.111899166869698,23
id1925863,2,2016-05-16 23:18:06,2016-05-16 23:27:48,5,-73.98873138427734,40.76367950439453,-74.00289916992188,40.73563003540039,N,582,3.3382739559050996,23
id3608429,2,2016-01-22 23:20:48,2016-01-22 23:32:37,1,-73.9553451538086,40.7701416015625,-73.97428131103516,40.74414825439453,N,709,3.303855406036719,23
id0477440,2,2016-05-10 23:29:42,2016-05-10 23:37:55,1,-73.9944076538086,40.74037551879882,-74.00135040283203,40.7275276184082,N,493,1.5433947262615884,23
